OrderItemID,OrderID,ProductID,Quantity,UnitPrice,DiscountPercent
1,1,75,2,1492.83,0
2,1,35,2,561.28,0
3,1,34,1,695.58,20
4,1,96,1,906.76,10
5,1,29,3,349.55,15
6,2,62,3,516.52,15
7,2,76,1,590.41,20
8,3,68,1,2338.01,5
9,3,19,2,3416.16,10
10,4,14,2,3098.08,15
11,5,20,5,3781.07,5
12,5,40,3,529.21,0
13,5,21,1,4952.86,5
14,6,37,4,390.29,0
15,6,100,1,24.52,5
16,7,19,3,3416.16,0
17,7,26,2,346.72,0
18,7,96,1,906.76,5
19,7,97,2,432.22,0
20,7,64,1,1286.95,0
21,8,30,2,432.14,20
22,8,71,1,883.45,0
23,9,49,1,367.35,5
24,9,91,1,819.85,10
25,10,11,1,4132.08,0
26,10,93,1,120.43,0
27,10,86,4,996.16,5
28,11,100,3,24.52,0
29,12,5,2,619.41,0
30,12,62,4,516.52,5
31,12,38,1,247.54,0
32,13,46,4,414.49,5
33,13,19,1,3416.16,0
34,13,76,3,590.41,0
35,13,77,1,170.07,0
36,13,49,3,367.35,10
37,14,22,1,3580.76,0
38,14,80,1,257.52,0
39,14,56,1,455.89,0
40,14,79,2,246.68,15
41,14,60,2,1248.31,10
42,15,12,1,4879.02,30
43,15,61,3,1903.97,0
44,15,66,2,2194.97,0
45,16,29,1,349.55,5
46,16,66,1,2194.97,0
47,17,24,1,1704.83,0
48,18,57,1,771.32,10
49,19,94,2,610.76,5
50,19,95,3,639.72,5
51,19,68,1,2338.01,15
52,19,28,5,247.06,0
53,19,51,2,2489.33,20
54,20,71,3,883.45,20
55,21,83,2,250.11,15
56,21,69,2,1368.41,5
57,21,17,1,3360.58,10
58,21,16,1,1547.56,10
59,22,26,2,346.72,5
60,22,2,3,1504.45,10
61,22,39,1,734.47,10
62,23,35,1,561.28,0
63,23,70,1,429.0,0
64,24,94,2,610.76,0
65,24,36,4,530.72,30
66,25,45,1,708.51,0
67,25,13,1,4232.32,0
68,25,20,3,3781.07,5
69,25,34,2,695.58,0
70,26,68,2,2338.01,5
71,26,13,4,4232.32,15
72,26,11,3,4132.08,5
73,27,10,1,935.22,0
74,27,80,1,257.52,0
75,28,51,1,2489.33,5
76,28,44,1,673.75,0
77,28,74,3,952.76,0
78,28,64,3,1286.95,0
79,28,23,2,1530.72,0
80,29,72,2,1230.62,0
81,29,4,1,634.09,0
82,29,71,2,883.45,5
83,29,84,1,310.5,0
84,30,11,1,4132.08,0
85,31,40,1,529.21,5
86,31,37,3,390.29,5
87,31,24,1,1704.83,10
88,31,96,4,906.76,20
89,31,26,3,346.72,0
90,32,78,1,198.04,15
91,32,3,2,4514.81,0
92,33,29,1,349.55,0
93,33,68,2,2338.01,0
94,33,85,1,86.45,0
95,33,4,3,634.09,5
96,33,49,1,367.35,0
97,34,50,2,597.45,15
98,34,73,4,1522.69,5
99,35,97,1,432.22,5
100,35,83,1,250.11,5
101,35,47,1,624.38,0
102,36,60,1,1248.31,10
103,36,87,3,276.22,20
104,36,64,1,1286.95,5
105,37,83,1,250.11,20
106,37,88,2,881.08,5
107,37,71,4,883.45,30
108,38,76,3,590.41,20
109,38,38,5,247.54,0
110,39,22,1,3580.76,15
111,39,49,2,367.35,10
112,40,51,2,2489.33,10
113,40,34,1,695.58,15
114,41,57,1,771.32,15
115,41,96,1,906.76,20
116,41,11,3,4132.08,10
117,42,4,3,634.09,5
118,43,1,1,3377.42,5
119,43,72,1,1230.62,5
120,43,93,1,120.43,0
121,44,45,3,708.51,0
122,44,36,1,530.72,10
123,44,71,1,883.45,0
124,44,5,2,619.41,0
125,45,95,1,639.72,15
126,45,68,1,2338.01,0
127,46,36,3,530.72,15
128,46,12,2,4879.02,0
129,46,46,1,414.49,0
130,46,1,1,3377.42,5
131,46,93,2,120.43,0
132,47,51,1,2489.33,10
133,47,60,5,1248.31,0
134,48,5,1,619.41,0
135,48,32,1,366.62,5
136,49,15,2,1525.54,10
137,49,43,3,64.61,15
138,50,12,1,4879.02,0
139,51,69,2,1368.41,0
140,51,15,1,1525.54,5
141,52,73,1,1522.69,30
142,52,82,3,935.69,0
143,53,42,3,447.77,10
144,53,58,1,1556.29,15
145,54,45,2,708.51,10
146,55,24,1,1704.83,15
147,55,98,1,774.55,5
148,56,82,2,935.69,20
149,56,90,2,987.42,10
150,57,28,1,247.06,5
151,57,73,2,1522.69,20
152,57,15,1,1525.54,0
153,57,17,4,3360.58,20
154,57,25,1,4443.65,10
155,58,2,3,1504.45,10
156,58,63,3,2195.68,15
157,58,75,3,1492.83,5
158,58,9,4,4807.46,10
159,59,39,2,734.47,0
160,59,57,1,771.32,15
161,59,68,1,2338.01,20
162,60,37,2,390.29,15
163,60,89,2,836.24,5
164,61,25,2,4443.65,0
165,61,16,2,1547.56,30
166,61,58,1,1556.29,0
167,62,42,2,447.77,0
168,62,96,1,906.76,5
169,62,80,2,257.52,10
170,63,26,5,346.72,5
171,63,24,1,1704.83,10
172,64,55,2,803.67,10
173,64,80,1,257.52,5
174,65,78,1,198.04,0
175,65,77,2,170.07,20
176,65,85,1,86.45,0
177,65,80,4,257.52,0
178,66,76,1,590.41,0
179,66,16,1,1547.56,20
180,66,46,1,414.49,30
181,67,28,5,247.06,0
182,67,12,1,4879.02,20
183,67,72,1,1230.62,30
184,68,67,2,2498.42,10
185,68,17,2,3360.58,0
186,68,8,4,3641.63,0
187,68,39,1,734.47,0
188,69,63,2,2195.68,10
189,69,77,1,170.07,5
190,69,58,1,1556.29,0
191,69,27,3,248.66,5
192,70,25,1,4443.65,0
193,70,98,1,774.55,5
194,70,66,1,2194.97,5
195,70,18,2,1442.78,10
196,71,11,1,4132.08,5
197,71,44,2,673.75,15
198,71,76,2,590.41,0
199,72,50,3,597.45,10
200,72,14,1,3098.08,5
201,72,87,1,276.22,0
202,73,74,1,952.76,0
203,74,31,1,132.24,0
204,74,43,4,64.61,0
205,75,100,3,24.52,0
206,75,27,1,248.66,0
207,75,48,1,462.35,0
208,76,58,1,1556.29,0
209,76,81,3,427.94,15
210,77,28,2,247.06,0
211,78,32,1,366.62,5
212,78,62,2,516.52,15
213,78,77,2,170.07,15
214,79,95,3,639.72,15
215,79,54,1,784.48,0
216,79,60,2,1248.31,10
217,80,20,1,3781.07,20
218,80,43,4,64.61,0
219,81,94,1,610.76,0
220,81,3,3,4514.81,0
221,82,47,3,624.38,15
222,82,26,4,346.72,0
223,83,82,3,935.69,0
224,84,72,3,1230.62,5
225,84,31,1,132.24,20
226,85,16,1,1547.56,30
227,85,55,2,803.67,15
228,85,72,1,1230.62,5
229,85,85,3,86.45,0
230,86,96,1,906.76,0
231,86,75,1,1492.83,20
232,86,12,2,4879.02,10
233,86,4,1,634.09,5
234,86,65,1,849.57,0
235,87,79,2,246.68,0
236,88,5,4,619.41,30
237,88,68,2,2338.01,0
238,88,74,1,952.76,10
239,89,77,1,170.07,0
240,89,11,1,4132.08,0
241,89,12,2,4879.02,10
242,90,74,1,952.76,20
243,90,56,2,455.89,5
244,90,32,2,366.62,20
245,91,9,2,4807.46,20
246,91,72,2,1230.62,0
247,91,69,1,1368.41,10
248,91,79,1,246.68,0
249,91,28,1,247.06,5
250,92,38,1,247.54,0
251,93,20,3,3781.07,15
252,93,94,1,610.76,0
253,94,22,2,3580.76,0
254,94,98,2,774.55,5
255,94,64,2,1286.95,0
256,95,35,1,561.28,10
257,95,79,1,246.68,0
258,95,73,2,1522.69,5
259,95,22,2,3580.76,15
260,96,56,1,455.89,5
261,96,52,1,1438.67,0
262,97,98,3,774.55,20
263,97,2,1,1504.45,30
264,97,72,2,1230.62,0
265,97,73,5,1522.69,0
266,98,19,2,3416.16,5
267,98,32,1,366.62,0
268,98,86,4,996.16,0
269,98,99,1,745.11,0
270,99,87,1,276.22,10
271,99,92,5,939.85,5
272,99,9,1,4807.46,10
273,99,27,1,248.66,15
274,99,66,3,2194.97,0
275,100,86,3,996.16,0
276,100,48,2,462.35,0
277,101,95,1,639.72,10
278,102,34,4,695.58,20
279,102,82,4,935.69,0
280,102,33,1,797.09,0
281,103,33,3,797.09,0
282,104,88,2,881.08,5
283,105,48,1,462.35,0
284,106,74,2,952.76,15
285,106,68,1,2338.01,0
286,106,45,1,708.51,0
287,107,81,4,427.94,10
288,107,34,2,695.58,15
289,107,25,1,4443.65,0
290,108,76,2,590.41,0
291,108,89,1,836.24,0
292,109,96,3,906.76,0
293,109,65,1,849.57,0
294,109,79,1,246.68,10
295,109,10,4,935.22,10
296,109,95,1,639.72,0
297,110,3,2,4514.81,5
298,111,15,3,1525.54,20
299,112,25,4,4443.65,5
300,112,6,2,2952.24,0
301,112,40,1,529.21,0
302,113,18,2,1442.78,15
303,113,14,1,3098.08,0
304,113,52,1,1438.67,0
305,113,71,1,883.45,0
306,114,12,1,4879.02,0
307,114,23,1,1530.72,0
308,115,46,3,414.49,0
309,115,44,1,673.75,20
310,115,66,3,2194.97,0
311,115,3,3,4514.81,0
312,115,54,2,784.48,0
313,116,96,1,906.76,0
314,116,88,4,881.08,30
315,116,56,1,455.89,15
316,116,71,1,883.45,0
317,116,63,1,2195.68,10
318,117,30,3,432.14,0
319,118,35,2,561.28,0
320,118,68,3,2338.01,15
321,118,37,3,390.29,0
322,118,94,3,610.76,0
323,119,23,1,1530.72,10
324,120,81,1,427.94,10
325,120,88,1,881.08,10
326,120,43,1,64.61,5
327,120,95,1,639.72,0
328,121,37,3,390.29,0
329,121,51,1,2489.33,0
330,122,99,2,745.11,10
331,122,48,1,462.35,5
332,123,52,5,1438.67,20
333,123,99,1,745.11,0
334,124,96,1,906.76,0
335,124,35,2,561.28,0
336,125,29,2,349.55,5
337,125,28,3,247.06,5
338,125,81,1,427.94,0
339,125,73,1,1522.69,20
340,126,89,2,836.24,10
341,126,100,5,24.52,10
342,127,76,2,590.41,0
343,127,11,2,4132.08,0
344,127,100,3,24.52,5
345,127,49,2,367.35,0
346,128,50,2,597.45,0
347,128,45,5,708.51,0
348,129,74,1,952.76,15
349,129,26,5,346.72,0
350,129,48,1,462.35,0
351,130,83,1,250.11,0
352,130,42,1,447.77,0
353,130,55,1,803.67,20
354,131,50,1,597.45,15
355,131,95,1,639.72,30
356,131,9,3,4807.46,0
357,132,84,1,310.5,5
358,133,9,1,4807.46,0
359,133,84,2,310.5,5
360,133,60,1,1248.31,10
361,133,7,2,4142.44,15
362,134,7,2,4142.44,0
363,134,11,1,4132.08,0
364,134,36,1,530.72,10
365,134,86,2,996.16,0
366,135,58,1,1556.29,5
367,135,26,1,346.72,0
368,135,82,1,935.69,20
369,135,41,1,621.88,0
370,135,77,3,170.07,5
371,136,59,2,2076.49,0
372,136,37,1,390.29,0
373,136,94,1,610.76,15
374,137,82,1,935.69,0
375,137,61,1,1903.97,0
376,137,25,1,4443.65,5
377,138,48,2,462.35,10
378,138,79,1,246.68,0
379,138,80,2,257.52,10
380,139,19,3,3416.16,5
381,140,49,3,367.35,5
382,141,63,1,2195.68,0
383,142,25,1,4443.65,5
384,142,27,1,248.66,5
385,142,48,1,462.35,5
386,143,95,1,639.72,15
387,143,93,1,120.43,0
388,143,62,2,516.52,5
389,144,62,1,516.52,0
390,144,65,2,849.57,0
391,145,16,2,1547.56,0
392,145,58,2,1556.29,5
393,145,30,2,432.14,20
394,146,73,2,1522.69,0
395,146,84,3,310.5,0
396,146,36,4,530.72,5
397,146,88,1,881.08,0
398,147,10,2,935.22,5
399,147,17,1,3360.58,20
400,148,89,1,836.24,15
401,149,59,1,2076.49,5
402,150,25,2,4443.65,5
403,150,49,5,367.35,5
404,150,76,1,590.41,0
405,151,59,3,2076.49,0
406,151,1,1,3377.42,0
407,152,83,1,250.11,15
408,152,35,3,561.28,0
409,152,14,1,3098.08,5
410,152,8,1,3641.63,0
411,152,92,2,939.85,5
412,153,54,2,784.48,0
413,153,79,3,246.68,0
414,153,80,1,257.52,0
415,154,65,1,849.57,10
416,154,82,1,935.69,5
417,155,83,3,250.11,0
418,155,12,4,4879.02,0
419,156,43,1,64.61,0
420,156,42,1,447.77,0
421,157,50,2,597.45,0
422,157,80,1,257.52,15
423,157,91,3,819.85,0
424,158,50,4,597.45,20
425,158,8,3,3641.63,10
426,159,7,4,4142.44,30
427,159,54,1,784.48,10
428,159,32,1,366.62,0
429,160,98,1,774.55,20
430,160,95,1,639.72,5
431,161,50,1,597.45,0
432,161,66,2,2194.97,10
433,162,35,1,561.28,10
434,162,16,1,1547.56,30
435,162,25,2,4443.65,0
436,162,28,1,247.06,0
437,162,87,1,276.22,0
438,163,61,1,1903.97,0
439,163,71,2,883.45,0
440,164,75,3,1492.83,0
441,165,74,4,952.76,0
442,165,75,1,1492.83,0
443,166,47,4,624.38,5
444,166,89,1,836.24,0
445,166,91,1,819.85,0
446,166,51,2,2489.33,0
447,167,7,2,4142.44,0
448,168,80,2,257.52,0
449,168,65,2,849.57,10
450,169,24,4,1704.83,0
451,170,86,4,996.16,20
452,170,42,1,447.77,5
453,171,41,1,621.88,0
454,172,13,2,4232.32,0
455,172,25,1,4443.65,5
456,172,8,1,3641.63,0
457,173,92,1,939.85,15
458,173,2,4,1504.45,20
459,173,94,1,610.76,0
460,174,2,4,1504.45,15
461,174,18,1,1442.78,0
462,174,41,1,621.88,0
463,174,32,1,366.62,20
464,175,82,4,935.69,10
465,176,91,2,819.85,0
466,176,55,5,803.67,15
467,177,18,1,1442.78,0
468,177,10,1,935.22,0
469,178,90,1,987.42,15
470,178,5,2,619.41,20
471,178,48,1,462.35,15
472,178,10,1,935.22,0
473,179,9,2,4807.46,5
474,179,56,2,455.89,5
475,180,97,1,432.22,10
476,180,93,1,120.43,15
477,180,91,1,819.85,5
478,180,92,4,939.85,30
479,181,100,2,24.52,5
480,181,59,5,2076.49,0
481,181,71,2,883.45,20
482,182,84,1,310.5,0
483,182,30,1,432.14,10
484,183,76,1,590.41,0
485,183,24,2,1704.83,0
486,183,87,3,276.22,30
487,184,62,1,516.52,5
488,185,39,2,734.47,20
489,185,73,1,1522.69,0
490,185,37,1,390.29,0
491,185,85,1,86.45,0
492,186,75,1,1492.83,0
493,186,46,1,414.49,10
494,187,48,2,462.35,0
495,188,25,1,4443.65,0
496,188,91,2,819.85,10
497,188,5,1,619.41,20
498,188,96,1,906.76,5
499,189,87,5,276.22,0
500,189,30,1,432.14,5
501,190,43,1,64.61,20
502,190,94,1,610.76,0
503,190,4,3,634.09,5
504,190,33,3,797.09,20
505,190,9,5,4807.46,20
506,191,28,1,247.06,0
507,191,82,3,935.69,15
508,191,70,2,429.0,0
509,192,40,3,529.21,0
510,192,87,3,276.22,0
511,192,57,2,771.32,0
512,192,95,3,639.72,15
513,192,88,1,881.08,15
514,193,14,5,3098.08,0
515,193,3,1,4514.81,10
516,194,75,2,1492.83,0
517,194,34,4,695.58,15
518,195,54,2,784.48,0
519,195,39,1,734.47,0
520,196,10,2,935.22,0
521,197,67,1,2498.42,0
522,198,69,3,1368.41,10
523,198,58,1,1556.29,5
524,198,83,4,250.11,10
525,199,36,1,530.72,0
526,199,25,1,4443.65,0
527,199,83,1,250.11,0
528,199,40,3,529.21,0
529,199,86,1,996.16,0
530,200,96,2,906.76,10
531,200,59,3,2076.49,10
532,201,30,2,432.14,10
533,202,60,1,1248.31,10
534,202,17,3,3360.58,10
535,202,85,4,86.45,10
536,202,11,4,4132.08,5
537,202,63,1,2195.68,0
538,203,65,1,849.57,0
539,204,69,2,1368.41,5
540,204,11,2,4132.08,0
541,205,29,1,349.55,0
542,205,5,2,619.41,5
543,205,36,3,530.72,10
544,206,29,2,349.55,5
545,206,36,5,530.72,10
546,206,15,2,1525.54,5
547,206,69,3,1368.41,5
548,207,43,1,64.61,10
549,207,80,2,257.52,10
550,208,5,3,619.41,10
551,208,47,2,624.38,10
552,208,36,1,530.72,0
553,209,54,1,784.48,5
554,209,59,2,2076.49,0
555,209,2,2,1504.45,0
556,210,46,2,414.49,10
557,210,88,1,881.08,15
558,210,84,1,310.5,5
559,210,45,2,708.51,5
560,211,68,2,2338.01,30
561,211,69,3,1368.41,0
562,211,76,1,590.41,10
563,211,22,1,3580.76,10
564,211,83,2,250.11,20
565,212,23,1,1530.72,5
566,212,38,1,247.54,0
567,212,52,3,1438.67,30
568,212,14,2,3098.08,0
569,212,89,1,836.24,0
570,213,99,1,745.11,5
571,213,38,2,247.54,0
572,214,3,5,4514.81,5
573,215,32,1,366.62,0
574,216,38,3,247.54,0
575,216,29,1,349.55,0
576,217,79,3,246.68,15
577,217,62,1,516.52,10
578,217,85,1,86.45,5
579,218,60,1,1248.31,10
580,219,74,1,952.76,15
581,219,19,1,3416.16,10
582,219,34,1,695.58,10
583,219,52,1,1438.67,0
584,219,21,1,4952.86,0
585,220,66,1,2194.97,0
586,220,16,3,1547.56,0
587,221,98,1,774.55,0
588,221,59,3,2076.49,5
589,222,89,1,836.24,0
590,223,86,1,996.16,0
591,223,20,1,3781.07,20
592,223,27,1,248.66,0
593,223,16,1,1547.56,0
594,224,7,3,4142.44,30
595,224,5,1,619.41,15
596,224,47,3,624.38,30
597,225,97,3,432.22,10
598,225,47,1,624.38,0
599,226,88,2,881.08,10
600,226,41,1,621.88,0
601,227,69,1,1368.41,10
602,227,36,3,530.72,0
603,227,43,2,64.61,5
604,228,14,1,3098.08,15
605,229,5,1,619.41,0
606,229,24,1,1704.83,0
607,229,25,1,4443.65,20
608,230,83,2,250.11,0
609,230,22,3,3580.76,15
610,231,66,2,2194.97,15
611,231,12,3,4879.02,10
612,231,75,3,1492.83,0
613,232,90,1,987.42,0
614,232,61,4,1903.97,0
615,233,5,1,619.41,0
616,233,40,1,529.21,5
617,233,55,1,803.67,0
618,234,86,1,996.16,15
619,234,59,5,2076.49,10
620,234,47,1,624.38,0
621,234,27,1,248.66,15
622,234,64,1,1286.95,15
623,235,46,1,414.49,0
624,235,94,1,610.76,30
625,236,29,1,349.55,5
626,236,19,1,3416.16,10
627,236,81,3,427.94,5
628,236,96,1,906.76,10
629,237,48,2,462.35,10
630,237,8,2,3641.63,0
631,238,66,4,2194.97,5
632,238,68,2,2338.01,20
633,238,34,1,695.58,5
634,239,73,4,1522.69,10
635,239,54,3,784.48,0
636,239,93,1,120.43,0
637,239,34,1,695.58,0
638,239,44,2,673.75,10
639,240,19,1,3416.16,15
640,240,57,4,771.32,0
641,240,94,1,610.76,0
642,241,17,1,3360.58,15
643,241,61,2,1903.97,0
644,241,50,1,597.45,0
645,242,13,2,4232.32,0
646,242,11,1,4132.08,0
647,242,21,1,4952.86,0
648,243,21,3,4952.86,5
649,243,5,2,619.41,20
650,243,62,2,516.52,0
651,244,54,1,784.48,0
652,244,63,1,2195.68,0
653,244,62,2,516.52,0
654,244,35,3,561.28,5
655,245,54,2,784.48,15
656,245,99,1,745.11,0
657,246,57,3,771.32,0
658,247,33,1,797.09,10
659,247,90,1,987.42,15
660,247,67,1,2498.42,0
661,248,32,4,366.62,0
662,248,15,2,1525.54,5
663,249,86,5,996.16,5
664,249,73,3,1522.69,15
665,250,14,3,3098.08,0
666,250,17,1,3360.58,15
667,250,79,3,246.68,5
668,250,61,4,1903.97,5
669,250,25,3,4443.65,0
670,251,3,1,4514.81,0
671,251,1,2,3377.42,15
672,251,78,4,198.04,5
673,252,36,2,530.72,0
674,252,45,1,708.51,0
675,252,24,1,1704.83,5
676,252,32,3,366.62,10
677,253,15,1,1525.54,0
678,253,59,4,2076.49,0
679,253,47,1,624.38,5
680,253,58,4,1556.29,0
681,253,80,4,257.52,0
682,254,4,1,634.09,0
683,254,7,2,4142.44,10
684,255,88,1,881.08,5
685,255,70,2,429.0,0
686,256,57,4,771.32,5
687,256,23,2,1530.72,0
688,257,44,2,673.75,10
689,257,14,1,3098.08,20
690,258,71,3,883.45,0
691,258,35,4,561.28,0
692,259,50,1,597.45,0
693,260,74,3,952.76,10
694,260,37,3,390.29,20
695,260,14,1,3098.08,5
696,260,55,3,803.67,5
697,261,90,1,987.42,20
698,261,47,1,624.38,15
699,261,69,1,1368.41,30
700,261,41,1,621.88,0
701,262,75,2,1492.83,0
702,262,58,1,1556.29,0
703,263,15,1,1525.54,5
704,263,56,5,455.89,0
705,263,95,1,639.72,5
706,264,1,1,3377.42,0
707,264,38,1,247.54,15
708,265,75,5,1492.83,20
709,265,23,1,1530.72,30
710,266,29,1,349.55,0
711,266,86,1,996.16,0
712,266,93,1,120.43,0
713,266,21,3,4952.86,5
714,267,85,3,86.45,5
715,267,65,1,849.57,0
716,268,50,1,597.45,10
717,268,49,3,367.35,0
718,269,69,1,1368.41,10
719,269,28,1,247.06,20
720,270,32,3,366.62,10
721,271,66,1,2194.97,5
722,272,87,3,276.22,15
723,272,78,1,198.04,0
724,272,57,1,771.32,20
725,273,36,3,530.72,0
726,274,36,1,530.72,20
727,274,94,1,610.76,0
728,274,76,2,590.41,20
729,274,11,1,4132.08,5
730,274,85,1,86.45,0
731,275,63,3,2195.68,0
732,275,39,1,734.47,0
733,276,38,2,247.54,0
734,276,98,1,774.55,0
735,276,70,1,429.0,10
736,277,61,1,1903.97,5
737,277,23,1,1530.72,0
738,277,54,1,784.48,15
739,278,21,2,4952.86,5
740,278,16,3,1547.56,20
741,278,41,2,621.88,10
742,279,34,4,695.58,0
743,279,100,3,24.52,10
744,279,45,1,708.51,0
745,279,54,1,784.48,5
746,279,59,1,2076.49,0
747,280,95,1,639.72,20
748,280,40,3,529.21,10
749,280,48,1,462.35,5
750,281,52,1,1438.67,5
751,281,33,1,797.09,10
752,282,83,2,250.11,15
753,282,18,4,1442.78,0
754,283,80,2,257.52,5
755,283,69,2,1368.41,5
756,284,36,1,530.72,10
757,284,19,2,3416.16,0
758,285,77,3,170.07,5
759,285,69,3,1368.41,0
760,285,60,3,1248.31,0
761,286,26,3,346.72,0
762,286,75,1,1492.83,0
763,286,5,2,619.41,0
764,286,32,1,366.62,20
765,286,21,3,4952.86,10
766,287,33,2,797.09,5
767,287,65,1,849.57,0
768,288,14,1,3098.08,5
769,288,44,1,673.75,20
770,288,10,1,935.22,5
771,289,70,2,429.0,0
772,289,26,1,346.72,0
773,289,84,1,310.5,30
774,290,27,2,248.66,10
775,290,70,2,429.0,0
776,291,69,1,1368.41,20
777,291,19,2,3416.16,10
778,292,100,3,24.52,0
779,292,95,1,639.72,0
780,292,56,1,455.89,10
781,292,17,2,3360.58,5
782,292,34,1,695.58,20
783,293,56,2,455.89,15
784,293,62,1,516.52,0
785,294,64,3,1286.95,30
786,294,10,1,935.22,10
787,294,78,1,198.04,5
788,295,21,1,4952.86,0
789,295,13,1,4232.32,0
790,295,17,1,3360.58,0
791,296,93,1,120.43,0
792,296,35,1,561.28,0
793,297,78,1,198.04,0
794,297,28,1,247.06,0
795,297,87,2,276.22,0
796,297,46,1,414.49,0
797,298,97,2,432.22,0
798,298,68,3,2338.01,0
799,298,37,4,390.29,0
800,298,9,1,4807.46,5
801,299,32,1,366.62,20
802,299,24,2,1704.83,0
803,299,66,1,2194.97,20
804,300,4,1,634.09,10
805,300,80,1,257.52,10
806,301,17,3,3360.58,5
807,301,97,1,432.22,0
808,302,57,1,771.32,0
809,302,17,1,3360.58,0
810,303,13,4,4232.32,0
811,303,24,3,1704.83,0
812,304,96,1,906.76,15
813,304,17,4,3360.58,20
814,304,78,1,198.04,15
815,304,35,1,561.28,0
816,305,80,3,257.52,5
817,306,65,1,849.57,15
818,306,24,2,1704.83,5
819,306,37,2,390.29,0
820,306,58,1,1556.29,0
821,307,77,2,170.07,0
822,307,32,2,366.62,0
823,308,95,1,639.72,0
824,309,91,1,819.85,10
825,310,6,1,2952.24,0
826,310,1,3,3377.42,0
827,310,92,1,939.85,10
828,311,54,1,784.48,30
829,311,76,2,590.41,5
830,311,12,1,4879.02,20
831,311,33,1,797.09,0
832,312,7,2,4142.44,0
833,312,81,2,427.94,0
834,313,28,3,247.06,0
835,313,25,2,4443.65,10
836,313,70,1,429.0,0
837,314,55,4,803.67,0
838,314,83,1,250.11,5
839,314,61,2,1903.97,5
840,315,38,1,247.54,0
841,316,37,3,390.29,10
842,317,53,1,1043.79,0
843,317,68,1,2338.01,0
844,317,37,1,390.29,10
845,317,99,3,745.11,0
846,318,64,2,1286.95,15
847,318,51,1,2489.33,0
848,318,73,1,1522.69,20
849,319,30,1,432.14,15
850,319,91,2,819.85,5
851,319,29,1,349.55,0
852,319,58,3,1556.29,10
853,319,96,1,906.76,5
854,320,93,1,120.43,5
855,320,26,1,346.72,0
856,321,40,3,529.21,0
857,321,28,3,247.06,5
858,321,8,1,3641.63,10
859,321,24,1,1704.83,0
860,321,80,5,257.52,0
861,322,48,2,462.35,20
862,322,5,1,619.41,0
863,322,12,1,4879.02,0
864,323,76,2,590.41,5
865,323,43,4,64.61,10
866,323,26,3,346.72,10
867,324,57,2,771.32,0
868,325,49,1,367.35,15
869,325,78,2,198.04,0
870,325,40,2,529.21,15
871,325,89,2,836.24,0
872,325,72,1,1230.62,0
873,326,22,3,3580.76,5
874,326,74,3,952.76,20
875,326,62,1,516.52,15
876,327,81,2,427.94,20
877,327,39,3,734.47,0
878,328,94,1,610.76,0
879,328,88,2,881.08,30
880,328,35,1,561.28,0
881,328,60,4,1248.31,10
882,328,23,1,1530.72,30
883,329,51,1,2489.33,5
884,329,22,2,3580.76,30
885,329,65,4,849.57,0
886,329,71,3,883.45,0
887,330,98,2,774.55,0
888,330,84,4,310.5,0
889,331,30,1,432.14,5
890,331,86,2,996.16,0
891,331,39,1,734.47,0
892,331,35,2,561.28,0
893,332,18,2,1442.78,0
894,333,78,3,198.04,10
895,333,32,1,366.62,0
896,333,81,1,427.94,10
897,333,79,1,246.68,0
898,333,71,2,883.45,0
899,334,32,1,366.62,10
900,334,51,2,2489.33,0
901,334,82,1,935.69,5
902,334,98,4,774.55,0
903,334,88,1,881.08,5
904,335,32,1,366.62,0
905,335,13,2,4232.32,0
906,335,85,1,86.45,5
907,335,99,5,745.11,20
908,336,44,3,673.75,0
909,336,28,1,247.06,30
910,337,66,1,2194.97,0
911,337,100,1,24.52,0
912,337,62,1,516.52,15
913,337,15,2,1525.54,0
914,338,24,4,1704.83,0
915,339,85,2,86.45,5
916,339,94,2,610.76,10
917,339,93,2,120.43,0
918,340,86,2,996.16,15
919,341,28,1,247.06,10
920,341,23,3,1530.72,5
921,341,34,1,695.58,15
922,341,90,3,987.42,0
923,342,73,2,1522.69,20
924,342,45,2,708.51,0
925,343,13,1,4232.32,0
926,343,96,3,906.76,5
927,343,97,3,432.22,10
928,344,1,1,3377.42,0
929,344,23,1,1530.72,10
930,344,41,1,621.88,5
931,344,13,1,4232.32,20
932,344,43,1,64.61,0
933,345,2,2,1504.45,0
934,345,47,1,624.38,10
935,345,26,1,346.72,0
936,345,10,2,935.22,5
937,345,78,1,198.04,5
938,346,79,1,246.68,10
939,346,63,1,2195.68,0
940,347,38,1,247.54,0
941,347,6,2,2952.24,5
942,348,22,1,3580.76,0
943,349,18,1,1442.78,20
944,349,71,1,883.45,0
945,349,24,1,1704.83,0
946,349,73,1,1522.69,0
947,349,4,1,634.09,5
948,350,23,1,1530.72,0
949,350,39,1,734.47,0
950,351,10,2,935.22,0
951,351,93,3,120.43,0
952,351,12,2,4879.02,0
953,351,59,2,2076.49,20
954,351,7,3,4142.44,0
955,352,4,1,634.09,20
956,352,40,2,529.21,0
957,352,82,1,935.69,30
958,353,36,3,530.72,0
959,353,43,4,64.61,0
960,353,90,1,987.42,0
961,353,53,1,1043.79,10
962,353,64,1,1286.95,0
963,354,60,3,1248.31,5
964,354,98,1,774.55,20
965,354,6,1,2952.24,0
966,354,17,1,3360.58,15
967,355,8,2,3641.63,0
968,355,80,1,257.52,5
969,355,46,1,414.49,5
970,356,22,2,3580.76,5
971,356,80,2,257.52,10
972,356,78,1,198.04,5
973,356,25,2,4443.65,0
974,356,28,2,247.06,0
975,357,69,1,1368.41,0
976,357,37,2,390.29,10
977,358,45,2,708.51,5
978,358,17,2,3360.58,10
979,358,91,1,819.85,30
980,358,31,3,132.24,15
981,359,50,3,597.45,0
982,359,81,1,427.94,0
983,359,21,3,4952.86,0
984,359,8,1,3641.63,30
985,360,54,1,784.48,15
986,361,24,1,1704.83,0
987,361,28,1,247.06,0
988,361,25,4,4443.65,0
989,362,38,1,247.54,0
990,362,19,3,3416.16,30
991,363,83,1,250.11,5
992,363,37,2,390.29,15
993,364,49,3,367.35,5
994,364,31,1,132.24,0
995,364,65,1,849.57,20
996,364,15,2,1525.54,5
997,365,57,1,771.32,20
998,365,23,2,1530.72,0
999,365,33,2,797.09,0
1000,365,94,3,610.76,0
1001,366,48,5,462.35,10
1002,367,36,3,530.72,10
1003,367,62,1,516.52,5
1004,368,22,1,3580.76,10
1005,368,34,1,695.58,30
1006,368,42,4,447.77,5
1007,368,95,2,639.72,0
1008,369,27,2,248.66,5
1009,370,81,2,427.94,10
1010,370,54,1,784.48,5
1011,370,2,1,1504.45,0
1012,370,55,1,803.67,10
1013,370,95,3,639.72,5
1014,371,81,1,427.94,0
1015,371,5,1,619.41,0
1016,371,50,4,597.45,0
1017,371,44,5,673.75,0
1018,371,2,4,1504.45,0
1019,372,22,3,3580.76,5
1020,372,72,1,1230.62,20
1021,372,80,1,257.52,0
1022,372,70,2,429.0,0
1023,372,54,1,784.48,5
1024,373,80,4,257.52,0
1025,373,78,1,198.04,0
1026,373,82,1,935.69,0
1027,373,97,1,432.22,0
1028,374,32,3,366.62,0
1029,374,91,5,819.85,0
1030,375,42,2,447.77,5
1031,375,95,1,639.72,0
1032,375,77,3,170.07,10
1033,376,22,1,3580.76,5
1034,376,76,1,590.41,5
1035,376,30,3,432.14,0
1036,377,40,2,529.21,0
1037,378,35,2,561.28,0
1038,378,94,1,610.76,5
1039,379,44,2,673.75,5
1040,379,56,2,455.89,0
1041,379,95,1,639.72,0
1042,379,4,1,634.09,20
1043,379,18,1,1442.78,15
1044,380,12,1,4879.02,0
1045,380,8,1,3641.63,20
1046,380,65,2,849.57,0
1047,380,38,1,247.54,0
1048,381,78,1,198.04,0
1049,381,82,1,935.69,0
1050,382,98,1,774.55,15
1051,382,94,4,610.76,10
1052,382,76,1,590.41,5
1053,382,43,3,64.61,10
1054,383,94,1,610.76,20
1055,383,96,4,906.76,15
1056,383,20,1,3781.07,15
1057,384,85,1,86.45,0
1058,385,62,2,516.52,0
1059,386,88,3,881.08,15
1060,386,98,1,774.55,5
1061,387,75,1,1492.83,0
1062,387,73,2,1522.69,0
1063,387,79,1,246.68,0
1064,388,11,1,4132.08,0
1065,388,17,3,3360.58,10
1066,388,37,1,390.29,0
1067,389,62,1,516.52,0
1068,389,49,1,367.35,0
1069,389,91,1,819.85,0
1070,389,32,1,366.62,0
1071,389,43,1,64.61,5
1072,390,25,2,4443.65,20
1073,390,58,5,1556.29,0
1074,390,19,1,3416.16,0
1075,391,79,1,246.68,0
1076,391,9,5,4807.46,15
1077,391,62,3,516.52,5
1078,392,37,2,390.29,0
1079,392,12,3,4879.02,10
1080,393,81,1,427.94,5
1081,393,78,1,198.04,20
1082,393,26,1,346.72,0
1083,394,93,4,120.43,5
1084,394,53,3,1043.79,20
1085,394,64,1,1286.95,0
1086,395,8,3,3641.63,5
1087,395,27,3,248.66,0
1088,395,33,3,797.09,0
1089,396,49,2,367.35,0
1090,397,7,2,4142.44,0
1091,397,69,1,1368.41,15
1092,398,87,5,276.22,10
1093,398,96,1,906.76,0
1094,399,49,1,367.35,15
1095,400,50,1,597.45,5
1096,400,57,1,771.32,0
1097,401,56,4,455.89,0
1098,401,21,1,4952.86,10
1099,401,14,1,3098.08,10
1100,402,75,1,1492.83,0
1101,402,59,1,2076.49,0
1102,402,32,1,366.62,0
1103,402,7,3,4142.44,5
1104,403,60,1,1248.31,0
1105,403,99,1,745.11,5
1106,404,76,3,590.41,0
1107,404,86,2,996.16,5
1108,404,92,2,939.85,0
1109,404,39,3,734.47,30
1110,405,56,1,455.89,0
1111,405,33,1,797.09,0
1112,405,99,1,745.11,15
1113,405,42,2,447.77,0
1114,405,19,1,3416.16,10
1115,406,61,2,1903.97,0
1116,406,98,3,774.55,5
1117,406,63,1,2195.68,10
1118,407,63,3,2195.68,20
1119,407,19,2,3416.16,10
1120,408,89,1,836.24,5
1121,409,82,1,935.69,0
1122,409,64,1,1286.95,0
1123,409,31,1,132.24,5
1124,410,88,2,881.08,0
1125,411,23,1,1530.72,10
1126,411,63,2,2195.68,0
1127,412,72,3,1230.62,15
1128,413,12,2,4879.02,15
1129,413,46,2,414.49,0
1130,414,15,1,1525.54,0
1131,414,89,3,836.24,30
1132,414,42,3,447.77,5
1133,415,96,1,906.76,0
1134,415,31,2,132.24,0
1135,416,10,1,935.22,30
1136,416,29,1,349.55,0
1137,417,20,1,3781.07,0
1138,418,19,2,3416.16,5
1139,419,40,3,529.21,5
1140,419,72,2,1230.62,15
1141,419,98,2,774.55,10
1142,419,90,1,987.42,0
1143,420,64,1,1286.95,0
1144,420,81,3,427.94,0
1145,421,73,1,1522.69,0
1146,421,94,4,610.76,0
1147,422,92,1,939.85,30
1148,422,99,3,745.11,15
1149,422,2,3,1504.45,30
1150,423,68,1,2338.01,0
1151,423,47,3,624.38,0
1152,423,86,1,996.16,0
1153,424,63,1,2195.68,0
1154,424,59,2,2076.49,0
1155,424,48,3,462.35,15
1156,425,28,1,247.06,10
1157,425,96,1,906.76,10
1158,425,21,1,4952.86,0
1159,426,42,2,447.77,15
1160,426,17,1,3360.58,10
1161,426,88,1,881.08,15
1162,427,88,2,881.08,5
1163,427,55,5,803.67,10
1164,427,87,2,276.22,5
1165,428,9,1,4807.46,5
1166,428,91,1,819.85,5
1167,428,14,3,3098.08,0
1168,429,30,2,432.14,0
1169,429,51,1,2489.33,0
1170,430,42,2,447.77,0
1171,430,75,5,1492.83,0
1172,431,85,2,86.45,0
1173,432,47,1,624.38,10
1174,432,28,1,247.06,10
1175,433,17,4,3360.58,5
1176,433,89,1,836.24,0
1177,433,58,3,1556.29,0
1178,434,65,2,849.57,0
1179,434,59,2,2076.49,0
1180,435,80,3,257.52,5
1181,435,38,1,247.54,20
1182,436,65,4,849.57,0
1183,436,22,1,3580.76,0
1184,437,74,1,952.76,0
1185,437,12,1,4879.02,0
1186,438,22,4,3580.76,0
1187,438,18,2,1442.78,0
1188,438,91,4,819.85,0
1189,439,17,3,3360.58,0
1190,439,73,2,1522.69,0
1191,439,40,3,529.21,15
1192,439,72,5,1230.62,0
1193,440,70,2,429.0,10
1194,440,69,3,1368.41,15
1195,440,56,3,455.89,5
1196,440,44,2,673.75,5
1197,441,27,2,248.66,10
1198,442,97,3,432.22,5
1199,442,76,1,590.41,5
1200,442,25,1,4443.65,10
1201,442,50,2,597.45,10
1202,443,6,1,2952.24,0
1203,443,57,3,771.32,5
1204,444,71,4,883.45,10
1205,444,13,2,4232.32,15
1206,445,29,1,349.55,5
1207,445,57,1,771.32,5
1208,446,49,1,367.35,5
1209,446,47,1,624.38,15
1210,446,54,1,784.48,15
1211,446,62,1,516.52,5
1212,446,1,1,3377.42,5
1213,447,10,2,935.22,20
1214,447,51,5,2489.33,0
1215,447,33,2,797.09,10
1216,448,85,3,86.45,5
1217,448,7,2,4142.44,0
1218,449,13,4,4232.32,0
1219,449,18,3,1442.78,0
1220,450,66,2,2194.97,5
1221,450,7,1,4142.44,10
1222,451,41,3,621.88,0
1223,451,78,1,198.04,10
1224,452,5,4,619.41,0
1225,452,58,3,1556.29,0
1226,452,27,1,248.66,0
1227,452,67,2,2498.42,5
1228,452,65,1,849.57,0
1229,453,68,1,2338.01,5
1230,454,19,4,3416.16,0
1231,454,14,2,3098.08,10
1232,454,26,2,346.72,0
1233,455,75,2,1492.83,0
1234,456,96,2,906.76,5
1235,456,2,1,1504.45,5
1236,457,95,2,639.72,10
1237,457,76,1,590.41,0
1238,457,5,1,619.41,15
1239,458,81,1,427.94,10
1240,459,41,3,621.88,0
1241,459,10,1,935.22,30
1242,459,26,2,346.72,0
1243,460,84,2,310.5,0
1244,460,25,1,4443.65,10
1245,460,3,2,4514.81,15
1246,461,24,1,1704.83,15
1247,461,50,1,597.45,0
1248,461,97,1,432.22,0
1249,462,14,1,3098.08,15
1250,462,10,1,935.22,0
1251,462,61,1,1903.97,15
1252,462,66,2,2194.97,0
1253,463,30,1,432.14,30
1254,464,41,2,621.88,0
1255,464,57,2,771.32,0
1256,464,35,1,561.28,5
1257,464,5,2,619.41,0
1258,464,46,2,414.49,0
1259,465,97,1,432.22,0
1260,465,60,3,1248.31,0
1261,466,89,1,836.24,0
1262,466,96,1,906.76,0
1263,467,87,5,276.22,10
1264,467,67,2,2498.42,5
1265,467,69,1,1368.41,5
1266,467,19,4,3416.16,0
1267,468,95,1,639.72,10
1268,469,45,1,708.51,0
1269,469,10,5,935.22,0
1270,469,41,1,621.88,30
1271,470,78,2,198.04,0
1272,471,75,1,1492.83,10
1273,472,63,1,2195.68,0
1274,473,39,2,734.47,10
1275,473,96,2,906.76,5
1276,473,45,3,708.51,10
1277,473,49,1,367.35,0
1278,473,26,3,346.72,5
1279,474,82,1,935.69,15
1280,474,18,1,1442.78,0
1281,474,52,2,1438.67,0
1282,475,15,2,1525.54,0
1283,476,89,2,836.24,5
1284,477,95,1,639.72,0
1285,477,33,3,797.09,5
1286,478,72,2,1230.62,5
1287,478,45,1,708.51,0
1288,479,74,3,952.76,10
1289,479,25,4,4443.65,10
1290,479,16,4,1547.56,10
1291,480,97,2,432.22,10
1292,481,24,2,1704.83,0
1293,481,45,2,708.51,0
1294,481,31,1,132.24,0
1295,481,88,2,881.08,20
1296,482,34,1,695.58,0
1297,482,99,1,745.11,20
1298,483,56,1,455.89,5
1299,483,61,1,1903.97,15
1300,483,25,2,4443.65,0
1301,484,65,2,849.57,0
1302,484,75,1,1492.83,0
1303,485,23,4,1530.72,0
1304,485,70,2,429.0,0
1305,485,53,2,1043.79,15
1306,486,27,1,248.66,0
1307,486,3,2,4514.81,5
1308,486,74,1,952.76,10
1309,487,10,1,935.22,5
1310,487,51,1,2489.33,0
1311,488,20,3,3781.07,0
1312,488,66,3,2194.97,0
1313,489,37,1,390.29,15
1314,489,86,1,996.16,10
1315,489,64,3,1286.95,0
1316,489,74,1,952.76,10
1317,490,31,1,132.24,10
1318,490,99,1,745.11,15
1319,491,38,1,247.54,5
1320,491,97,4,432.22,0
1321,492,74,1,952.76,0
1322,493,40,2,529.21,0
1323,494,54,3,784.48,0
1324,494,96,1,906.76,0
1325,494,6,1,2952.24,10
1326,494,95,1,639.72,5
1327,494,85,4,86.45,15
1328,495,40,1,529.21,0
1329,496,70,5,429.0,0
1330,496,37,3,390.29,0
1331,496,41,1,621.88,10
1332,497,28,3,247.06,0
1333,498,2,3,1504.45,0
1334,498,59,1,2076.49,5
1335,498,10,1,935.22,10
1336,499,82,1,935.69,0
1337,499,96,4,906.76,10
1338,499,4,1,634.09,5
1339,499,55,3,803.67,10
1340,499,56,1,455.89,10
1341,500,22,3,3580.76,0
1342,500,38,3,247.54,10
1343,500,97,2,432.22,10
1344,501,76,3,590.41,0
1345,502,51,5,2489.33,5
1346,502,71,1,883.45,15
1347,502,1,3,3377.42,0
1348,502,16,2,1547.56,20
1349,503,77,1,170.07,15
1350,504,22,2,3580.76,0
1351,504,47,1,624.38,30
1352,504,6,2,2952.24,0
1353,505,87,3,276.22,0
1354,506,77,2,170.07,10
1355,506,75,3,1492.83,0
1356,507,4,1,634.09,0
1357,507,67,2,2498.42,15
1358,508,6,3,2952.24,0
1359,508,66,3,2194.97,5
1360,508,41,1,621.88,5
1361,509,16,1,1547.56,0
1362,509,72,1,1230.62,0
1363,509,17,2,3360.58,0
1364,509,28,1,247.06,20
1365,510,2,1,1504.45,10
1366,510,4,2,634.09,20
1367,510,26,1,346.72,5
1368,510,91,1,819.85,0
1369,511,49,1,367.35,0
1370,511,1,1,3377.42,15
1371,512,14,1,3098.08,0
1372,512,19,1,3416.16,5
1373,513,17,3,3360.58,5
1374,514,40,2,529.21,0
1375,514,28,1,247.06,10
1376,515,57,1,771.32,0
1377,515,48,1,462.35,0
1378,516,13,1,4232.32,5
1379,516,55,1,803.67,5
1380,516,26,1,346.72,0
1381,517,79,1,246.68,0
1382,517,66,4,2194.97,0
1383,518,18,3,1442.78,5
1384,518,95,2,639.72,0
1385,518,90,3,987.42,15
1386,519,4,1,634.09,5
1387,519,12,3,4879.02,30
1388,520,63,2,2195.68,15
1389,520,26,1,346.72,20
1390,521,54,1,784.48,0
1391,522,50,4,597.45,0
1392,522,44,3,673.75,0
1393,522,74,2,952.76,5
1394,522,62,4,516.52,20
1395,523,13,3,4232.32,15
1396,523,7,2,4142.44,15
1397,523,67,1,2498.42,15
1398,524,92,4,939.85,15
1399,525,65,1,849.57,10
1400,525,59,4,2076.49,0
1401,525,85,1,86.45,0
1402,526,98,1,774.55,15
1403,526,9,1,4807.46,10
1404,527,15,1,1525.54,10
1405,527,19,2,3416.16,20
1406,528,76,3,590.41,15
1407,528,16,2,1547.56,0
1408,528,22,2,3580.76,0
1409,528,63,3,2195.68,5
1410,529,90,1,987.42,10
1411,530,25,1,4443.65,0
1412,530,60,3,1248.31,5
1413,530,92,1,939.85,5
1414,530,30,1,432.14,10
1415,531,33,1,797.09,0
1416,531,71,2,883.45,10
1417,531,91,1,819.85,0
1418,531,13,3,4232.32,10
1419,532,100,1,24.52,5
1420,532,6,2,2952.24,0
1421,533,65,2,849.57,5
1422,533,85,1,86.45,30
1423,533,43,2,64.61,10
1424,534,48,1,462.35,20
1425,535,25,1,4443.65,0
1426,535,53,1,1043.79,0
1427,536,60,1,1248.31,20
1428,536,72,4,1230.62,0
1429,536,90,5,987.42,0
1430,536,86,2,996.16,10
1431,536,94,2,610.76,0
1432,537,92,1,939.85,5
1433,537,52,4,1438.67,0
1434,538,21,1,4952.86,0
1435,538,45,2,708.51,5
1436,538,49,1,367.35,0
1437,538,8,1,3641.63,0
1438,538,6,5,2952.24,5
1439,539,28,4,247.06,15
1440,539,95,3,639.72,10
1441,540,93,2,120.43,0
1442,541,81,4,427.94,0
1443,541,13,4,4232.32,15
1444,541,63,1,2195.68,0
1445,542,51,1,2489.33,0
1446,542,82,3,935.69,0
1447,542,30,3,432.14,5
1448,542,74,3,952.76,10
1449,542,9,2,4807.46,0
1450,543,14,3,3098.08,10
1451,543,41,1,621.88,0
1452,543,91,1,819.85,30
1453,544,18,3,1442.78,15
1454,544,20,2,3781.07,0
1455,545,37,2,390.29,0
1456,545,84,5,310.5,15
1457,545,1,5,3377.42,0
1458,545,42,2,447.77,5
1459,545,30,1,432.14,5
1460,546,71,3,883.45,20
1461,547,43,1,64.61,0
1462,548,57,2,771.32,0
1463,548,72,1,1230.62,0
1464,548,97,1,432.22,10
1465,548,84,2,310.5,0
1466,549,21,1,4952.86,10
1467,549,80,1,257.52,0
1468,549,48,4,462.35,15
1469,549,5,4,619.41,0
1470,549,72,1,1230.62,5
1471,550,52,1,1438.67,5
1472,550,32,1,366.62,0
1473,550,41,1,621.88,5
1474,551,89,1,836.24,0
1475,551,47,1,624.38,30
1476,551,10,1,935.22,10
1477,551,75,1,1492.83,5
1478,552,9,2,4807.46,10
1479,553,35,1,561.28,0
1480,554,41,4,621.88,0
1481,554,20,1,3781.07,0
1482,555,34,2,695.58,30
1483,555,100,1,24.52,10
1484,555,58,1,1556.29,0
1485,555,6,2,2952.24,10
1486,556,85,1,86.45,0
1487,556,33,2,797.09,5
1488,556,32,3,366.62,15
1489,557,66,4,2194.97,10
1490,557,15,2,1525.54,5
1491,557,63,3,2195.68,0
1492,557,97,3,432.22,5
1493,558,35,1,561.28,0
1494,558,3,5,4514.81,10
1495,558,25,2,4443.65,0
1496,559,91,2,819.85,15
1497,559,29,2,349.55,0
1498,559,44,1,673.75,0
1499,559,83,1,250.11,0
1500,559,67,1,2498.42,5
1501,560,38,4,247.54,15
1502,561,19,2,3416.16,0
1503,561,65,2,849.57,10
1504,561,15,1,1525.54,0
1505,561,20,2,3781.07,15
1506,562,89,2,836.24,0
1507,562,93,3,120.43,0
1508,562,42,1,447.77,10
1509,563,88,1,881.08,0
1510,563,46,1,414.49,15
1511,564,81,5,427.94,15
1512,564,13,1,4232.32,5
1513,564,28,3,247.06,0
1514,564,3,1,4514.81,0
1515,564,37,3,390.29,5
1516,565,17,1,3360.58,5
1517,565,99,1,745.11,10
1518,566,63,1,2195.68,10
1519,566,50,2,597.45,20
1520,566,33,1,797.09,5
1521,566,13,1,4232.32,10
1522,566,24,3,1704.83,0
1523,567,5,1,619.41,0
1524,567,67,1,2498.42,5
1525,567,29,1,349.55,5
1526,567,48,2,462.35,5
1527,568,79,1,246.68,5
1528,568,26,3,346.72,0
1529,569,31,1,132.24,15
1530,570,30,1,432.14,10
1531,570,33,2,797.09,20
1532,571,61,3,1903.97,20
1533,571,72,3,1230.62,15
1534,571,96,3,906.76,15
1535,572,87,1,276.22,0
1536,572,4,4,634.09,0
1537,573,37,3,390.29,0
1538,573,35,5,561.28,0
1539,573,59,1,2076.49,10
1540,573,29,1,349.55,10
1541,574,56,4,455.89,5
1542,574,85,3,86.45,5
1543,574,96,2,906.76,5
1544,574,55,1,803.67,20
1545,575,8,1,3641.63,5
1546,576,60,1,1248.31,0
1547,576,72,2,1230.62,5
1548,577,45,1,708.51,20
1549,577,83,1,250.11,5
1550,577,29,4,349.55,0
1551,578,98,1,774.55,5
1552,578,64,1,1286.95,0
1553,579,14,2,3098.08,15
1554,580,13,4,4232.32,0
1555,581,30,1,432.14,10
1556,581,92,2,939.85,5
1557,581,49,1,367.35,0
1558,581,25,2,4443.65,5
1559,581,68,4,2338.01,15
1560,582,32,3,366.62,10
1561,582,48,1,462.35,10
1562,582,85,2,86.45,5
1563,582,65,2,849.57,5
1564,583,41,1,621.88,0
1565,584,83,4,250.11,30
1566,584,61,2,1903.97,10
1567,584,76,2,590.41,5
1568,585,92,2,939.85,0
1569,585,54,2,784.48,0
1570,586,75,5,1492.83,5
1571,586,18,2,1442.78,20
1572,586,91,1,819.85,0
1573,587,28,1,247.06,0
1574,587,64,1,1286.95,5
1575,588,46,4,414.49,10
1576,588,38,2,247.54,5
1577,588,99,2,745.11,10
1578,588,73,1,1522.69,5
1579,589,4,1,634.09,5
1580,590,54,1,784.48,0
1581,590,77,1,170.07,0
1582,591,99,2,745.11,0
1583,591,97,2,432.22,15
1584,591,98,2,774.55,10
1585,591,6,2,2952.24,10
1586,592,35,3,561.28,0
1587,592,21,5,4952.86,20
1588,592,85,1,86.45,0
1589,592,23,1,1530.72,15
1590,592,62,4,516.52,5
1591,593,20,1,3781.07,15
1592,593,96,1,906.76,0
1593,593,43,1,64.61,0
1594,594,62,1,516.52,10
1595,594,64,3,1286.95,15
1596,595,62,1,516.52,0
1597,595,42,2,447.77,5
1598,596,61,1,1903.97,5
1599,596,62,3,516.52,10
1600,597,85,5,86.45,5
1601,598,51,5,2489.33,5
1602,598,91,2,819.85,10
1603,599,96,3,906.76,10
1604,599,12,1,4879.02,10
1605,599,59,1,2076.49,0
1606,599,16,1,1547.56,0
1607,600,74,1,952.76,10
1608,600,48,1,462.35,10
1609,600,92,1,939.85,0
1610,600,19,1,3416.16,5
1611,600,47,1,624.38,15
1612,601,35,2,561.28,0
1613,601,93,1,120.43,10
1614,601,54,3,784.48,0
1615,601,96,4,906.76,5
1616,602,57,1,771.32,0
1617,603,98,1,774.55,15
1618,603,5,1,619.41,0
1619,603,75,1,1492.83,0
1620,604,16,3,1547.56,10
1621,605,8,2,3641.63,20
1622,605,58,3,1556.29,0
1623,606,65,1,849.57,0
1624,606,14,3,3098.08,15
1625,607,61,5,1903.97,5
1626,607,96,1,906.76,20
1627,607,81,3,427.94,5
1628,608,70,1,429.0,0
1629,608,51,1,2489.33,10
1630,608,57,1,771.32,0
1631,609,78,2,198.04,0
1632,609,50,2,597.45,20
1633,609,98,1,774.55,5
1634,610,90,1,987.42,5
1635,610,14,1,3098.08,0
1636,611,32,1,366.62,5
1637,612,64,1,1286.95,10
1638,613,68,2,2338.01,5
1639,613,35,3,561.28,5
1640,613,23,2,1530.72,0
1641,613,90,2,987.42,10
1642,613,81,1,427.94,5
1643,614,86,1,996.16,0
1644,614,4,1,634.09,10
1645,614,56,2,455.89,0
1646,615,70,1,429.0,0
1647,615,57,3,771.32,0
1648,615,68,1,2338.01,5
1649,615,79,1,246.68,0
1650,615,64,1,1286.95,0
1651,616,67,3,2498.42,0
1652,616,32,2,366.62,10
1653,616,14,2,3098.08,5
1654,617,95,3,639.72,10
1655,617,40,2,529.21,0
1656,618,68,1,2338.01,20
1657,619,88,2,881.08,0
1658,619,54,1,784.48,0
1659,619,63,2,2195.68,5
1660,620,25,3,4443.65,10
1661,620,50,1,597.45,0
1662,621,36,2,530.72,0
1663,621,96,1,906.76,0
1664,622,89,1,836.24,0
1665,622,56,1,455.89,0
1666,622,22,3,3580.76,0
1667,622,65,1,849.57,0
1668,623,2,1,1504.45,10
1669,623,41,1,621.88,20
1670,623,82,2,935.69,0
1671,624,76,1,590.41,0
1672,624,63,1,2195.68,10
1673,625,15,2,1525.54,0
1674,625,78,5,198.04,0
1675,626,57,2,771.32,5
1676,626,83,1,250.11,10
1677,627,84,1,310.5,10
1678,627,47,2,624.38,0
1679,628,93,1,120.43,0
1680,628,77,1,170.07,5
1681,628,50,1,597.45,0
1682,628,9,1,4807.46,5
1683,628,56,1,455.89,0
1684,629,80,2,257.52,0
1685,629,11,1,4132.08,5
1686,629,71,5,883.45,0
1687,629,97,2,432.22,0
1688,630,76,1,590.41,10
1689,631,49,2,367.35,0
1690,631,42,2,447.77,0
1691,632,38,3,247.54,0
1692,632,53,2,1043.79,15
1693,632,17,1,3360.58,0
1694,632,85,1,86.45,10
1695,632,95,3,639.72,20
1696,633,75,2,1492.83,30
1697,633,86,1,996.16,10
1698,634,1,2,3377.42,0
1699,634,68,1,2338.01,5
1700,634,63,3,2195.68,30
1701,635,55,1,803.67,5
1702,635,32,2,366.62,10
1703,636,50,1,597.45,5
1704,636,53,3,1043.79,30
1705,636,4,3,634.09,10
1706,636,73,1,1522.69,10
1707,637,18,1,1442.78,15
1708,637,77,2,170.07,10
1709,638,3,1,4514.81,20
1710,638,57,1,771.32,5
1711,638,79,1,246.68,0
1712,639,86,1,996.16,0
1713,639,11,1,4132.08,5
1714,639,95,3,639.72,10
1715,640,82,1,935.69,15
1716,641,71,5,883.45,0
1717,641,59,1,2076.49,10
1718,641,86,2,996.16,0
1719,641,5,2,619.41,5
1720,642,67,1,2498.42,0
1721,643,95,1,639.72,0
1722,643,90,2,987.42,0
1723,643,4,1,634.09,0
1724,643,45,1,708.51,0
1725,644,62,2,516.52,10
1726,644,67,1,2498.42,10
1727,644,43,1,64.61,5
1728,644,29,1,349.55,15
1729,644,58,2,1556.29,15
1730,645,68,1,2338.01,20
1731,645,28,1,247.06,10
1732,645,5,3,619.41,0
1733,646,69,1,1368.41,0
1734,647,61,1,1903.97,10
1735,647,62,3,516.52,0
1736,647,48,1,462.35,10
1737,647,45,2,708.51,20
1738,647,73,1,1522.69,0
1739,648,89,3,836.24,10
1740,649,71,2,883.45,15
1741,649,9,2,4807.46,0
1742,649,4,2,634.09,10
1743,650,6,1,2952.24,0
1744,650,68,1,2338.01,10
1745,650,3,2,4514.81,0
1746,651,52,1,1438.67,0
1747,651,49,2,367.35,0
1748,652,49,1,367.35,0
1749,652,56,1,455.89,0
1750,653,40,1,529.21,20
1751,654,18,1,1442.78,15
1752,654,17,2,3360.58,10
1753,654,81,1,427.94,5
1754,655,84,2,310.5,5
1755,655,45,2,708.51,10
1756,656,51,1,2489.33,0
1757,656,28,1,247.06,20
1758,656,72,1,1230.62,10
1759,656,52,1,1438.67,10
1760,657,83,1,250.11,5
1761,657,86,3,996.16,10
1762,658,32,2,366.62,10
1763,658,86,1,996.16,20
1764,659,3,5,4514.81,5
1765,659,35,3,561.28,0
1766,659,90,2,987.42,0
1767,660,74,1,952.76,0
1768,661,58,1,1556.29,5
1769,661,27,4,248.66,20
1770,661,10,4,935.22,0
1771,662,30,1,432.14,0
1772,662,81,1,427.94,0
1773,662,70,1,429.0,0
1774,662,38,1,247.54,0
1775,663,29,1,349.55,5
1776,663,54,1,784.48,10
1777,663,14,4,3098.08,20
1778,663,17,3,3360.58,20
1779,664,47,2,624.38,5
1780,664,5,2,619.41,5
1781,665,29,3,349.55,0
1782,665,12,1,4879.02,0
1783,666,11,1,4132.08,0
1784,666,34,1,695.58,0
1785,666,99,1,745.11,0
1786,666,33,2,797.09,0
1787,666,58,4,1556.29,5
1788,667,48,2,462.35,10
1789,667,33,1,797.09,10
1790,667,12,1,4879.02,5
1791,668,55,1,803.67,5
1792,668,18,1,1442.78,0
1793,669,22,3,3580.76,10
1794,669,40,1,529.21,0
1795,670,40,3,529.21,0
1796,670,56,1,455.89,0
1797,670,34,1,695.58,0
1798,671,72,1,1230.62,10
1799,671,26,3,346.72,0
1800,672,89,1,836.24,0
1801,673,35,1,561.28,5
1802,673,17,1,3360.58,5
1803,673,81,2,427.94,0
1804,674,23,1,1530.72,0
1805,674,90,1,987.42,10
1806,674,2,2,1504.45,5
1807,674,57,1,771.32,0
1808,675,58,1,1556.29,0
1809,675,32,1,366.62,0
1810,676,79,4,246.68,15
1811,676,43,2,64.61,10
1812,677,58,1,1556.29,10
1813,677,82,5,935.69,5
1814,677,91,1,819.85,0
1815,678,64,5,1286.95,10
1816,678,21,1,4952.86,10
1817,679,1,1,3377.42,15
1818,679,88,2,881.08,0
1819,679,43,1,64.61,20
1820,680,27,1,248.66,0
1821,680,14,1,3098.08,10
1822,680,62,1,516.52,10
1823,681,86,1,996.16,0
1824,681,94,3,610.76,0
1825,681,13,2,4232.32,15
1826,681,66,1,2194.97,10
1827,682,83,1,250.11,10
1828,682,47,1,624.38,20
1829,682,25,1,4443.65,15
1830,682,10,3,935.22,0
1831,682,15,2,1525.54,0
1832,683,24,2,1704.83,0
1833,683,31,1,132.24,20
1834,684,19,2,3416.16,0
1835,684,40,4,529.21,5
1836,684,64,2,1286.95,15
1837,685,83,1,250.11,0
1838,685,13,1,4232.32,0
1839,685,100,3,24.52,15
1840,685,32,1,366.62,0
1841,686,68,2,2338.01,5
1842,686,9,1,4807.46,5
1843,686,5,1,619.41,30
1844,687,71,3,883.45,15
1845,687,12,4,4879.02,0
1846,688,61,5,1903.97,0
1847,688,26,1,346.72,5
1848,688,7,2,4142.44,0
1849,688,68,1,2338.01,10
1850,688,88,1,881.08,0
1851,689,23,5,1530.72,5
1852,690,42,2,447.77,15
1853,690,84,2,310.5,0
1854,690,58,1,1556.29,0
1855,691,77,3,170.07,0
1856,692,87,4,276.22,0
1857,692,23,1,1530.72,10
1858,693,38,3,247.54,5
1859,693,63,2,2195.68,0
1860,693,99,2,745.11,0
1861,694,81,1,427.94,10
1862,694,74,1,952.76,5
1863,695,62,5,516.52,5
1864,695,45,1,708.51,5
1865,695,47,2,624.38,0
1866,696,96,2,906.76,0
1867,696,60,1,1248.31,5
1868,696,5,1,619.41,0
1869,697,65,1,849.57,15
1870,697,1,1,3377.42,0
1871,697,37,1,390.29,0
1872,698,80,2,257.52,20
1873,699,1,1,3377.42,30
1874,699,56,1,455.89,0
1875,700,36,3,530.72,20
1876,700,17,1,3360.58,0
1877,701,20,1,3781.07,0
1878,701,25,3,4443.65,5
1879,701,14,2,3098.08,10
1880,701,1,2,3377.42,0
1881,701,9,2,4807.46,10
1882,702,97,3,432.22,0
1883,703,82,5,935.69,0
1884,703,46,1,414.49,0
1885,703,21,1,4952.86,20
1886,703,54,1,784.48,20
1887,704,97,5,432.22,0
1888,704,49,2,367.35,0
1889,704,62,1,516.52,15
1890,705,37,2,390.29,0
1891,705,11,1,4132.08,0
1892,706,88,2,881.08,0
1893,706,80,1,257.52,5
1894,706,64,4,1286.95,10
1895,707,68,1,2338.01,15
1896,707,77,1,170.07,0
1897,707,92,4,939.85,0
1898,707,15,2,1525.54,0
1899,708,40,1,529.21,20
1900,708,47,1,624.38,5
1901,708,54,3,784.48,0
1903,709,41,1,621.88,10
1904,709,84,1,310.5,15
1905,710,12,3,4879.02,0
1906,710,64,1,1286.95,0
1907,710,52,1,1438.67,0
1908,711,12,4,4879.02,5
1909,711,86,1,996.16,0
1910,712,76,1,590.41,0
1911,712,49,1,367.35,10
1912,713,95,3,639.72,10
1913,713,41,3,621.88,20
1914,713,38,3,247.54,0
1915,713,17,1,3360.58,10
1916,714,85,5,86.45,0
1917,714,91,3,819.85,15
1918,715,56,4,455.89,0
1919,715,19,4,3416.16,0
1920,715,36,5,530.72,10
1921,716,55,1,803.67,20
1922,716,66,2,2194.97,5
1923,716,34,1,695.58,0
1924,716,52,2,1438.67,0
1925,717,64,1,1286.95,0
1926,717,37,4,390.29,0
1927,717,55,3,803.67,0
1928,717,33,1,797.09,0
1929,718,28,1,247.06,10
1930,718,61,2,1903.97,10
1931,718,84,2,310.5,0
1932,719,77,1,170.07,0
1933,719,88,3,881.08,5
1934,720,15,3,1525.54,30
1935,720,72,1,1230.62,0
1936,721,36,1,530.72,0
1937,721,82,2,935.69,10
1938,721,37,2,390.29,0
1939,721,63,3,2195.68,0
1940,722,99,1,745.11,15
1941,722,47,1,624.38,10
1942,723,41,3,621.88,0
1943,723,7,4,4142.44,0
1944,723,33,1,797.09,0
1945,723,1,2,3377.42,0
1946,724,42,4,447.77,0
1947,724,93,4,120.43,0
1948,724,85,1,86.45,0
1949,725,51,3,2489.33,15
1950,725,27,1,248.66,5
1951,725,95,1,639.72,0
1952,726,93,2,120.43,15
1953,726,82,2,935.69,5
1954,726,49,2,367.35,0
1955,726,23,3,1530.72,0
1956,727,16,1,1547.56,10
1957,727,59,3,2076.49,20
1958,727,75,1,1492.83,5
1959,727,43,1,64.61,10
1960,727,78,1,198.04,20
1961,728,16,1,1547.56,20
1962,728,55,1,803.67,0
1963,728,23,2,1530.72,0
1964,728,89,1,836.24,10
1965,729,24,2,1704.83,0
1966,729,13,1,4232.32,15
1967,729,87,1,276.22,5
1968,729,40,1,529.21,0
1969,730,85,5,86.45,20
1970,730,43,3,64.61,15
1971,731,1,1,3377.42,10
1972,731,99,2,745.11,15
1973,731,74,2,952.76,0
1974,732,63,1,2195.68,5
1975,732,27,2,248.66,10
1976,732,59,4,2076.49,0
1977,732,75,1,1492.83,10
1978,733,31,1,132.24,0
1979,733,84,1,310.5,0
1980,733,27,3,248.66,5
1981,734,100,1,24.52,10
1982,734,37,1,390.29,20
1983,734,92,2,939.85,5
1984,734,94,1,610.76,15
1985,734,14,1,3098.08,10
1986,735,27,1,248.66,5
1987,735,75,1,1492.83,20
1988,735,14,1,3098.08,0
1989,736,15,1,1525.54,5
1990,736,55,2,803.67,0
1991,736,95,1,639.72,0
1992,736,71,4,883.45,0
1993,736,24,2,1704.83,10
1994,737,70,2,429.0,0
1995,737,1,2,3377.42,0
1996,737,26,1,346.72,0
1997,737,57,1,771.32,0
1998,738,41,3,621.88,0
1999,738,40,1,529.21,0
2000,738,4,2,634.09,0
2001,738,57,1,771.32,10
2002,739,100,2,24.52,5
2003,739,66,2,2194.97,0
2004,739,4,3,634.09,20
2005,740,62,5,516.52,20
2006,740,76,2,590.41,0
2007,741,48,1,462.35,0
2008,742,31,1,132.24,0
2009,742,28,2,247.06,5
2010,742,96,2,906.76,10
2011,742,5,1,619.41,10
2012,743,56,2,455.89,30
2013,744,44,1,673.75,0
2014,744,96,1,906.76,10
2015,744,29,1,349.55,0
2016,745,100,1,24.52,0
2017,745,28,1,247.06,5
2018,746,2,1,1504.45,15
2019,746,37,1,390.29,0
2020,746,48,2,462.35,0
2021,746,67,1,2498.42,0
2022,747,42,4,447.77,5
2023,747,8,2,3641.63,15
2024,747,99,1,745.11,0
2025,747,55,2,803.67,15
2026,748,96,1,906.76,20
2027,748,94,1,610.76,10
2028,748,5,2,619.41,30
2029,748,80,1,257.52,15
2030,748,45,4,708.51,15
2031,749,96,1,906.76,30
2032,749,34,2,695.58,10
2033,749,36,3,530.72,0
2034,749,42,1,447.77,0
2035,749,56,4,455.89,20
2036,750,48,1,462.35,0
2037,750,89,3,836.24,10
2038,750,86,2,996.16,5
2039,750,42,2,447.77,20
2040,750,54,1,784.48,0
2041,751,39,2,734.47,0
2042,751,5,1,619.41,15
2043,751,45,3,708.51,0
2044,752,33,5,797.09,15
2045,752,1,1,3377.42,0
2046,753,33,2,797.09,10
2047,753,80,2,257.52,0
2048,753,60,1,1248.31,15
2049,753,50,2,597.45,0
2050,754,41,1,621.88,0
2051,754,57,1,771.32,0
2052,755,65,1,849.57,0
2053,756,46,1,414.49,0
2054,756,23,2,1530.72,0
2055,756,88,1,881.08,0
2056,756,85,3,86.45,10
2057,757,81,2,427.94,15
2058,757,56,3,455.89,10
2059,758,99,2,745.11,10
2060,758,13,1,4232.32,5
2061,758,81,1,427.94,0
2062,758,6,4,2952.24,5
2063,759,36,1,530.72,5
2064,759,49,4,367.35,10
2065,759,76,1,590.41,0
2066,759,54,2,784.48,15
2067,759,37,3,390.29,15
2068,760,35,2,561.28,20
2069,760,96,2,906.76,10
2070,760,88,1,881.08,30
2071,761,35,4,561.28,5
2072,762,40,1,529.21,10
2073,762,3,2,4514.81,0
2074,762,1,5,3377.42,5
2075,762,74,1,952.76,15
2076,762,85,1,86.45,20
2077,763,62,2,516.52,15
2078,763,51,3,2489.33,0
2079,763,86,2,996.16,0
2080,763,82,1,935.69,0
2081,764,16,3,1547.56,0
2082,764,55,1,803.67,0
2083,764,17,4,3360.58,10
2084,765,16,2,1547.56,0
2085,766,17,2,3360.58,0
2086,766,44,3,673.75,20
2087,766,74,1,952.76,0
2088,766,85,3,86.45,0
2089,767,84,3,310.5,10
2090,767,56,2,455.89,0
2091,767,94,1,610.76,0
2092,768,62,1,516.52,5
2093,768,15,3,1525.54,0
2094,769,96,1,906.76,5
2095,769,3,1,4514.81,5
2096,769,90,2,987.42,5
2097,769,11,1,4132.08,30
2098,769,47,1,624.38,20
2099,770,71,1,883.45,5
2100,770,35,4,561.28,10
2101,770,46,1,414.49,10
2102,770,44,5,673.75,20
2103,770,94,1,610.76,15
2104,771,100,1,24.52,0
2105,771,2,2,1504.45,0
2106,771,88,1,881.08,5
2107,771,58,2,1556.29,10
2108,771,21,2,4952.86,20
2109,772,83,5,250.11,0
2110,773,55,2,803.67,0
2111,773,79,1,246.68,0
2112,774,83,4,250.11,0
2113,774,99,2,745.11,20
2114,774,77,2,170.07,0
2115,775,62,3,516.52,5
2116,775,64,1,1286.95,0
2117,776,9,1,4807.46,10
2118,776,76,2,590.41,15
2119,777,23,2,1530.72,0
2120,777,44,2,673.75,5
2121,778,62,1,516.52,10
2122,778,80,1,257.52,0
2123,778,66,3,2194.97,10
2124,779,27,4,248.66,0
2125,780,56,3,455.89,0
2126,780,74,2,952.76,0
2127,780,92,2,939.85,5
2128,780,23,1,1530.72,0
2129,781,54,1,784.48,0
2130,781,34,1,695.58,0
2131,781,6,1,2952.24,0
2132,781,32,5,366.62,0
2133,782,30,2,432.14,30
2134,783,78,2,198.04,5
2135,783,50,4,597.45,5
2136,783,56,1,455.89,15
2137,783,88,2,881.08,0
2138,783,83,1,250.11,0
2139,784,62,1,516.52,10
2140,784,31,1,132.24,15
2141,785,58,2,1556.29,5
2142,785,61,1,1903.97,0
2143,785,18,1,1442.78,0
2144,786,57,2,771.32,15
2145,787,40,2,529.21,5
2146,787,87,1,276.22,5
2147,787,100,2,24.52,0
2148,788,86,3,996.16,0
2149,788,68,1,2338.01,0
2150,788,73,1,1522.69,0
2151,789,50,1,597.45,10
2152,789,79,3,246.68,0
2153,789,11,2,4132.08,0
2154,789,7,3,4142.44,10
2155,790,10,2,935.22,0
2156,790,86,1,996.16,0
2157,791,73,3,1522.69,10
2158,791,9,1,4807.46,20
2159,791,18,1,1442.78,20
2160,791,77,1,170.07,15
2161,792,11,1,4132.08,0
2162,792,75,1,1492.83,10
2163,793,48,3,462.35,0
2164,793,51,1,2489.33,0
2165,793,57,2,771.32,10
2166,794,73,1,1522.69,0
2167,794,25,4,4443.65,30
2168,795,14,2,3098.08,30
2169,796,28,3,247.06,0
2170,796,59,3,2076.49,10
2171,796,31,4,132.24,0
2172,796,77,1,170.07,5
2173,796,62,3,516.52,0
2174,797,34,1,695.58,0
2175,797,2,1,1504.45,0
2176,797,1,1,3377.42,10
2177,798,35,2,561.28,15
2178,798,32,1,366.62,10
2179,798,44,1,673.75,20
2180,798,70,1,429.0,0
2181,799,9,1,4807.46,5
2182,799,91,4,819.85,15
2183,800,20,1,3781.07,10
2184,800,62,2,516.52,20
2185,801,63,1,2195.68,20
2186,801,78,3,198.04,0
2187,801,56,1,455.89,0
2188,801,54,1,784.48,0
2189,802,76,3,590.41,10
2190,803,15,2,1525.54,15
2191,803,100,3,24.52,0
2192,804,14,2,3098.08,0
2193,804,15,1,1525.54,20
2194,804,39,2,734.47,15
2195,804,72,1,1230.62,5
2196,805,95,1,639.72,15
2197,805,71,1,883.45,0
2198,806,36,1,530.72,0
2199,806,96,1,906.76,10
2200,807,69,1,1368.41,0
2201,808,16,1,1547.56,0
2202,808,30,3,432.14,5
2203,809,57,1,771.32,5
2204,809,6,2,2952.24,15
2205,809,38,4,247.54,0
2206,809,19,2,3416.16,0
2207,810,10,1,935.22,5
2208,810,34,2,695.58,10
2209,811,51,2,2489.33,0
2210,811,53,1,1043.79,0
2211,811,95,3,639.72,0
2212,811,14,3,3098.08,10
2213,812,96,2,906.76,15
2214,813,71,5,883.45,0
2215,813,33,2,797.09,5
2216,813,23,3,1530.72,5
2217,813,65,2,849.57,0
2218,813,37,3,390.29,0
2219,814,16,1,1547.56,10
2220,814,34,1,695.58,20
2221,814,27,2,248.66,5
2222,815,60,4,1248.31,10
2223,816,87,2,276.22,5
2224,816,74,3,952.76,10
2225,816,14,2,3098.08,5
2226,816,22,3,3580.76,5
2227,817,86,3,996.16,0
2228,818,69,1,1368.41,0
2229,819,5,1,619.41,10
2230,819,20,3,3781.07,0
2231,819,46,1,414.49,10
2232,820,29,4,349.55,15
2233,820,48,2,462.35,0
2234,821,97,1,432.22,0
2235,821,10,3,935.22,15
2236,821,56,4,455.89,0
2237,821,91,5,819.85,0
2238,822,49,3,367.35,0
2239,822,66,3,2194.97,15
2240,822,63,5,2195.68,0
2241,822,25,1,4443.65,5
2242,822,19,4,3416.16,15
2243,823,72,2,1230.62,0
2244,823,64,1,1286.95,0
2245,823,13,1,4232.32,5
2246,823,69,5,1368.41,0
2247,823,26,2,346.72,5
2248,824,97,1,432.22,15
2249,824,1,2,3377.42,5
2250,824,36,2,530.72,5
2251,824,56,1,455.89,15
2252,824,8,2,3641.63,5
2253,825,37,1,390.29,0
2254,826,41,1,621.88,0
2255,826,96,2,906.76,0
2256,826,71,1,883.45,0
2257,826,32,1,366.62,10
2258,827,81,3,427.94,5
2259,827,7,4,4142.44,5
2261,828,70,1,429.0,5
2262,829,1,1,3377.42,0
2263,829,57,2,771.32,0
2264,829,21,1,4952.86,0
2265,830,21,1,4952.86,15
2266,831,61,5,1903.97,10
2267,831,87,1,276.22,5
2268,831,98,2,774.55,5
2269,832,4,1,634.09,0
2270,833,92,4,939.85,0
2271,834,36,1,530.72,15
2272,834,95,1,639.72,5
2273,834,48,2,462.35,10
2274,834,9,2,4807.46,5
2275,834,43,1,64.61,15
2276,835,73,2,1522.69,0
2277,835,20,1,3781.07,0
2278,836,6,1,2952.24,15
2279,837,27,2,248.66,0
2280,837,62,5,516.52,0
2281,837,79,1,246.68,15
2282,837,39,1,734.47,0
2283,838,25,1,4443.65,0
2284,838,11,4,4132.08,0
2285,838,85,4,86.45,0
2286,839,70,2,429.0,20
2287,840,30,4,432.14,0
2288,840,84,2,310.5,0
2289,841,87,1,276.22,0
2290,841,98,3,774.55,15
2291,842,68,1,2338.01,0
2292,842,81,3,427.94,5
2293,842,98,2,774.55,0
2294,843,100,1,24.52,5
2295,844,49,2,367.35,15
2296,844,55,2,803.67,10
2297,845,62,2,516.52,0
2298,845,94,1,610.76,0
2299,846,25,2,4443.65,0
2300,846,68,3,2338.01,5
2301,846,8,1,3641.63,5
2302,846,72,1,1230.62,0
2303,846,100,2,24.52,5
2304,847,18,2,1442.78,10
2305,847,14,4,3098.08,0
2306,847,1,2,3377.42,0
2307,847,73,2,1522.69,0
2308,847,65,4,849.57,0
2309,848,52,1,1438.67,5
2310,848,65,1,849.57,0
2311,848,88,1,881.08,0
2312,848,68,2,2338.01,5
2313,849,58,2,1556.29,0
2314,850,79,1,246.68,0
2315,850,59,1,2076.49,5
2316,850,78,1,198.04,15
2317,851,34,2,695.58,15
2318,851,33,4,797.09,5
2319,851,68,1,2338.01,10
2320,851,59,2,2076.49,5
2321,852,18,1,1442.78,10
2322,852,50,2,597.45,10
2323,852,8,2,3641.63,0
2324,853,78,1,198.04,5
2325,853,74,2,952.76,10
2326,853,61,1,1903.97,30
2327,853,82,3,935.69,15
2328,853,88,1,881.08,10
2329,854,68,5,2338.01,10
2330,854,64,1,1286.95,5
2331,854,3,1,4514.81,0
2332,854,37,1,390.29,30
2333,855,62,2,516.52,0
2334,856,78,4,198.04,0
2335,856,36,1,530.72,0
2336,857,5,2,619.41,0
2337,857,46,1,414.49,15
2338,858,57,1,771.32,0
2339,858,67,1,2498.42,30
2340,858,36,1,530.72,10
2341,858,92,2,939.85,0
2342,858,52,2,1438.67,0
2343,859,20,3,3781.07,0
2344,859,34,1,695.58,30
2345,859,43,1,64.61,0
2346,859,72,2,1230.62,10
2347,860,100,1,24.52,0
2348,861,30,2,432.14,30
2349,861,72,2,1230.62,15
2350,861,53,2,1043.79,0
2351,862,83,3,250.11,5
2352,863,73,3,1522.69,0
2353,863,53,1,1043.79,0
2354,864,72,1,1230.62,10
2355,864,40,3,529.21,0
2356,864,26,1,346.72,0
2357,865,7,1,4142.44,0
2358,865,94,1,610.76,15
2359,866,56,2,455.89,20
2360,866,10,1,935.22,0
2361,866,37,1,390.29,5
2362,867,44,4,673.75,0
2363,867,40,1,529.21,0
2364,868,84,3,310.5,15
2365,868,95,2,639.72,15
2366,869,41,2,621.88,5
2367,869,24,3,1704.83,15
2368,869,92,1,939.85,0
2369,869,17,1,3360.58,0
2370,869,44,3,673.75,15
2371,870,58,1,1556.29,10
2372,871,9,1,4807.46,0
2373,871,16,1,1547.56,0
2374,871,64,1,1286.95,5
2375,871,12,1,4879.02,0
2376,872,83,1,250.11,0
2377,872,40,2,529.21,15
2378,872,98,5,774.55,15
2379,872,86,2,996.16,0
2380,873,21,1,4952.86,0
2381,873,66,2,2194.97,20
2382,874,64,2,1286.95,5
2383,874,44,1,673.75,0
2384,874,46,1,414.49,0
2385,875,68,3,2338.01,10
2386,875,95,1,639.72,0
2387,876,94,2,610.76,5
2388,876,30,1,432.14,0
2389,876,3,3,4514.81,10
2390,876,85,5,86.45,0
2391,876,32,2,366.62,20
2392,877,89,1,836.24,15
2393,877,83,4,250.11,5
2394,877,94,3,610.76,20
2395,877,37,1,390.29,10
2396,877,91,3,819.85,10
2397,878,2,1,1504.45,10
2398,879,3,1,4514.81,30
2399,879,5,2,619.41,5
2400,879,77,1,170.07,0
2401,879,74,1,952.76,0
2402,880,78,4,198.04,20
2403,880,61,3,1903.97,5
2404,881,83,1,250.11,5
2405,882,68,1,2338.01,30
2406,882,96,3,906.76,0
2407,883,99,1,745.11,0
2408,884,60,2,1248.31,0
2409,885,28,2,247.06,0
2410,885,10,1,935.22,10
2411,885,94,2,610.76,0
2412,885,31,1,132.24,30
2413,886,16,1,1547.56,10
2414,886,20,1,3781.07,0
2415,886,67,5,2498.42,0
2416,887,64,2,1286.95,5
2417,887,71,5,883.45,0
2418,888,57,4,771.32,5
2419,888,4,4,634.09,0
2420,888,80,1,257.52,0
2421,888,48,2,462.35,30
2422,889,43,1,64.61,10
2423,890,7,1,4142.44,5
2424,890,33,3,797.09,0
2425,890,95,2,639.72,5
2426,891,90,1,987.42,0
2427,891,84,3,310.5,15
2428,892,39,1,734.47,5
2429,892,47,2,624.38,20
2430,892,36,1,530.72,5
2431,892,35,2,561.28,0
2432,893,13,1,4232.32,5
2433,893,54,1,784.48,0
2434,893,46,3,414.49,30
2435,894,47,1,624.38,30
2436,894,83,1,250.11,0
2437,894,43,3,64.61,0
2438,894,95,1,639.72,15
2439,894,29,2,349.55,0
2440,895,47,1,624.38,0
2441,895,81,1,427.94,5
2442,896,85,3,86.45,15
2443,896,79,2,246.68,15
2444,897,99,1,745.11,20
2445,897,1,1,3377.42,0
2446,898,54,2,784.48,20
2447,898,25,3,4443.65,0
2448,898,13,2,4232.32,5
2449,899,88,3,881.08,0
2450,899,22,3,3580.76,0
2451,899,91,1,819.85,5
2452,900,12,2,4879.02,10
2453,900,10,3,935.22,5
2454,901,4,2,634.09,0
2455,901,57,2,771.32,5
2456,901,42,3,447.77,5
2457,901,58,2,1556.29,0
2458,902,98,1,774.55,0
2459,902,84,1,310.5,20
2460,902,50,2,597.45,5
2461,903,10,2,935.22,0
2462,903,46,1,414.49,0
2463,903,58,2,1556.29,5
2464,903,30,1,432.14,0
2465,903,86,2,996.16,0
2466,904,46,2,414.49,15
2467,905,55,2,803.67,10
2468,905,10,2,935.22,20
2469,906,7,1,4142.44,10
2470,906,92,1,939.85,10
2471,906,35,1,561.28,0
2472,907,83,3,250.11,10
2473,907,99,3,745.11,5
2474,908,39,3,734.47,0
2475,908,11,1,4132.08,10
2476,909,31,2,132.24,15
2477,909,32,3,366.62,0
2478,909,7,1,4142.44,0
2479,910,49,4,367.35,15
2480,911,29,3,349.55,0
2481,911,2,2,1504.45,10
2482,911,42,1,447.77,0
2483,911,27,2,248.66,5
2484,912,15,1,1525.54,0
2485,912,46,1,414.49,0
2486,912,8,1,3641.63,0
2487,913,35,2,561.28,15
2488,913,16,1,1547.56,10
2489,913,59,1,2076.49,0
2490,914,73,1,1522.69,5
2491,914,80,2,257.52,15
2492,915,66,1,2194.97,10
2493,916,40,1,529.21,5
2494,916,92,2,939.85,0
2495,916,61,1,1903.97,5
2496,917,88,5,881.08,0
2497,917,56,2,455.89,0
2498,918,5,1,619.41,5
2499,918,73,1,1522.69,0
2500,918,92,3,939.85,10
2501,918,57,4,771.32,15
2502,919,12,1,4879.02,5
2503,919,9,1,4807.46,0
2504,919,42,2,447.77,10
2505,920,78,3,198.04,15
2506,920,83,2,250.11,0
2507,921,73,2,1522.69,15
2508,921,36,1,530.72,20
2509,922,31,5,132.24,0
2510,922,61,3,1903.97,0
2511,923,94,1,610.76,15
2512,924,4,1,634.09,0
2513,924,36,2,530.72,0
2514,924,57,3,771.32,0
2515,924,77,3,170.07,20
2516,925,73,5,1522.69,30
2517,925,12,2,4879.02,0
2518,926,77,2,170.07,20
2519,926,7,1,4142.44,20
2520,926,3,1,4514.81,0
2521,926,80,3,257.52,5
2522,927,50,3,597.45,15
2523,927,13,1,4232.32,0
2524,927,14,3,3098.08,20
2525,927,62,1,516.52,30
2526,928,36,1,530.72,5
2527,928,87,2,276.22,0
2528,928,2,1,1504.45,0
2529,929,26,1,346.72,5
2530,929,11,1,4132.08,5
2531,930,23,2,1530.72,5
2532,930,99,1,745.11,20
2533,930,20,2,3781.07,15
2534,931,28,2,247.06,0
2535,931,24,3,1704.83,0
2536,931,47,1,624.38,0
2537,931,10,1,935.22,5
2538,932,8,1,3641.63,0
2539,932,69,1,1368.41,10
2540,932,42,2,447.77,10
2541,932,74,1,952.76,0
2542,933,1,2,3377.42,0
2543,933,16,1,1547.56,20
2544,933,41,3,621.88,5
2545,934,47,4,624.38,0
2546,934,48,2,462.35,5
2547,934,32,1,366.62,0
2548,934,21,1,4952.86,10
2549,935,31,1,132.24,10
2550,936,95,3,639.72,0
2551,936,62,2,516.52,15
2552,936,74,1,952.76,10
2553,937,42,1,447.77,10
2554,937,99,1,745.11,0
2555,937,93,3,120.43,5
2556,937,67,1,2498.42,5
2557,938,74,2,952.76,0
2558,938,25,3,4443.65,0
2559,938,94,2,610.76,0
2560,939,8,1,3641.63,15
2561,940,19,3,3416.16,10
2562,941,59,1,2076.49,5
2563,941,48,1,462.35,10
2564,941,3,3,4514.81,15
2565,941,9,3,4807.46,0
2566,941,11,4,4132.08,15
2567,942,90,1,987.42,0
2568,942,87,1,276.22,5
2569,942,54,1,784.48,15
2570,943,43,4,64.61,30
2571,943,32,3,366.62,10
2572,943,65,3,849.57,15
2573,943,24,1,1704.83,5
2574,943,70,2,429.0,10
2575,944,98,1,774.55,0
2576,944,50,2,597.45,0
2577,945,2,2,1504.45,0
2578,946,53,2,1043.79,0
2579,946,33,2,797.09,0
2580,947,58,2,1556.29,0
2581,947,10,2,935.22,10
2582,947,72,1,1230.62,0
2583,948,50,2,597.45,5
2584,949,19,1,3416.16,5
2585,950,49,1,367.35,5
2586,950,2,3,1504.45,0
2587,950,40,2,529.21,0
2588,950,89,2,836.24,10
2589,950,24,1,1704.83,5
2590,951,50,1,597.45,0
2591,951,79,2,246.68,10
2592,951,39,3,734.47,20
2593,952,98,2,774.55,15
2594,952,67,1,2498.42,10
2595,952,50,4,597.45,0
2596,952,4,1,634.09,5
2597,953,43,2,64.61,10
2598,953,72,1,1230.62,0
2599,953,85,1,86.45,0
2600,954,91,3,819.85,0
2601,954,64,4,1286.95,0
2602,954,54,4,784.48,0
2603,954,28,2,247.06,0
2604,955,61,4,1903.97,10
2605,955,73,1,1522.69,0
2606,955,63,3,2195.68,15
2607,955,43,3,64.61,5
2608,956,92,1,939.85,0
2609,956,89,2,836.24,0
2610,956,30,1,432.14,0
2611,957,63,2,2195.68,10
2612,958,91,3,819.85,0
2613,958,32,2,366.62,0
2614,959,22,1,3580.76,0
2615,959,4,1,634.09,5
2616,960,12,1,4879.02,0
2617,960,71,1,883.45,15
2618,960,73,1,1522.69,0
2619,960,14,1,3098.08,15
2620,961,25,2,4443.65,0
2621,962,5,1,619.41,15
2622,962,23,3,1530.72,5
2623,963,97,1,432.22,0
2624,964,52,1,1438.67,0
2625,964,5,2,619.41,0
2626,964,60,2,1248.31,0
2627,965,27,3,248.66,0
2628,965,89,1,836.24,20
2629,965,88,2,881.08,0
2630,966,40,3,529.21,0
2631,967,32,1,366.62,10
2632,968,44,2,673.75,0
2633,968,13,1,4232.32,20
2634,968,27,3,248.66,0
2635,968,29,5,349.55,0
2636,969,44,1,673.75,0
2637,969,73,1,1522.69,0
2638,969,81,5,427.94,0
2639,969,88,1,881.08,0
2640,970,65,2,849.57,5
2641,970,3,1,4514.81,0
2642,971,12,1,4879.02,5
2643,971,92,1,939.85,20
2644,972,29,2,349.55,15
2645,972,74,1,952.76,10
2646,972,33,4,797.09,10
2647,972,99,2,745.11,5
2648,973,77,1,170.07,30
2649,973,3,1,4514.81,20
2650,973,18,1,1442.78,15
2651,973,28,1,247.06,0
2652,974,44,4,673.75,20
2653,974,16,1,1547.56,5
2654,975,3,1,4514.81,5
2655,975,36,2,530.72,20
2656,976,37,2,390.29,0
2657,976,26,3,346.72,5
2658,976,94,3,610.76,20
2659,977,1,1,3377.42,5
2660,978,4,1,634.09,0
2661,978,30,1,432.14,0
2662,979,19,4,3416.16,5
2663,979,93,2,120.43,0
2664,980,28,3,247.06,0
2665,980,9,1,4807.46,0
2666,981,80,3,257.52,10
2667,982,61,5,1903.97,20
2668,982,26,1,346.72,0
2669,983,53,1,1043.79,5
2670,983,81,2,427.94,0
2671,984,67,1,2498.42,10
2672,985,20,1,3781.07,0
2673,985,26,1,346.72,0
2674,986,43,4,64.61,10
2675,986,42,1,447.77,5
2676,987,24,2,1704.83,0
2677,988,63,1,2195.68,30
2678,988,48,2,462.35,5
2679,988,35,2,561.28,0
2680,988,87,2,276.22,15
2681,988,5,2,619.41,20
2682,989,98,3,774.55,15
2683,990,85,1,86.45,15
2684,990,46,3,414.49,0
2685,991,53,1,1043.79,15
2686,991,62,1,516.52,0
2687,992,46,2,414.49,15
2688,992,8,3,3641.63,10
2689,993,74,1,952.76,15
2690,993,75,2,1492.83,0
2691,993,73,1,1522.69,5
2692,993,20,3,3781.07,0
2693,994,20,1,3781.07,0
2694,994,42,4,447.77,5
2695,994,88,1,881.08,0
2696,995,16,3,1547.56,15
2697,995,73,3,1522.69,15
2698,995,68,3,2338.01,0
2699,995,5,1,619.41,0
2700,996,29,2,349.55,0
2701,996,7,2,4142.44,5
2702,996,30,1,432.14,10
2703,997,83,1,250.11,0
2704,998,13,1,4232.32,30
2705,998,75,1,1492.83,0
2706,999,36,3,530.72,5
2707,999,4,1,634.09,5
2708,999,56,1,455.89,20
2709,999,76,1,590.41,0
2710,999,15,1,1525.54,20
2711,1000,73,2,1522.69,10
2712,1000,49,1,367.35,20
2713,1000,24,1,1704.83,10
2714,1001,11,5,4132.08,0
2715,1001,74,1,952.76,0
2716,1001,86,4,996.16,0
2717,1002,58,1,1556.29,0
2718,1003,100,2,24.52,10
2719,1003,65,1,849.57,10
2720,1003,57,1,771.32,10
2721,1003,50,1,597.45,15
2722,1003,89,1,836.24,0
2723,1004,60,1,1248.31,0
2724,1004,32,5,366.62,0
2725,1004,69,1,1368.41,10
2726,1005,96,1,906.76,30
2727,1005,72,1,1230.62,0
2728,1005,19,1,3416.16,5
2729,1005,53,3,1043.79,10
2730,1006,36,4,530.72,0
2731,1006,42,1,447.77,30
2732,1007,13,3,4232.32,0
2733,1008,52,1,1438.67,0
2734,1009,83,1,250.11,0
2735,1009,67,1,2498.42,5
2736,1009,78,2,198.04,0
2737,1010,2,3,1504.45,0
2738,1010,67,2,2498.42,20
2739,1010,68,1,2338.01,0
2740,1010,7,2,4142.44,10
2741,1010,87,1,276.22,0
2742,1011,70,1,429.0,15
2743,1011,59,1,2076.49,10
2744,1012,25,3,4443.65,0
2745,1012,58,2,1556.29,0
2746,1012,18,2,1442.78,15
2747,1013,95,2,639.72,0
2748,1013,30,1,432.14,0
2749,1013,36,1,530.72,30
2750,1014,13,4,4232.32,0
2751,1014,27,2,248.66,15
2752,1014,30,3,432.14,0
2753,1015,27,2,248.66,5
2754,1015,85,1,86.45,0
2755,1016,9,1,4807.46,5
2756,1016,53,1,1043.79,10
2757,1017,2,2,1504.45,30
2758,1017,20,1,3781.07,10
2759,1018,66,1,2194.97,0
2760,1018,10,1,935.22,0
2761,1019,86,2,996.16,5
2762,1019,32,1,366.62,0
2763,1019,57,3,771.32,5
2764,1020,24,3,1704.83,5
2765,1021,74,1,952.76,15
2766,1021,45,1,708.51,0
2767,1022,100,2,24.52,0
2768,1022,23,3,1530.72,0
2769,1022,6,3,2952.24,10
2770,1022,57,1,771.32,15
2771,1022,22,1,3580.76,0
2772,1023,50,5,597.45,30
2773,1023,63,3,2195.68,30
2774,1023,5,1,619.41,30
2775,1024,21,3,4952.86,5
2776,1024,5,1,619.41,0
2777,1024,72,3,1230.62,30
2778,1024,26,1,346.72,20
2779,1025,17,1,3360.58,10
2780,1025,58,2,1556.29,0
2781,1025,59,1,2076.49,5
2782,1025,53,3,1043.79,0
2783,1026,10,1,935.22,5
2784,1026,90,4,987.42,20
2785,1027,32,2,366.62,0
2786,1027,61,1,1903.97,0
2787,1028,62,1,516.52,5
2788,1028,58,2,1556.29,0
2789,1029,30,1,432.14,20
2790,1029,53,2,1043.79,0
2791,1030,73,1,1522.69,30
2792,1030,22,1,3580.76,0
2793,1031,45,3,708.51,5
2794,1032,62,3,516.52,0
2795,1033,72,1,1230.62,0
2796,1033,70,2,429.0,0
2797,1033,10,1,935.22,10
2798,1033,51,5,2489.33,0
2799,1033,98,1,774.55,5
2800,1034,71,2,883.45,0
2801,1034,2,1,1504.45,10
2802,1035,76,1,590.41,15
2803,1036,96,3,906.76,0
2804,1036,65,2,849.57,10
2805,1036,27,3,248.66,0
2806,1036,80,4,257.52,20
2807,1037,47,1,624.38,0
2808,1037,41,1,621.88,0
2809,1038,64,3,1286.95,15
2810,1038,86,1,996.16,0
2811,1038,96,2,906.76,15
2812,1038,97,1,432.22,0
2813,1038,1,1,3377.42,0
2814,1039,87,3,276.22,0
2815,1040,49,1,367.35,0
2816,1041,48,2,462.35,0
2817,1041,49,1,367.35,10
2818,1042,50,1,597.45,0
2819,1042,80,1,257.52,5
2820,1042,58,1,1556.29,0
2821,1042,43,1,64.61,5
2822,1043,81,1,427.94,20
2823,1044,49,2,367.35,20
2824,1044,93,3,120.43,5
2825,1044,7,1,4142.44,0
2826,1045,3,1,4514.81,0
2827,1045,25,1,4443.65,0
2828,1046,16,3,1547.56,15
2829,1046,73,1,1522.69,5
2830,1046,31,3,132.24,10
2831,1047,9,1,4807.46,0
2832,1047,88,3,881.08,15
2833,1048,77,1,170.07,0
2834,1048,4,3,634.09,5
2835,1048,6,4,2952.24,5
2836,1049,45,2,708.51,0
2837,1049,58,4,1556.29,0
2838,1049,68,1,2338.01,20
2839,1049,26,5,346.72,15
2840,1049,57,2,771.32,10
2841,1050,17,1,3360.58,0
2842,1050,35,1,561.28,10
2843,1050,77,2,170.07,0
2844,1051,40,1,529.21,10
2845,1051,43,3,64.61,0
2846,1051,34,2,695.58,0
2847,1051,86,3,996.16,5
2848,1052,31,3,132.24,15
2849,1052,87,2,276.22,5
2850,1052,50,1,597.45,5
2851,1052,63,1,2195.68,30
2852,1052,35,1,561.28,0
2853,1053,96,1,906.76,0
2854,1053,93,1,120.43,0
2855,1053,80,1,257.52,0
2856,1054,20,2,3781.07,5
2857,1054,62,1,516.52,0
2858,1055,8,1,3641.63,5
2859,1055,59,2,2076.49,0
2860,1056,58,2,1556.29,20
2861,1057,41,1,621.88,5
2862,1058,3,2,4514.81,5
2863,1059,1,1,3377.42,0
2864,1059,93,2,120.43,15
2865,1060,23,4,1530.72,5
2866,1060,42,5,447.77,10
2867,1060,51,1,2489.33,0
2868,1061,98,3,774.55,0
2869,1061,62,1,516.52,10
2870,1062,53,3,1043.79,0
2871,1062,9,3,4807.46,0
2872,1062,52,1,1438.67,0
2873,1062,30,1,432.14,5
2874,1063,79,1,246.68,15
2875,1063,33,2,797.09,10
2876,1064,39,4,734.47,15
2877,1064,35,4,561.28,0
2878,1065,84,1,310.5,20
2879,1066,10,3,935.22,15
2880,1066,90,4,987.42,0
2881,1066,23,1,1530.72,0
2882,1067,32,3,366.62,0
2883,1068,68,2,2338.01,0
2884,1068,55,1,803.67,0
2885,1069,41,1,621.88,20
2886,1070,16,1,1547.56,10
2887,1070,41,1,621.88,0
2888,1070,82,3,935.69,0
2889,1070,59,1,2076.49,20
2890,1071,26,1,346.72,20
2891,1071,31,2,132.24,0
2892,1071,29,2,349.55,0
2893,1072,49,1,367.35,10
2894,1072,11,1,4132.08,15
2895,1073,47,1,624.38,0
2896,1073,7,2,4142.44,10
2897,1073,94,3,610.76,0
2898,1074,53,1,1043.79,0
2899,1075,48,2,462.35,10
2900,1075,90,1,987.42,5
2901,1075,47,2,624.38,10
2902,1075,37,1,390.29,0
2903,1075,55,3,803.67,10
2904,1076,91,1,819.85,0
2905,1076,66,1,2194.97,15
2906,1076,78,2,198.04,0
2907,1077,56,2,455.89,10
2908,1077,17,1,3360.58,5
2909,1077,69,3,1368.41,20
2910,1078,92,3,939.85,10
2911,1078,59,3,2076.49,0
2912,1078,43,1,64.61,0
2913,1079,69,2,1368.41,0
2914,1079,18,4,1442.78,0
2915,1080,17,1,3360.58,5
2916,1080,8,1,3641.63,20
2917,1081,99,1,745.11,0
2918,1081,76,3,590.41,0
2919,1081,59,1,2076.49,20
2920,1082,33,1,797.09,0
2921,1082,35,2,561.28,30
2922,1082,98,3,774.55,0
2923,1083,7,1,4142.44,15
2924,1083,61,2,1903.97,15
2925,1083,72,1,1230.62,10
2926,1084,24,1,1704.83,0
2927,1084,96,1,906.76,10
2928,1084,80,2,257.52,10
2929,1085,19,1,3416.16,0
2930,1085,65,1,849.57,5
2931,1086,30,1,432.14,0
2932,1086,77,1,170.07,0
2933,1087,65,2,849.57,0
2934,1087,66,3,2194.97,0
2935,1087,46,3,414.49,0
2936,1087,98,3,774.55,5
2937,1087,57,2,771.32,15
2938,1088,72,2,1230.62,10
2939,1088,56,2,455.89,10
2940,1088,47,2,624.38,5
2941,1089,54,2,784.48,0
2942,1089,21,1,4952.86,20
2943,1090,69,2,1368.41,5
2944,1090,82,1,935.69,5
2945,1091,17,1,3360.58,30
2946,1092,6,3,2952.24,0
2947,1092,33,1,797.09,0
2948,1092,52,2,1438.67,5
2949,1092,75,2,1492.83,0
2950,1092,7,3,4142.44,10
2951,1093,62,1,516.52,5
2952,1094,84,1,310.5,10
2953,1094,80,3,257.52,0
2954,1094,96,2,906.76,10
2955,1094,87,2,276.22,20
2956,1094,1,3,3377.42,5
2957,1095,54,5,784.48,5
2958,1095,85,1,86.45,0
2959,1095,36,1,530.72,0
2960,1095,62,1,516.52,20
2961,1095,9,3,4807.46,10
2962,1096,50,1,597.45,0
2963,1097,21,5,4952.86,0
2964,1098,38,2,247.54,20
2965,1098,9,2,4807.46,0
2966,1098,95,2,639.72,0
2967,1098,50,1,597.45,15
2968,1098,49,1,367.35,0
2969,1099,15,1,1525.54,0
2970,1099,5,1,619.41,5
2971,1100,69,1,1368.41,5
2972,1100,80,1,257.52,15
2973,1101,85,1,86.45,20
2974,1102,6,2,2952.24,10
2975,1102,93,3,120.43,5
2976,1102,14,2,3098.08,5
2977,1103,97,1,432.22,0
2978,1103,47,2,624.38,5
2979,1104,82,2,935.69,5
2980,1104,76,2,590.41,30
2981,1104,97,3,432.22,10
2982,1105,81,3,427.94,0
2983,1105,28,2,247.06,0
2984,1105,96,3,906.76,0
2985,1106,25,1,4443.65,0
2986,1106,34,3,695.58,0
2987,1106,28,1,247.06,5
2988,1106,4,1,634.09,0
2989,1107,79,3,246.68,0
2990,1107,56,2,455.89,0
2991,1107,38,3,247.54,30
2992,1108,25,2,4443.65,15
2993,1108,45,1,708.51,0
2994,1109,4,3,634.09,20
2995,1109,70,4,429.0,30
2996,1110,82,2,935.69,10
2997,1110,2,1,1504.45,5
2998,1110,69,1,1368.41,0
2999,1110,89,1,836.24,15
3000,1111,62,1,516.52,0
3001,1111,17,1,3360.58,5
3002,1112,85,5,86.45,0
3003,1112,59,1,2076.49,5
3004,1112,54,3,784.48,0
3005,1112,55,1,803.67,0
3006,1113,83,1,250.11,15
3007,1113,56,1,455.89,0
3008,1114,40,1,529.21,0
3009,1114,55,1,803.67,5
3010,1114,71,4,883.45,15
3011,1114,73,2,1522.69,5
3012,1115,88,1,881.08,0
3013,1115,74,2,952.76,10
3014,1115,48,2,462.35,0
3015,1115,12,1,4879.02,15
3016,1116,83,2,250.11,15
3017,1116,8,1,3641.63,0
3018,1117,49,2,367.35,0
3019,1117,94,2,610.76,5
3020,1117,86,1,996.16,0
3021,1118,82,4,935.69,10
3022,1119,81,2,427.94,0
3023,1119,30,4,432.14,15
3024,1119,100,2,24.52,10
3025,1120,71,3,883.45,10
3026,1120,95,2,639.72,10
3027,1121,25,1,4443.65,5
3028,1121,4,1,634.09,0
3029,1121,74,2,952.76,0
3030,1121,69,2,1368.41,20
3031,1122,79,4,246.68,0
3032,1122,81,1,427.94,10
3033,1123,55,1,803.67,15
3034,1124,38,1,247.54,5
3035,1124,31,1,132.24,0
3036,1125,94,1,610.76,20
3037,1125,39,1,734.47,0
3038,1125,67,2,2498.42,5
3039,1126,45,3,708.51,0
3040,1126,34,4,695.58,15
3041,1126,68,1,2338.01,0
3042,1127,72,1,1230.62,10
3043,1127,60,2,1248.31,10
3044,1127,51,1,2489.33,0
3045,1127,52,2,1438.67,0
3046,1128,79,2,246.68,10
3047,1128,52,1,1438.67,5
3048,1129,14,1,3098.08,0
3049,1130,42,1,447.77,15
3050,1130,34,1,695.58,15
3051,1130,83,1,250.11,10
3052,1131,63,2,2195.68,5
3053,1131,54,1,784.48,0
3054,1131,40,1,529.21,0
3055,1131,69,2,1368.41,5
3056,1131,59,3,2076.49,0
3057,1132,97,2,432.22,15
3058,1133,47,1,624.38,15
3059,1133,32,1,366.62,0
3060,1133,40,1,529.21,10
3061,1134,13,1,4232.32,15
3062,1135,85,2,86.45,5
3063,1135,88,2,881.08,0
3064,1135,11,1,4132.08,15
3065,1136,13,1,4232.32,0
3066,1137,63,1,2195.68,5
3067,1137,90,5,987.42,15
3068,1138,76,1,590.41,0
3069,1139,33,1,797.09,10
3070,1139,2,5,1504.45,5
3071,1139,68,1,2338.01,0
3072,1140,13,2,4232.32,5
3073,1140,78,1,198.04,5
3074,1141,33,1,797.09,0
3075,1141,42,1,447.77,0
3076,1142,71,3,883.45,0
3077,1143,2,1,1504.45,0
3078,1143,71,3,883.45,10
3079,1144,1,1,3377.42,0
3080,1144,90,2,987.42,0
3081,1144,32,2,366.62,0
3082,1145,81,4,427.94,0
3083,1145,20,1,3781.07,5
3084,1145,7,3,4142.44,10
3085,1146,27,4,248.66,0
3086,1146,91,1,819.85,30
3087,1146,76,1,590.41,5
3088,1146,60,1,1248.31,10
3089,1146,49,1,367.35,5
3090,1147,89,2,836.24,20
3091,1148,53,2,1043.79,0
3092,1148,28,1,247.06,0
3093,1148,43,2,64.61,15
3094,1149,84,2,310.5,0
3095,1149,35,2,561.28,10
3096,1150,47,3,624.38,5
3097,1150,68,1,2338.01,0
3098,1150,65,2,849.57,15
3099,1150,45,1,708.51,0
3100,1150,59,4,2076.49,0
3101,1151,82,1,935.69,0
3102,1152,86,5,996.16,15
3103,1152,98,4,774.55,0
3104,1152,8,2,3641.63,0
3105,1153,60,2,1248.31,5
3106,1154,13,3,4232.32,0
3107,1154,36,1,530.72,20
3108,1154,43,1,64.61,0
3109,1155,39,1,734.47,15
3110,1155,69,2,1368.41,0
3111,1155,95,4,639.72,0
3112,1155,62,2,516.52,30
3113,1156,24,3,1704.83,10
3114,1156,3,1,4514.81,0
3115,1157,37,5,390.29,10
3116,1157,27,2,248.66,0
3117,1157,98,5,774.55,10
3118,1157,85,3,86.45,0
3119,1157,86,2,996.16,15
3120,1158,1,2,3377.42,0
3121,1158,14,1,3098.08,0
3122,1158,44,1,673.75,30
3123,1159,62,1,516.52,20
3124,1159,87,1,276.22,0
3125,1160,18,1,1442.78,5
3126,1160,40,1,529.21,10
3127,1160,89,3,836.24,5
3128,1161,59,1,2076.49,0
3129,1161,50,2,597.45,0
3130,1162,78,1,198.04,0
3131,1162,4,2,634.09,0
3132,1162,80,2,257.52,10
3133,1163,2,3,1504.45,0
3134,1164,21,1,4952.86,5
3135,1164,25,1,4443.65,30
3136,1164,2,3,1504.45,10
3137,1165,65,4,849.57,0
3138,1165,62,1,516.52,5
3139,1165,49,4,367.35,0
3140,1165,45,2,708.51,0
3141,1166,65,1,849.57,5
3142,1166,62,1,516.52,0
3143,1166,68,1,2338.01,5
3144,1166,22,1,3580.76,0
3145,1166,85,2,86.45,5
3146,1167,66,1,2194.97,10
3147,1167,37,1,390.29,10
3148,1167,59,1,2076.49,5
3149,1168,43,1,64.61,0
3150,1168,84,1,310.5,5
3151,1169,47,2,624.38,0
3152,1169,84,1,310.5,0
3153,1170,83,1,250.11,10
3154,1171,60,1,1248.31,15
3155,1171,93,2,120.43,10
3156,1172,25,1,4443.65,5
3157,1172,49,1,367.35,0
3158,1173,13,5,4232.32,0
3159,1174,61,4,1903.97,5
3160,1174,33,2,797.09,5
3161,1174,78,2,198.04,0
3162,1174,27,2,248.66,5
3163,1175,59,1,2076.49,5
3164,1175,50,1,597.45,0
3165,1176,82,2,935.69,0
3166,1176,41,2,621.88,10
3167,1176,21,3,4952.86,0
3168,1177,3,1,4514.81,5
3169,1177,48,3,462.35,0
3170,1177,41,1,621.88,10
3171,1177,90,4,987.42,0
3172,1177,63,2,2195.68,5
3173,1178,12,1,4879.02,5
3174,1178,30,1,432.14,10
3175,1179,75,1,1492.83,10
3176,1179,40,5,529.21,10
3177,1180,48,2,462.35,0
3178,1180,89,1,836.24,0
3179,1181,50,5,597.45,5
3180,1182,43,1,64.61,0
3181,1182,14,1,3098.08,0
3182,1182,37,1,390.29,20
3183,1182,77,1,170.07,0
3184,1183,100,3,24.52,15
3185,1183,81,1,427.94,10
3186,1184,84,5,310.5,0
3187,1185,32,1,366.62,0
3188,1185,93,3,120.43,5
3189,1185,47,3,624.38,0
3190,1185,51,2,2489.33,0
3191,1185,36,2,530.72,20
3192,1186,13,1,4232.32,5
3193,1186,61,1,1903.97,10
3194,1186,17,1,3360.58,0
3195,1186,84,2,310.5,15
3196,1187,43,3,64.61,15
3197,1187,37,4,390.29,15
3198,1187,84,3,310.5,0
3199,1187,61,1,1903.97,0
3200,1187,20,1,3781.07,10
3201,1188,18,1,1442.78,5
3202,1188,61,3,1903.97,10
3203,1188,47,5,624.38,0
3204,1188,82,1,935.69,0
3205,1188,22,1,3580.76,5
3206,1189,34,3,695.58,10
3207,1190,50,2,597.45,0
3208,1190,75,1,1492.83,0
3209,1191,26,2,346.72,0
3211,1191,1,1,3377.42,0
3212,1191,59,1,2076.49,0
3213,1192,51,3,2489.33,10
3214,1192,45,2,708.51,5
3215,1193,51,1,2489.33,10
3216,1193,76,1,590.41,0
3217,1194,31,1,132.24,10
3218,1195,5,1,619.41,10
3219,1195,55,1,803.67,0
3220,1195,73,1,1522.69,15
3221,1196,92,2,939.85,15
3222,1196,19,1,3416.16,10
3223,1196,7,4,4142.44,0
3224,1196,20,2,3781.07,0
3225,1197,18,1,1442.78,0
3226,1197,19,1,3416.16,10
3227,1198,8,1,3641.63,20
3228,1198,2,1,1504.45,0
3229,1198,4,2,634.09,5
3230,1198,13,3,4232.32,10
3231,1199,30,1,432.14,0
3232,1199,98,2,774.55,0
3233,1200,95,1,639.72,10
3234,1200,90,1,987.42,5
3235,1200,67,4,2498.42,15
3236,1201,47,1,624.38,0
3237,1201,28,1,247.06,0
3238,1202,32,3,366.62,0
3239,1203,25,2,4443.65,5
3240,1203,16,2,1547.56,5
3241,1204,100,1,24.52,5
3242,1204,26,2,346.72,5
3243,1204,55,1,803.67,10
3244,1204,24,2,1704.83,5
3245,1204,76,1,590.41,5
3246,1205,21,4,4952.86,0
3247,1206,11,4,4132.08,10
3248,1206,26,1,346.72,0
3249,1206,65,1,849.57,10
3250,1207,38,1,247.54,0
3251,1207,6,1,2952.24,0
3252,1207,93,5,120.43,0
3253,1207,88,1,881.08,10
3254,1208,29,1,349.55,5
3255,1208,74,1,952.76,0
3256,1208,91,4,819.85,0
3257,1209,36,2,530.72,15
3258,1209,15,3,1525.54,5
3259,1209,46,2,414.49,0
3260,1209,26,2,346.72,15
3261,1209,44,2,673.75,10
3262,1210,96,2,906.76,0
3263,1210,35,2,561.28,0
3264,1210,44,4,673.75,0
3265,1211,25,1,4443.65,15
3266,1211,2,1,1504.45,15
3267,1211,1,2,3377.42,10
3268,1212,93,3,120.43,5
3269,1212,81,1,427.94,0
3270,1213,47,2,624.38,0
3271,1213,6,3,2952.24,20
3273,1214,88,1,881.08,10
3274,1215,81,3,427.94,0
3275,1215,14,3,3098.08,10
3276,1216,39,5,734.47,10
3277,1217,83,1,250.11,5
3278,1217,65,1,849.57,0
3279,1218,62,1,516.52,0
3280,1218,5,3,619.41,0
3281,1219,92,1,939.85,0
3282,1220,29,2,349.55,0
3283,1220,18,3,1442.78,20
3284,1220,53,3,1043.79,0
3285,1221,20,3,3781.07,0
3286,1222,78,1,198.04,20
3287,1223,84,4,310.5,0
3288,1223,4,4,634.09,30
3289,1223,80,1,257.52,10
3290,1224,36,1,530.72,0
3291,1224,76,2,590.41,0
3292,1224,57,1,771.32,20
3293,1224,37,1,390.29,10
3294,1225,68,1,2338.01,0
3295,1226,18,1,1442.78,0
3296,1227,48,1,462.35,0
3297,1227,51,2,2489.33,5
3298,1227,78,1,198.04,5
3299,1227,82,3,935.69,10
3300,1228,22,2,3580.76,10
3301,1229,73,2,1522.69,10
3302,1229,23,1,1530.72,0
3303,1229,4,1,634.09,0
3304,1229,37,3,390.29,0
3305,1230,45,1,708.51,0
3306,1231,66,1,2194.97,0
3307,1231,59,1,2076.49,0
3308,1231,71,1,883.45,5
3309,1232,10,1,935.22,0
3310,1232,43,2,64.61,5
3311,1233,9,1,4807.46,0
3312,1233,44,1,673.75,20
3313,1233,100,1,24.52,5
3314,1234,27,3,248.66,0
3315,1235,14,2,3098.08,0
3316,1236,90,4,987.42,0
3317,1236,64,2,1286.95,5
3318,1236,24,1,1704.83,0
3319,1237,5,2,619.41,15
3320,1237,70,2,429.0,0
3321,1238,93,2,120.43,0
3322,1238,5,3,619.41,0
3323,1238,95,1,639.72,20
3324,1239,84,1,310.5,15
3325,1239,79,5,246.68,10
3326,1239,74,1,952.76,15
3327,1240,65,3,849.57,5
3328,1240,15,2,1525.54,5
3329,1240,22,2,3580.76,5
3330,1241,58,1,1556.29,15
3331,1241,40,1,529.21,0
3332,1241,94,2,610.76,0
3333,1242,52,1,1438.67,5
3334,1243,91,2,819.85,0
3335,1243,56,1,455.89,0
3336,1243,81,1,427.94,0
3337,1244,18,1,1442.78,0
3338,1244,90,1,987.42,5
3339,1244,60,1,1248.31,5
3340,1245,64,1,1286.95,0
3341,1246,65,1,849.57,15
3342,1246,79,1,246.68,30
3343,1246,29,1,349.55,5
3344,1246,82,2,935.69,0
3345,1246,46,3,414.49,0
3346,1247,20,2,3781.07,10
3347,1248,49,1,367.35,20
3348,1248,83,1,250.11,10
3349,1248,52,5,1438.67,0
3350,1249,87,2,276.22,0
3351,1249,31,2,132.24,5
3352,1250,28,3,247.06,15
3353,1250,97,1,432.22,5
3354,1250,53,5,1043.79,0
3355,1250,3,1,4514.81,0
3356,1251,44,2,673.75,0
3357,1251,46,4,414.49,0
3358,1251,3,1,4514.81,5
3359,1251,68,1,2338.01,5
3360,1252,5,3,619.41,0
3361,1252,45,1,708.51,0
3362,1252,48,1,462.35,0
3363,1253,7,1,4142.44,5
3364,1254,75,1,1492.83,10
3365,1254,79,2,246.68,20
3366,1254,6,2,2952.24,0
3367,1254,57,2,771.32,0
3368,1255,12,2,4879.02,0
3369,1255,58,1,1556.29,0
3370,1255,57,1,771.32,30
3371,1255,36,3,530.72,15
3372,1256,26,3,346.72,0
3373,1256,95,2,639.72,0
3374,1257,42,1,447.77,15
3375,1258,26,1,346.72,0
3376,1258,75,1,1492.83,15
3377,1259,48,3,462.35,0
3378,1259,27,1,248.66,10
3379,1260,37,1,390.29,0
3380,1260,26,2,346.72,10
3381,1260,77,1,170.07,15
3382,1260,18,1,1442.78,0
3383,1260,64,3,1286.95,15
3384,1261,13,1,4232.32,5
3385,1261,99,2,745.11,10
3386,1262,46,1,414.49,5
3387,1262,15,1,1525.54,15
3388,1262,52,1,1438.67,5
3389,1263,91,1,819.85,0
3390,1263,52,2,1438.67,10
3391,1263,92,3,939.85,0
3392,1264,100,3,24.52,0
3393,1264,83,1,250.11,0
3394,1265,53,1,1043.79,0
3395,1265,46,2,414.49,5
3396,1265,93,3,120.43,15
3397,1266,28,2,247.06,0
3398,1266,25,3,4443.65,5
3399,1266,86,1,996.16,5
3400,1267,82,1,935.69,10
3401,1267,39,1,734.47,0
3402,1268,99,2,745.11,15
3403,1268,83,2,250.11,0
3404,1269,78,1,198.04,5
3405,1269,40,1,529.21,10
3406,1269,57,1,771.32,20
3407,1270,63,2,2195.68,0
3408,1271,52,4,1438.67,0
3409,1271,93,5,120.43,0
3410,1272,63,3,2195.68,0
3411,1272,52,1,1438.67,15
3412,1272,95,3,639.72,5
3413,1272,1,2,3377.42,0
3414,1273,54,1,784.48,5
3415,1273,47,1,624.38,20
3416,1273,71,2,883.45,0
3417,1274,89,3,836.24,0
3418,1274,30,3,432.14,0
3419,1275,50,1,597.45,5
3420,1275,78,1,198.04,5
3421,1275,97,1,432.22,0
3422,1275,3,2,4514.81,0
3423,1275,67,1,2498.42,0
3424,1276,60,3,1248.31,0
3425,1276,77,1,170.07,5
3426,1277,3,1,4514.81,10
3427,1277,10,3,935.22,0
3428,1278,41,1,621.88,10
3429,1278,10,1,935.22,5
3430,1278,23,1,1530.72,5
3431,1278,78,1,198.04,20
3432,1278,68,1,2338.01,0
3433,1279,40,1,529.21,0
3434,1279,29,2,349.55,15
3435,1279,68,1,2338.01,0
3437,1280,62,3,516.52,0
3438,1280,82,1,935.69,0
3439,1280,81,5,427.94,0
3440,1281,36,5,530.72,0
3441,1281,11,1,4132.08,5
3442,1282,91,2,819.85,10
3443,1282,9,3,4807.46,10
3444,1283,54,1,784.48,0
3445,1283,39,1,734.47,5
3446,1283,70,1,429.0,0
3447,1284,51,2,2489.33,5
3448,1284,4,1,634.09,0
3449,1284,11,3,4132.08,0
3450,1284,64,2,1286.95,20
3451,1285,77,3,170.07,0
3452,1285,84,3,310.5,5
3453,1285,55,1,803.67,0
3454,1286,61,1,1903.97,15
3455,1286,98,1,774.55,0
3456,1287,83,3,250.11,0
3457,1288,99,2,745.11,0
3458,1288,56,1,455.89,0
3459,1288,44,1,673.75,0
3460,1288,24,1,1704.83,5
3461,1289,74,1,952.76,0
3462,1289,32,1,366.62,20
3463,1289,78,1,198.04,5
3464,1290,43,3,64.61,0
3465,1290,33,2,797.09,0
3466,1291,99,1,745.11,10
3467,1291,91,1,819.85,5
3468,1291,2,3,1504.45,15
3469,1292,43,3,64.61,0
3470,1292,93,3,120.43,5
3471,1292,19,1,3416.16,10
3472,1293,17,2,3360.58,15
3473,1293,75,1,1492.83,0
3474,1294,36,3,530.72,15
3475,1294,8,2,3641.63,10
3476,1294,20,2,3781.07,10
3477,1294,79,2,246.68,5
3478,1295,70,1,429.0,15
3479,1295,92,4,939.85,0
3480,1295,58,1,1556.29,0
3481,1296,59,1,2076.49,0
3482,1296,25,3,4443.65,15
3483,1297,95,1,639.72,5
3484,1298,95,2,639.72,0
3485,1299,82,5,935.69,5
3486,1300,51,2,2489.33,0
3487,1300,55,2,803.67,10
3488,1300,54,2,784.48,10
3489,1300,100,1,24.52,0
3490,1301,65,1,849.57,5
3491,1301,18,1,1442.78,0
3492,1301,24,5,1704.83,0
3493,1302,88,1,881.08,0
3494,1303,67,1,2498.42,0
3495,1303,86,2,996.16,0
3496,1303,74,1,952.76,5
3497,1304,4,1,634.09,0
3498,1304,80,1,257.52,0
3499,1304,25,3,4443.65,0
3500,1304,38,1,247.54,5
3501,1304,98,1,774.55,0
3502,1305,73,1,1522.69,10
3503,1306,58,2,1556.29,5
3504,1306,4,3,634.09,0
3505,1306,56,3,455.89,0
3506,1306,59,1,2076.49,0
3507,1306,61,1,1903.97,30
3508,1307,47,2,624.38,15
3509,1307,32,1,366.62,0
3510,1307,89,1,836.24,0
3511,1307,95,3,639.72,5
3512,1308,46,3,414.49,0
3513,1308,74,1,952.76,0
3514,1308,98,1,774.55,0
3515,1309,24,3,1704.83,0
3516,1309,6,1,2952.24,20
3517,1309,9,1,4807.46,5
3518,1310,88,2,881.08,5
3519,1310,30,3,432.14,0
3520,1310,56,1,455.89,15
3521,1311,52,4,1438.67,0
3522,1312,58,1,1556.29,0
3523,1312,98,3,774.55,0
3524,1313,75,2,1492.83,0
3525,1313,38,2,247.54,0
3526,1313,19,4,3416.16,10
3527,1313,79,1,246.68,10
3528,1314,22,2,3580.76,5
3529,1314,8,3,3641.63,20
3530,1314,74,1,952.76,5
3531,1315,76,3,590.41,0
3532,1315,97,3,432.22,20
3533,1315,77,2,170.07,0
3534,1316,55,1,803.67,0
3535,1316,11,2,4132.08,0
3536,1317,40,4,529.21,15
3537,1317,94,1,610.76,0
3538,1318,3,3,4514.81,0
3539,1318,11,3,4132.08,20
3540,1319,46,1,414.49,10
3541,1319,64,1,1286.95,0
3542,1320,80,2,257.52,5
3543,1320,81,3,427.94,10
3544,1320,95,1,639.72,30
3545,1321,85,1,86.45,5
3546,1321,7,1,4142.44,5
3547,1321,78,1,198.04,0
3548,1321,9,2,4807.46,0
3549,1322,73,3,1522.69,0
3550,1322,4,2,634.09,0
3551,1323,85,1,86.45,0
3552,1323,28,1,247.06,30
3553,1323,95,2,639.72,5
3554,1323,54,1,784.48,5
3555,1324,15,1,1525.54,15
3556,1325,4,1,634.09,0
3557,1325,46,1,414.49,5
3558,1325,29,2,349.55,20
3559,1325,23,3,1530.72,15
3560,1325,99,1,745.11,0
3561,1326,71,1,883.45,30
3562,1326,90,2,987.42,0
3563,1327,5,2,619.41,10
3564,1327,43,4,64.61,0
3565,1327,98,2,774.55,0
3566,1328,1,1,3377.42,5
3567,1329,99,1,745.11,15
3568,1329,52,5,1438.67,30
3569,1329,64,4,1286.95,5
3570,1330,68,5,2338.01,0
3571,1330,92,1,939.85,5
3572,1330,6,2,2952.24,0
3573,1330,34,3,695.58,15
3574,1330,89,1,836.24,0
3575,1331,70,1,429.0,5
3576,1331,6,3,2952.24,0
3577,1331,25,2,4443.65,5
3578,1332,67,2,2498.42,5
3579,1332,46,4,414.49,0
3580,1332,27,5,248.66,0
3581,1333,36,1,530.72,0
3582,1333,2,2,1504.45,0
3583,1333,41,3,621.88,20
3584,1334,46,2,414.49,10
3585,1334,39,2,734.47,10
3586,1334,94,2,610.76,15
3587,1335,87,1,276.22,10
3588,1335,42,1,447.77,0
3589,1335,22,1,3580.76,20
3590,1336,92,3,939.85,5
3591,1336,98,1,774.55,0
3592,1336,89,1,836.24,0
3593,1337,14,1,3098.08,15
3594,1337,64,2,1286.95,0
3595,1337,56,2,455.89,10
3596,1338,18,1,1442.78,0
3597,1338,87,2,276.22,0
3598,1338,53,2,1043.79,0
3599,1338,10,1,935.22,0
3600,1338,17,2,3360.58,5
3601,1339,44,2,673.75,0
3602,1339,48,2,462.35,30
3603,1339,81,1,427.94,0
3604,1339,50,1,597.45,15
3605,1340,65,1,849.57,10
3606,1341,41,2,621.88,5
3607,1341,26,2,346.72,5
3608,1341,66,1,2194.97,20
3609,1342,21,2,4952.86,0
3610,1342,68,1,2338.01,0
3611,1342,83,2,250.11,0
3612,1342,9,4,4807.46,15
3613,1342,56,1,455.89,20
3614,1343,59,2,2076.49,15
3615,1343,74,1,952.76,5
3616,1344,92,2,939.85,5
3617,1344,48,1,462.35,0
3618,1344,22,2,3580.76,10
3619,1345,83,1,250.11,10
3620,1345,86,1,996.16,0
3621,1346,23,2,1530.72,0
3622,1346,50,1,597.45,15
3623,1346,41,2,621.88,30
3624,1346,100,1,24.52,10
3625,1346,14,1,3098.08,0
3626,1347,18,3,1442.78,0
3627,1347,36,1,530.72,0
3628,1348,24,1,1704.83,10
3629,1348,11,2,4132.08,0
3630,1348,37,2,390.29,10
3631,1348,32,3,366.62,0
3632,1349,55,1,803.67,5
3633,1349,7,2,4142.44,10
3634,1349,95,2,639.72,0
3635,1350,76,2,590.41,0
3636,1350,56,1,455.89,10
3637,1351,80,2,257.52,0
3638,1351,49,2,367.35,20
3639,1351,58,1,1556.29,5
3640,1351,22,1,3580.76,10
3641,1352,82,1,935.69,15
3642,1352,24,3,1704.83,30
3643,1352,17,2,3360.58,20
3644,1352,6,1,2952.24,0
3645,1353,18,2,1442.78,0
3646,1353,27,1,248.66,20
3647,1353,98,1,774.55,15
3648,1354,61,2,1903.97,0
3649,1354,40,2,529.21,10
3650,1354,87,1,276.22,0
3651,1354,53,1,1043.79,5
3652,1355,8,1,3641.63,0
3653,1355,26,4,346.72,0
3654,1356,27,3,248.66,0
3655,1356,52,3,1438.67,30
3656,1357,95,1,639.72,5
3657,1357,75,2,1492.83,0
3658,1357,27,2,248.66,10
3659,1358,9,1,4807.46,0
3660,1358,64,1,1286.95,0
3661,1358,68,2,2338.01,0
3662,1359,57,1,771.32,0
3663,1359,78,3,198.04,10
3664,1359,27,1,248.66,0
3665,1359,52,1,1438.67,5
3666,1359,50,1,597.45,15
3667,1360,76,1,590.41,0
3668,1360,54,2,784.48,0
3669,1361,83,1,250.11,0
3670,1361,82,3,935.69,0
3671,1361,14,3,3098.08,0
3672,1361,67,1,2498.42,15
3673,1361,41,2,621.88,10
3674,1362,57,1,771.32,5
3675,1362,83,1,250.11,30
3676,1363,26,1,346.72,0
3677,1364,45,1,708.51,5
3678,1364,76,2,590.41,10
3679,1365,47,3,624.38,0
3680,1365,44,3,673.75,5
3681,1366,46,1,414.49,0
3682,1366,56,1,455.89,0
3683,1366,42,1,447.77,10
3684,1367,4,1,634.09,0
3685,1367,24,2,1704.83,0
3686,1367,17,1,3360.58,20
3687,1367,7,3,4142.44,0
3688,1368,7,1,4142.44,0
3689,1368,80,1,257.52,0
3690,1369,16,2,1547.56,10
3691,1370,25,1,4443.65,0
3692,1370,23,3,1530.72,5
3693,1370,8,2,3641.63,0
3694,1370,48,2,462.35,10
3695,1370,94,1,610.76,5
3696,1371,14,1,3098.08,15
3697,1371,96,1,906.76,0
3698,1372,5,1,619.41,0
3699,1372,39,4,734.47,0
3700,1373,60,2,1248.31,10
3701,1373,41,3,621.88,0
3702,1373,16,1,1547.56,20
3703,1374,28,1,247.06,0
3704,1374,35,1,561.28,10
3705,1374,23,4,1530.72,0
3706,1375,33,3,797.09,5
3707,1375,80,2,257.52,0
3708,1375,77,2,170.07,0
3709,1376,89,3,836.24,0
3710,1376,83,2,250.11,0
3711,1376,61,1,1903.97,0
3712,1376,86,1,996.16,5
3713,1377,68,1,2338.01,0
3714,1377,29,1,349.55,0
3715,1377,47,2,624.38,0
3716,1377,22,2,3580.76,5
3717,1377,19,1,3416.16,0
3718,1378,22,2,3580.76,0
3719,1378,54,1,784.48,10
3720,1378,14,2,3098.08,0
3721,1378,51,3,2489.33,0
3722,1378,93,1,120.43,10
3723,1379,86,1,996.16,5
3724,1379,49,1,367.35,5
3725,1380,38,2,247.54,10
3726,1380,11,1,4132.08,0
3727,1381,54,1,784.48,0
3728,1381,59,3,2076.49,20
3729,1381,5,3,619.41,0
3730,1382,99,1,745.11,15
3731,1382,42,1,447.77,5
3732,1382,51,1,2489.33,10
3733,1383,23,1,1530.72,10
3734,1383,24,1,1704.83,0
3735,1383,87,1,276.22,0
3736,1384,75,1,1492.83,0
3737,1384,10,1,935.22,5
3738,1385,32,1,366.62,5
3739,1385,70,4,429.0,0
3740,1385,33,2,797.09,10
3741,1385,10,3,935.22,15
3742,1385,71,3,883.45,15
3743,1386,56,1,455.89,0
3744,1386,2,2,1504.45,0
3745,1387,25,1,4443.65,0
3746,1387,61,2,1903.97,0
3747,1387,66,2,2194.97,5
3748,1387,28,2,247.06,5
3749,1388,31,1,132.24,0
3750,1388,7,5,4142.44,0
3751,1389,3,1,4514.81,0
3752,1389,36,1,530.72,5
3753,1390,19,2,3416.16,5
3754,1391,23,3,1530.72,0
3755,1391,64,1,1286.95,10
3756,1392,36,1,530.72,0
3757,1392,74,3,952.76,10
3758,1392,42,3,447.77,10
3759,1393,66,1,2194.97,0
3760,1393,28,4,247.06,30
3761,1393,19,3,3416.16,0
3762,1393,97,4,432.22,0
3763,1394,76,1,590.41,10
3764,1394,65,1,849.57,0
3765,1394,97,2,432.22,30
3766,1395,43,1,64.61,0
3767,1395,17,1,3360.58,10
3768,1395,24,2,1704.83,15
3769,1395,62,1,516.52,0
3770,1396,7,3,4142.44,15
3771,1397,24,2,1704.83,0
3772,1398,91,2,819.85,10
3773,1399,9,1,4807.46,0
3774,1399,55,2,803.67,0
3775,1399,1,1,3377.42,15
3776,1399,70,1,429.0,0
3777,1400,20,2,3781.07,0
3778,1400,83,4,250.11,10
3779,1401,28,1,247.06,10
3780,1401,18,1,1442.78,5
3781,1401,85,5,86.45,0
3782,1402,53,4,1043.79,10
3783,1403,44,3,673.75,5
3784,1403,9,1,4807.46,20
3785,1403,49,2,367.35,5
3786,1403,59,5,2076.49,0
3787,1404,24,1,1704.83,30
3788,1405,74,1,952.76,5
3789,1405,45,1,708.51,15
3790,1405,88,1,881.08,5
3791,1406,20,1,3781.07,0
3792,1406,56,4,455.89,0
3793,1406,26,3,346.72,0
3794,1406,16,2,1547.56,10
3795,1407,25,2,4443.65,5
3796,1407,66,4,2194.97,0
3797,1407,12,1,4879.02,10
3798,1407,86,2,996.16,0
3799,1408,2,1,1504.45,0
3800,1408,65,1,849.57,20
3801,1408,95,1,639.72,10
3802,1409,87,5,276.22,0
3803,1409,91,1,819.85,5
3804,1409,38,1,247.54,0
3805,1410,98,2,774.55,15
3806,1410,45,3,708.51,20
3807,1410,34,2,695.58,0
3808,1410,58,1,1556.29,0
3809,1411,19,1,3416.16,5
3810,1411,89,2,836.24,20
3811,1411,87,1,276.22,10
3812,1412,66,4,2194.97,0
3813,1413,74,3,952.76,5
3814,1413,88,1,881.08,0
3815,1413,13,1,4232.32,0
3816,1414,32,1,366.62,0
3817,1414,94,2,610.76,10
3818,1415,89,3,836.24,0
3819,1415,38,3,247.54,0
3820,1416,3,3,4514.81,15
3821,1416,62,1,516.52,5
3822,1417,1,2,3377.42,0
3823,1417,54,1,784.48,0
3824,1418,99,2,745.11,10
3825,1418,77,1,170.07,0
3826,1418,39,1,734.47,0
3827,1418,1,1,3377.42,0
3828,1419,14,2,3098.08,5
3829,1419,83,2,250.11,0
3830,1419,49,1,367.35,0
3831,1419,57,3,771.32,15
3832,1420,45,1,708.51,10
3833,1420,32,1,366.62,0
3834,1420,16,1,1547.56,15
3835,1421,35,1,561.28,0
3836,1421,7,1,4142.44,5
3837,1421,30,1,432.14,0
3838,1421,78,1,198.04,0
3839,1421,60,1,1248.31,10
3840,1422,66,1,2194.97,5
3841,1423,25,1,4443.65,0
3842,1423,15,2,1525.54,15
3843,1423,27,1,248.66,10
3844,1424,80,3,257.52,10
3845,1424,75,1,1492.83,5
3846,1424,14,1,3098.08,5
3847,1425,92,2,939.85,0
3848,1426,26,1,346.72,0
3849,1426,54,3,784.48,0
3850,1426,52,3,1438.67,0
3851,1427,45,4,708.51,0
3852,1427,25,2,4443.65,5
3853,1427,78,2,198.04,5
3854,1427,35,1,561.28,5
3855,1428,91,1,819.85,0
3856,1428,20,1,3781.07,15
3857,1428,67,2,2498.42,0
3858,1429,91,4,819.85,0
3859,1429,16,3,1547.56,5
3860,1429,34,1,695.58,0
3861,1429,21,1,4952.86,0
3862,1430,40,4,529.21,10
3863,1430,3,2,4514.81,5
3864,1431,3,1,4514.81,10
3865,1431,26,1,346.72,10
3866,1431,48,2,462.35,15
3867,1431,33,1,797.09,5
3868,1431,60,2,1248.31,10
3869,1432,13,1,4232.32,20
3870,1432,80,1,257.52,0
3871,1432,37,2,390.29,10
3872,1432,3,1,4514.81,0
3873,1433,7,2,4142.44,0
3874,1434,80,1,257.52,0
3875,1434,4,3,634.09,0
3876,1434,1,4,3377.42,0
3877,1435,8,5,3641.63,0
3878,1435,91,2,819.85,0
3879,1435,45,2,708.51,0
3880,1436,38,4,247.54,0
3881,1436,41,1,621.88,15
3882,1436,49,1,367.35,5
3883,1437,40,1,529.21,0
3884,1437,94,2,610.76,10
3885,1437,54,2,784.48,0
3886,1438,7,1,4142.44,0
3887,1439,34,1,695.58,0
3888,1439,75,5,1492.83,0
3889,1439,6,1,2952.24,15
3890,1439,26,5,346.72,10
3891,1440,97,1,432.22,15
3892,1440,91,4,819.85,10
3893,1440,81,1,427.94,5
3894,1441,12,1,4879.02,0
3895,1441,50,1,597.45,5
3896,1441,86,1,996.16,10
3897,1442,11,2,4132.08,5
3898,1443,8,1,3641.63,5
3899,1443,20,1,3781.07,10
3900,1443,31,3,132.24,0
3901,1443,70,2,429.0,10
3902,1443,72,1,1230.62,0
3903,1444,84,2,310.5,20
3904,1445,24,1,1704.83,5
3905,1445,67,1,2498.42,0
3906,1446,65,2,849.57,0
3907,1447,61,1,1903.97,0
3908,1447,82,2,935.69,0
3909,1448,87,1,276.22,5
3910,1449,31,1,132.24,5
3911,1449,79,4,246.68,0
3912,1450,62,1,516.52,30
3913,1450,29,3,349.55,0
3914,1450,28,2,247.06,10
3915,1450,67,2,2498.42,5
3916,1451,31,2,132.24,10
3917,1451,72,1,1230.62,20
3918,1451,47,5,624.38,20
3919,1452,88,3,881.08,0
3920,1452,47,2,624.38,0
3921,1452,87,1,276.22,15
3922,1452,40,2,529.21,0
3923,1452,39,1,734.47,0
3924,1453,59,2,2076.49,10
3925,1453,43,2,64.61,20
3926,1453,79,2,246.68,0
3927,1454,23,2,1530.72,5
3928,1454,1,2,3377.42,30
3929,1454,89,4,836.24,5
3930,1454,36,2,530.72,0
3931,1454,14,5,3098.08,0
3932,1455,60,2,1248.31,5
3933,1455,8,3,3641.63,10
3934,1456,3,1,4514.81,0
3935,1456,24,1,1704.83,5
3936,1457,22,1,3580.76,0
3937,1458,39,2,734.47,5
3938,1458,47,2,624.38,20
3939,1459,51,2,2489.33,15
3940,1459,21,1,4952.86,5
3941,1459,9,3,4807.46,0
3942,1459,75,1,1492.83,0
3943,1459,22,3,3580.76,10
3944,1460,23,2,1530.72,20
3945,1460,45,5,708.51,5
3946,1460,54,3,784.48,5
3947,1460,38,2,247.54,5
3948,1460,99,3,745.11,0
3949,1461,94,2,610.76,15
3950,1461,100,1,24.52,5
3951,1462,18,1,1442.78,0
3952,1462,43,1,64.61,20
3953,1463,46,3,414.49,10
3954,1463,6,1,2952.24,15
3955,1464,81,2,427.94,15
3956,1464,50,2,597.45,0
3957,1464,29,1,349.55,0
3958,1465,81,2,427.94,0
3959,1465,82,1,935.69,15
3960,1465,21,2,4952.86,15
3961,1465,4,2,634.09,15
3962,1466,18,4,1442.78,15
3963,1466,64,2,1286.95,15
3964,1466,49,2,367.35,0
3965,1466,32,2,366.62,0
3966,1466,42,3,447.77,0
3967,1467,41,2,621.88,5
3968,1467,29,2,349.55,5
3969,1467,81,3,427.94,0
3970,1467,30,4,432.14,5
3971,1467,43,2,64.61,0
3972,1468,84,1,310.5,5
3973,1468,87,1,276.22,5
3974,1468,42,1,447.77,0
3975,1469,11,1,4132.08,0
3976,1470,4,2,634.09,20
3977,1470,73,1,1522.69,0
3978,1471,42,3,447.77,5
3979,1471,78,2,198.04,0
3980,1471,97,2,432.22,0
3981,1471,50,2,597.45,10
3982,1471,82,1,935.69,0
3983,1472,92,1,939.85,5
3984,1473,12,1,4879.02,20
3985,1473,66,1,2194.97,15
3986,1474,23,1,1530.72,0
3987,1474,42,5,447.77,0
3988,1474,43,1,64.61,0
3989,1475,1,3,3377.42,0
3990,1475,57,4,771.32,10
3991,1476,86,1,996.16,0
3992,1477,13,3,4232.32,15
3993,1477,22,1,3580.76,0
3994,1478,47,1,624.38,10
3995,1478,76,2,590.41,15
3996,1478,69,1,1368.41,0
3997,1478,21,1,4952.86,10
3998,1479,4,3,634.09,5
3999,1479,56,1,455.89,0
4000,1480,46,1,414.49,10
4001,1480,10,1,935.22,10
4002,1480,85,1,86.45,20
4003,1481,91,2,819.85,5
4004,1481,34,4,695.58,0
4005,1482,73,2,1522.69,10
4006,1482,66,1,2194.97,5
4007,1483,64,2,1286.95,10
4008,1483,1,2,3377.42,0
4009,1483,15,2,1525.54,5
4010,1484,86,1,996.16,0
4011,1484,21,1,4952.86,0
4012,1485,98,1,774.55,5
4013,1485,13,1,4232.32,5
4014,1485,19,3,3416.16,15
4015,1486,25,1,4443.65,5
4016,1486,87,1,276.22,0
4017,1486,23,2,1530.72,10
4018,1487,15,3,1525.54,0
4019,1487,78,3,198.04,5
4020,1487,63,3,2195.68,0
4021,1487,66,1,2194.97,30
4022,1488,2,1,1504.45,0
4023,1488,91,3,819.85,10
4024,1488,81,2,427.94,15
4025,1489,81,1,427.94,0
4026,1489,13,3,4232.32,0
4027,1489,31,2,132.24,0
4028,1489,64,3,1286.95,0
4029,1489,87,1,276.22,0
4030,1490,21,1,4952.86,15
4031,1490,98,3,774.55,20
4032,1491,54,1,784.48,0
4033,1491,71,1,883.45,0
4034,1492,22,1,3580.76,0
4035,1493,2,1,1504.45,0
4036,1494,82,2,935.69,0
4037,1494,44,2,673.75,10
4038,1495,43,1,64.61,20
4039,1495,6,1,2952.24,30
4040,1495,82,3,935.69,0
4041,1495,13,1,4232.32,15
4042,1496,66,1,2194.97,20
4043,1496,75,2,1492.83,0
4044,1496,76,1,590.41,0
4045,1497,8,3,3641.63,0
4046,1497,37,1,390.29,0
4047,1497,63,2,2195.68,20
4048,1497,33,3,797.09,15
4049,1498,40,2,529.21,0
4050,1498,54,1,784.48,0
4051,1499,91,3,819.85,10
4052,1499,66,1,2194.97,0
4053,1500,30,1,432.14,20
4054,1500,4,1,634.09,20
4055,1500,33,1,797.09,10
4056,1501,64,2,1286.95,5
4057,1501,44,1,673.75,10
4058,1501,34,5,695.58,30
4059,1502,20,1,3781.07,0
4060,1502,21,3,4952.86,10
4061,1503,87,1,276.22,0
4062,1503,27,1,248.66,5
4063,1503,36,1,530.72,20
4064,1503,97,2,432.22,15
4065,1504,87,1,276.22,0
4066,1505,78,2,198.04,20
4067,1505,72,1,1230.62,0
4068,1505,85,5,86.45,20
4069,1506,82,1,935.69,20
4070,1507,23,4,1530.72,0
4071,1507,54,5,784.48,15
4072,1507,29,2,349.55,0
4073,1507,21,2,4952.86,5
4074,1508,86,3,996.16,0
4075,1508,12,2,4879.02,15
4076,1508,68,2,2338.01,10
4077,1508,16,1,1547.56,0
4078,1508,13,4,4232.32,15
4079,1509,25,1,4443.65,10
4080,1509,40,2,529.21,0
4081,1510,35,2,561.28,0
4082,1510,7,1,4142.44,5
4083,1510,73,3,1522.69,15
4084,1511,11,4,4132.08,0
4085,1511,88,1,881.08,5
4086,1511,95,1,639.72,10
4087,1512,22,1,3580.76,15
4088,1512,40,2,529.21,0
4089,1513,22,1,3580.76,5
4090,1514,77,1,170.07,5
4091,1514,10,2,935.22,0
4092,1514,7,3,4142.44,0
4093,1515,23,1,1530.72,15
4094,1515,5,1,619.41,5
4095,1515,57,1,771.32,5
4096,1516,74,1,952.76,15
4097,1516,46,1,414.49,5
4098,1517,36,1,530.72,0
4099,1518,8,2,3641.63,0
4100,1518,15,1,1525.54,0
4101,1519,5,1,619.41,0
4102,1520,61,2,1903.97,5
4103,1520,40,2,529.21,15
4104,1520,31,1,132.24,10
4105,1521,70,2,429.0,0
4106,1521,35,1,561.28,0
4107,1521,47,3,624.38,0
4108,1522,61,5,1903.97,0
4109,1523,85,2,86.45,15
4110,1524,93,1,120.43,0
4111,1524,12,1,4879.02,0
4112,1524,7,2,4142.44,0
4113,1524,20,3,3781.07,0
4114,1524,49,1,367.35,0
4115,1525,97,1,432.22,0
4116,1525,91,1,819.85,15
4117,1525,87,4,276.22,0
4118,1525,36,1,530.72,20
4119,1525,64,3,1286.95,20
4120,1526,33,1,797.09,10
4121,1526,56,1,455.89,10
4122,1527,64,2,1286.95,0
4123,1527,39,1,734.47,20
4124,1528,38,2,247.54,10
4125,1528,93,1,120.43,0
4126,1528,97,2,432.22,0
4127,1528,22,1,3580.76,15
4128,1529,51,1,2489.33,5
4129,1529,6,1,2952.24,0
4130,1529,89,1,836.24,0
4131,1529,83,1,250.11,5
4132,1529,25,1,4443.65,0
4133,1530,94,1,610.76,0
4134,1530,88,1,881.08,0
4135,1530,41,3,621.88,30
4136,1531,68,1,2338.01,5
4137,1532,44,2,673.75,30
4138,1532,68,2,2338.01,0
4139,1532,92,1,939.85,0
4140,1533,58,3,1556.29,0
4141,1533,74,2,952.76,5
4142,1533,73,2,1522.69,10
4143,1533,99,1,745.11,0
4144,1534,52,1,1438.67,15
4145,1534,66,2,2194.97,10
4146,1535,67,3,2498.42,10
4147,1535,83,1,250.11,5
4148,1535,56,1,455.89,10
4149,1535,62,4,516.52,0
4150,1535,24,1,1704.83,5
4151,1536,21,1,4952.86,10
4152,1536,37,2,390.29,5
4153,1537,57,3,771.32,0
4154,1538,80,4,257.52,5
4155,1539,41,3,621.88,5
4156,1539,10,1,935.22,15
4157,1540,92,1,939.85,10
4158,1541,37,1,390.29,10
4159,1542,62,1,516.52,20
4160,1543,85,1,86.45,5
4161,1543,8,1,3641.63,10
4162,1544,94,3,610.76,15
4163,1545,10,1,935.22,15
4164,1545,12,3,4879.02,5
4165,1546,13,1,4232.32,0
4166,1546,68,1,2338.01,0
4167,1546,34,1,695.58,30
4168,1547,19,1,3416.16,20
4169,1547,58,1,1556.29,0
4170,1547,45,2,708.51,0
4171,1547,79,1,246.68,10
4172,1548,66,1,2194.97,10
4173,1549,49,1,367.35,5
4174,1549,96,1,906.76,5
4175,1549,10,1,935.22,0
4176,1549,70,1,429.0,0
4177,1550,22,2,3580.76,30
4178,1550,90,2,987.42,15
4179,1550,51,1,2489.33,15
4180,1551,70,2,429.0,10
4181,1551,9,1,4807.46,20
4182,1551,94,1,610.76,5
4183,1551,49,1,367.35,0
4184,1552,11,1,4132.08,0
4185,1552,100,1,24.52,0
4186,1552,55,3,803.67,20
4187,1553,65,1,849.57,15
4188,1553,81,1,427.94,0
4189,1553,50,1,597.45,10
4190,1553,16,2,1547.56,0
4191,1553,56,1,455.89,10
4192,1554,11,3,4132.08,5
4193,1554,67,1,2498.42,0
4194,1554,85,3,86.45,30
4195,1554,19,1,3416.16,0
4196,1554,42,3,447.77,0
4197,1555,30,2,432.14,0
4198,1555,15,1,1525.54,15
4199,1556,20,2,3781.07,5
4200,1556,1,1,3377.42,5
4201,1556,3,1,4514.81,10
4202,1556,52,1,1438.67,15
4203,1556,12,1,4879.02,5
4204,1557,25,1,4443.65,15
4205,1557,79,2,246.68,10
4206,1558,54,1,784.48,5
4207,1558,51,4,2489.33,15
4208,1558,58,4,1556.29,5
4209,1558,97,1,432.22,0
4210,1558,56,3,455.89,30
4211,1559,77,3,170.07,30
4212,1559,42,2,447.77,10
4213,1560,45,2,708.51,5
4214,1560,60,1,1248.31,5
4215,1560,92,2,939.85,15
4216,1560,16,2,1547.56,10
4217,1560,32,1,366.62,0
4218,1561,49,4,367.35,10
4219,1561,55,2,803.67,15
4220,1562,99,1,745.11,5
4221,1562,38,1,247.54,10
4222,1562,55,1,803.67,0
4223,1562,89,1,836.24,15
4224,1563,38,5,247.54,30
4225,1563,46,1,414.49,10
4226,1563,26,1,346.72,5
4227,1563,71,1,883.45,10
4228,1563,23,2,1530.72,0
4229,1564,62,1,516.52,5
4230,1564,86,2,996.16,30
4231,1565,79,1,246.68,5
4232,1565,71,1,883.45,0
4233,1565,1,1,3377.42,30
4234,1565,15,1,1525.54,0
4235,1566,46,2,414.49,0
4236,1566,96,1,906.76,0
4237,1566,99,1,745.11,5
4238,1566,68,2,2338.01,0
4239,1566,14,3,3098.08,15
4240,1567,82,1,935.69,15
4241,1567,47,2,624.38,0
4242,1568,48,4,462.35,0
4243,1568,9,1,4807.46,0
4244,1568,5,1,619.41,5
4245,1568,84,1,310.5,10
4246,1569,73,1,1522.69,5
4247,1569,38,2,247.54,5
4248,1570,26,3,346.72,0
4249,1570,22,1,3580.76,0
4250,1571,96,1,906.76,5
4251,1571,8,3,3641.63,5
4252,1572,14,1,3098.08,0
4253,1573,38,1,247.54,10
4254,1573,18,3,1442.78,15
4255,1573,76,1,590.41,10
4256,1574,94,1,610.76,10
4257,1574,65,2,849.57,15
4258,1574,96,4,906.76,0
4259,1574,9,1,4807.46,0
4260,1575,38,3,247.54,5
4261,1575,63,3,2195.68,0
4262,1575,44,2,673.75,5
4263,1575,18,2,1442.78,20
4264,1576,45,1,708.51,20
4265,1576,89,1,836.24,0
4266,1577,79,1,246.68,5
4267,1577,52,2,1438.67,0
4268,1577,16,2,1547.56,0
4269,1578,91,2,819.85,0
4270,1578,80,2,257.52,15
4271,1579,73,3,1522.69,10
4272,1579,44,1,673.75,5
4273,1580,45,2,708.51,5
4274,1581,24,2,1704.83,15
4275,1581,82,2,935.69,0
4276,1581,48,1,462.35,5
4277,1581,52,3,1438.67,0
4278,1582,95,1,639.72,0
4279,1582,15,2,1525.54,15
4280,1582,9,3,4807.46,0
4281,1582,57,1,771.32,0
4282,1582,45,1,708.51,5
4283,1583,9,1,4807.46,15
4284,1584,90,2,987.42,20
4285,1584,86,4,996.16,0
4286,1585,100,1,24.52,0
4287,1585,23,1,1530.72,10
4288,1585,43,1,64.61,0
4289,1585,56,1,455.89,5
4290,1586,54,1,784.48,10
4291,1586,85,1,86.45,0
4292,1586,69,1,1368.41,0
4293,1586,93,2,120.43,20
4294,1586,91,4,819.85,0
4295,1587,14,1,3098.08,0
4296,1587,88,3,881.08,0
4297,1587,83,3,250.11,0
4298,1588,31,4,132.24,0
4299,1588,27,2,248.66,0
4300,1588,13,1,4232.32,15
4301,1588,99,1,745.11,10
4302,1589,2,3,1504.45,0
4303,1589,92,2,939.85,5
4304,1589,32,3,366.62,10
4305,1590,46,1,414.49,0
4306,1590,52,1,1438.67,10
4307,1591,57,2,771.32,10
4308,1591,11,4,4132.08,15
4309,1591,83,1,250.11,0
4310,1592,87,3,276.22,5
4311,1592,98,4,774.55,15
4312,1593,96,1,906.76,0
4313,1593,45,1,708.51,15
4314,1593,13,4,4232.32,0
4315,1593,65,1,849.57,0
4316,1594,49,1,367.35,15
4317,1594,52,3,1438.67,10
4318,1594,8,1,3641.63,20
4319,1595,87,2,276.22,0
4320,1595,46,1,414.49,5
4321,1595,3,1,4514.81,15
4322,1596,50,5,597.45,15
4323,1596,98,2,774.55,0
4324,1597,87,3,276.22,0
4325,1597,97,1,432.22,0
4326,1598,50,2,597.45,0
4327,1598,7,2,4142.44,5
4328,1598,1,2,3377.42,5
4329,1598,9,2,4807.46,5
4330,1599,73,2,1522.69,0
4331,1599,13,3,4232.32,5
4332,1600,78,1,198.04,0
4333,1600,17,2,3360.58,10
4334,1601,96,1,906.76,5
4335,1601,2,2,1504.45,0
4336,1602,53,1,1043.79,0
4337,1603,67,2,2498.42,0
4338,1604,52,1,1438.67,0
4339,1604,56,1,455.89,10
4340,1604,44,1,673.75,0
4341,1604,96,1,906.76,30
4342,1605,87,3,276.22,5
4343,1605,55,4,803.67,0
4344,1605,24,1,1704.83,0
4345,1606,55,3,803.67,0
4346,1606,81,1,427.94,0
4347,1607,69,1,1368.41,0
4348,1607,89,2,836.24,0
4349,1608,43,1,64.61,0
4350,1608,4,1,634.09,0
4351,1609,65,1,849.57,0
4352,1609,57,2,771.32,0
4353,1609,42,1,447.77,15
4354,1610,28,1,247.06,0
4355,1610,79,1,246.68,5
4356,1610,72,1,1230.62,15
4357,1610,85,1,86.45,0
4358,1610,23,1,1530.72,10
4359,1611,70,2,429.0,0
4360,1611,91,2,819.85,10
4361,1612,35,3,561.28,0
4362,1612,38,1,247.54,5
4363,1612,62,2,516.52,20
4364,1613,34,1,695.58,15
4365,1613,12,1,4879.02,30
4366,1613,4,2,634.09,15
4367,1614,98,4,774.55,15
4368,1614,21,3,4952.86,15
4369,1615,30,3,432.14,0
4370,1615,28,3,247.06,10
4371,1615,49,5,367.35,0
4372,1615,57,1,771.32,10
4373,1616,24,5,1704.83,0
4374,1617,36,2,530.72,10
4375,1617,5,1,619.41,0
4376,1617,80,3,257.52,10
4377,1618,7,1,4142.44,0
4378,1619,56,1,455.89,5
4379,1619,90,1,987.42,5
4380,1620,83,2,250.11,0
4381,1620,80,3,257.52,10
4382,1620,60,2,1248.31,5
4383,1621,11,3,4132.08,20
4384,1621,13,2,4232.32,0
4385,1621,38,3,247.54,0
4386,1622,23,2,1530.72,0
4387,1622,29,2,349.55,15
4388,1622,82,3,935.69,20
4389,1623,86,2,996.16,5
4390,1623,67,2,2498.42,0
4391,1623,51,1,2489.33,15
4392,1623,55,1,803.67,0
4393,1624,18,1,1442.78,0
4394,1624,34,2,695.58,0
4395,1625,29,1,349.55,5
4396,1626,61,1,1903.97,10
4397,1626,56,1,455.89,30
4398,1626,7,2,4142.44,20
4399,1627,22,2,3580.76,10
4400,1627,97,1,432.22,5
4401,1627,92,1,939.85,10
4402,1628,63,1,2195.68,20
4403,1628,49,1,367.35,0
4404,1629,36,1,530.72,10
4405,1629,93,2,120.43,15
4406,1629,30,2,432.14,5
4407,1629,16,2,1547.56,0
4408,1630,23,1,1530.72,0
4409,1630,7,5,4142.44,0
4410,1630,5,1,619.41,0
4411,1630,67,1,2498.42,15
4412,1630,99,3,745.11,0
4413,1631,82,1,935.69,5
4414,1631,20,1,3781.07,15
4415,1632,51,1,2489.33,5
4416,1632,21,4,4952.86,10
4417,1632,10,1,935.22,20
4418,1632,98,2,774.55,15
4419,1633,64,2,1286.95,10
4420,1633,35,3,561.28,10
4421,1634,94,1,610.76,0
4422,1634,63,1,2195.68,20
4423,1634,88,2,881.08,5
4424,1634,73,1,1522.69,5
4425,1634,54,1,784.48,0
4426,1635,45,1,708.51,0
4427,1636,89,2,836.24,10
4428,1636,56,3,455.89,0
4429,1636,100,3,24.52,10
4430,1637,16,2,1547.56,10
4431,1637,23,3,1530.72,5
4432,1637,9,2,4807.46,10
4433,1637,74,3,952.76,0
4434,1637,76,1,590.41,5
4435,1638,21,1,4952.86,0
4436,1638,95,5,639.72,0
4437,1639,2,2,1504.45,10
4438,1639,29,1,349.55,0
4439,1639,78,3,198.04,5
4440,1640,12,3,4879.02,5
4441,1640,85,3,86.45,10
4442,1640,98,1,774.55,10
4443,1641,1,2,3377.42,5
4444,1641,27,4,248.66,0
4445,1641,93,2,120.43,0
4446,1642,63,1,2195.68,0
4447,1642,69,1,1368.41,0
4448,1642,48,2,462.35,0
4449,1642,37,4,390.29,0
4450,1642,42,1,447.77,0
4451,1643,18,1,1442.78,0
4452,1643,21,3,4952.86,0
4453,1644,41,4,621.88,0
4454,1644,48,1,462.35,0
4455,1645,55,1,803.67,0
4456,1645,23,2,1530.72,20
4457,1645,19,1,3416.16,0
4458,1645,85,1,86.45,10
4459,1645,33,2,797.09,0
4460,1646,59,2,2076.49,5
4461,1647,62,1,516.52,10
4462,1647,78,2,198.04,5
4463,1648,65,2,849.57,15
4464,1648,26,2,346.72,10
4465,1649,75,1,1492.83,20
4466,1649,68,1,2338.01,0
4467,1650,49,2,367.35,0
4468,1650,45,3,708.51,15
4469,1650,24,2,1704.83,5
4470,1651,94,1,610.76,5
4471,1651,81,1,427.94,0
4472,1652,52,4,1438.67,20
4473,1652,4,3,634.09,0
4474,1652,86,1,996.16,10
4475,1652,26,1,346.72,0
4476,1652,27,1,248.66,0
4477,1653,57,2,771.32,0
4478,1653,100,2,24.52,5
4479,1654,9,1,4807.46,0
4480,1654,78,1,198.04,5
4481,1654,6,2,2952.24,0
4482,1655,36,1,530.72,0
4483,1655,6,1,2952.24,0
4484,1655,86,1,996.16,5
4485,1656,45,1,708.51,10
4486,1657,69,3,1368.41,0
4487,1658,39,1,734.47,0
4488,1659,34,1,695.58,5
4489,1659,60,1,1248.31,0
4490,1660,42,1,447.77,10
4491,1660,5,1,619.41,5
4492,1660,2,2,1504.45,15
4493,1661,75,2,1492.83,5
4494,1662,88,2,881.08,30
4495,1662,90,2,987.42,0
4496,1663,42,1,447.77,0
4497,1664,60,1,1248.31,0
4498,1664,96,1,906.76,10
4499,1664,29,1,349.55,0
4500,1665,13,1,4232.32,5
4501,1665,92,2,939.85,0
4502,1665,8,1,3641.63,15
4503,1666,87,3,276.22,0
4504,1666,11,4,4132.08,5
4505,1667,100,1,24.52,15
4506,1668,79,1,246.68,15
4507,1668,61,2,1903.97,0
4508,1668,98,1,774.55,0
4509,1668,89,2,836.24,20
4510,1669,10,4,935.22,0
4511,1669,20,1,3781.07,5
4512,1669,98,3,774.55,0
4513,1670,68,4,2338.01,5
4514,1670,45,2,708.51,15
4515,1671,46,1,414.49,0
4516,1671,56,1,455.89,30
4517,1672,99,1,745.11,5
4518,1672,11,1,4132.08,0
4519,1673,26,1,346.72,0
4520,1673,27,1,248.66,5
4521,1673,7,1,4142.44,10
4522,1674,91,3,819.85,0
4523,1674,9,4,4807.46,0
4524,1674,2,1,1504.45,0
4525,1675,65,1,849.57,30
4526,1675,83,2,250.11,5
4527,1675,15,3,1525.54,0
4528,1676,57,3,771.32,5
4529,1677,73,2,1522.69,0
4530,1677,51,2,2489.33,0
4531,1677,18,1,1442.78,0
4532,1677,65,1,849.57,20
4533,1678,74,2,952.76,10
4534,1678,13,2,4232.32,5
4535,1678,20,1,3781.07,20
4536,1679,35,1,561.28,15
4537,1680,55,1,803.67,0
4538,1680,46,1,414.49,0
4539,1680,40,4,529.21,5
4540,1681,5,1,619.41,15
4541,1681,44,4,673.75,0
4542,1681,52,5,1438.67,30
4543,1682,51,1,2489.33,0
4544,1682,14,3,3098.08,10
4545,1683,43,1,64.61,15
4546,1683,7,1,4142.44,30
4547,1684,45,1,708.51,0
4548,1684,80,1,257.52,0
4549,1685,74,2,952.76,5
4550,1685,28,4,247.06,0
4551,1685,61,1,1903.97,15
4552,1686,25,1,4443.65,10
4553,1687,73,2,1522.69,5
4554,1687,94,4,610.76,0
4555,1687,50,3,597.45,0
4556,1687,3,2,4514.81,0
4557,1688,81,2,427.94,5
4558,1689,18,1,1442.78,5
4559,1689,31,3,132.24,10
4560,1689,63,1,2195.68,5
4561,1689,58,1,1556.29,30
4562,1690,69,3,1368.41,0
4563,1690,99,3,745.11,0
4564,1691,82,3,935.69,0
4565,1691,20,3,3781.07,0
4566,1692,96,4,906.76,0
4567,1692,85,1,86.45,10
4568,1692,43,4,64.61,0
4569,1693,61,3,1903.97,0
4570,1694,41,1,621.88,30
4571,1695,43,1,64.61,20
4572,1695,59,1,2076.49,10
4573,1695,70,1,429.0,20
4574,1696,68,2,2338.01,30
4575,1696,67,3,2498.42,0
4576,1696,15,1,1525.54,10
4577,1696,45,1,708.51,0
4578,1697,53,4,1043.79,0
4579,1698,55,2,803.67,10
4580,1698,69,2,1368.41,15
4581,1699,29,1,349.55,15
4582,1699,64,2,1286.95,10
4583,1699,55,1,803.67,10
4584,1700,72,3,1230.62,0
4585,1700,14,5,3098.08,0
4586,1701,68,1,2338.01,0
4587,1701,83,2,250.11,10
4588,1701,51,2,2489.33,0
4589,1702,12,1,4879.02,0
4590,1702,85,5,86.45,0
4591,1703,57,3,771.32,5
4592,1704,39,1,734.47,10
4593,1704,40,1,529.21,0
4594,1705,96,3,906.76,10
4595,1705,15,3,1525.54,15
4596,1705,62,1,516.52,10
4597,1706,35,1,561.28,10
4598,1706,85,2,86.45,0
4599,1706,26,2,346.72,0
4600,1707,25,2,4443.65,10
4601,1707,79,1,246.68,5
4602,1707,62,2,516.52,0
4603,1707,20,2,3781.07,0
4604,1708,16,1,1547.56,0
4605,1709,10,3,935.22,0
4606,1709,75,1,1492.83,20
4607,1710,71,1,883.45,15
4608,1710,33,1,797.09,15
4609,1711,49,4,367.35,0
4610,1711,33,5,797.09,20
4611,1711,78,3,198.04,15
4612,1712,13,1,4232.32,0
4613,1712,36,4,530.72,0
4614,1713,25,1,4443.65,0
4615,1713,61,2,1903.97,0
4616,1714,65,2,849.57,5
4617,1714,9,1,4807.46,20
4618,1714,2,4,1504.45,5
4619,1715,75,3,1492.83,0
4620,1716,70,2,429.0,5
4621,1716,63,2,2195.68,0
4622,1716,28,3,247.06,0
4623,1716,50,3,597.45,0
4624,1717,40,2,529.21,10
4625,1717,68,1,2338.01,0
4626,1717,18,4,1442.78,10
4627,1717,60,1,1248.31,0
4628,1718,1,1,3377.42,0
4629,1719,87,2,276.22,5
4630,1719,79,1,246.68,5
4631,1719,7,3,4142.44,30
4632,1720,59,3,2076.49,0
4633,1720,24,3,1704.83,15
4634,1720,22,1,3580.76,15
4635,1720,27,1,248.66,5
4636,1721,42,1,447.77,10
4637,1721,19,1,3416.16,0
4638,1722,98,1,774.55,0
4639,1722,45,1,708.51,10
4640,1722,27,3,248.66,0
4641,1722,73,1,1522.69,15
4642,1723,79,2,246.68,0
4643,1723,72,1,1230.62,0
4644,1723,80,2,257.52,15
4645,1724,9,2,4807.46,0
4646,1724,78,1,198.04,0
4647,1725,98,1,774.55,15
4648,1725,21,1,4952.86,0
4649,1725,90,3,987.42,0
4650,1726,34,1,695.58,5
4651,1727,69,1,1368.41,0
4652,1727,83,4,250.11,0
4653,1727,77,1,170.07,15
4654,1728,77,2,170.07,0
4655,1728,35,1,561.28,15
4656,1729,87,5,276.22,0
4657,1729,80,1,257.52,10
4658,1729,86,1,996.16,0
4659,1729,43,1,64.61,0
4660,1730,90,1,987.42,10
4661,1730,67,3,2498.42,0
4662,1730,64,2,1286.95,10
4663,1731,100,1,24.52,0
4664,1731,98,2,774.55,0
4665,1732,67,2,2498.42,0
4666,1732,26,3,346.72,5
4667,1733,44,2,673.75,0
4668,1734,46,5,414.49,0
4669,1734,9,3,4807.46,0
4670,1734,63,2,2195.68,5
4671,1734,26,2,346.72,30
4672,1734,88,1,881.08,0
4673,1735,54,1,784.48,0
4674,1735,14,1,3098.08,0
4675,1735,3,1,4514.81,5
4676,1735,70,4,429.0,0
4677,1736,77,1,170.07,20
4678,1736,66,1,2194.97,20
4679,1736,29,1,349.55,0
4680,1736,18,2,1442.78,0
4681,1737,26,1,346.72,0
4682,1737,61,1,1903.97,5
4683,1738,64,3,1286.95,10
4684,1738,71,2,883.45,0
4685,1738,65,1,849.57,0
4686,1738,5,4,619.41,0
4687,1739,35,2,561.28,0
4688,1739,54,1,784.48,10
4689,1740,44,1,673.75,0
4690,1741,71,1,883.45,0
4691,1741,13,4,4232.32,10
4692,1742,100,2,24.52,0
4693,1742,21,1,4952.86,0
4694,1743,30,2,432.14,0
4695,1743,2,2,1504.45,10
4696,1743,80,1,257.52,0
4697,1744,51,2,2489.33,30
4698,1744,73,5,1522.69,15
4699,1744,74,2,952.76,15
4700,1744,78,2,198.04,0
4701,1744,28,1,247.06,5
4702,1745,5,1,619.41,5
4703,1745,19,4,3416.16,0
4704,1745,38,1,247.54,5
4705,1746,26,3,346.72,5
4706,1746,22,3,3580.76,0
4707,1747,56,1,455.89,10
4708,1747,69,1,1368.41,0
4709,1748,92,2,939.85,15
4710,1749,40,3,529.21,5
4711,1749,90,1,987.42,10
4712,1749,79,2,246.68,0
4713,1749,33,1,797.09,0
4714,1750,8,3,3641.63,5
4715,1750,85,1,86.45,5
4716,1751,43,2,64.61,30
4717,1751,71,3,883.45,0
4718,1751,50,1,597.45,5
4719,1752,22,2,3580.76,5
4720,1752,95,1,639.72,20
4721,1752,13,1,4232.32,5
4722,1752,45,2,708.51,0
4723,1753,93,2,120.43,10
4724,1753,94,1,610.76,0
4725,1753,80,3,257.52,0
4726,1754,31,2,132.24,0
4727,1755,77,2,170.07,10
4728,1756,24,3,1704.83,0
4729,1756,22,2,3580.76,10
4730,1757,23,1,1530.72,0
4731,1757,37,3,390.29,0
4732,1757,44,4,673.75,10
4733,1758,48,1,462.35,10
4734,1758,87,2,276.22,5
4735,1759,81,1,427.94,30
4736,1759,24,2,1704.83,5
4737,1760,71,1,883.45,10
4738,1760,14,1,3098.08,15
4739,1760,22,3,3580.76,5
4740,1761,21,2,4952.86,5
4741,1761,2,1,1504.45,0
4742,1762,13,1,4232.32,5
4743,1762,88,1,881.08,0
4744,1762,41,3,621.88,0
4745,1762,80,2,257.52,0
4746,1763,83,1,250.11,0
4747,1763,31,1,132.24,0
4748,1764,18,1,1442.78,0
4749,1765,1,4,3377.42,20
4750,1765,26,2,346.72,0
4751,1766,9,1,4807.46,5
4752,1766,25,2,4443.65,10
4753,1766,31,2,132.24,0
4754,1766,13,1,4232.32,0
4755,1767,76,1,590.41,20
4756,1767,79,4,246.68,0
4757,1768,49,2,367.35,15
4758,1769,64,1,1286.95,15
4759,1769,12,2,4879.02,10
4760,1770,22,2,3580.76,0
4761,1770,24,3,1704.83,15
4762,1771,42,3,447.77,10
4763,1771,93,2,120.43,5
4764,1771,24,1,1704.83,5
4765,1772,83,1,250.11,5
4766,1772,29,5,349.55,0
4767,1772,45,1,708.51,0
4768,1773,95,1,639.72,0
4769,1773,83,5,250.11,0
4770,1773,10,4,935.22,0
4771,1774,19,2,3416.16,10
4772,1774,64,2,1286.95,15
4773,1775,17,2,3360.58,20
4774,1775,49,4,367.35,20
4775,1775,78,2,198.04,15
4776,1776,34,1,695.58,5
4777,1776,88,3,881.08,0
4778,1776,41,2,621.88,5
4779,1776,37,4,390.29,5
4780,1776,26,2,346.72,10
4781,1777,27,1,248.66,10
4782,1777,29,4,349.55,0
4783,1777,17,1,3360.58,0
4784,1778,86,1,996.16,5
4785,1778,62,2,516.52,0
4786,1778,16,1,1547.56,0
4787,1778,78,1,198.04,0
4788,1778,73,1,1522.69,20
4789,1779,20,3,3781.07,30
4790,1779,51,1,2489.33,0
4791,1779,4,1,634.09,0
4792,1779,54,4,784.48,10
4793,1779,66,1,2194.97,15
4794,1780,44,4,673.75,5
4795,1781,65,1,849.57,10
4796,1781,43,3,64.61,10
4797,1781,6,1,2952.24,10
4798,1781,55,3,803.67,0
4799,1781,73,1,1522.69,15
4800,1782,30,3,432.14,5
4801,1782,68,1,2338.01,0
4802,1782,81,2,427.94,0
4803,1783,60,3,1248.31,10
4804,1783,20,1,3781.07,5
4805,1783,19,2,3416.16,10
4806,1783,26,4,346.72,30
4807,1783,6,2,2952.24,5
4808,1784,70,1,429.0,5
4809,1784,85,5,86.45,15
4810,1784,59,1,2076.49,5
4811,1784,78,1,198.04,10
4812,1785,98,1,774.55,10
4813,1785,53,1,1043.79,0
4814,1785,43,3,64.61,0
4815,1785,14,2,3098.08,10
4816,1786,82,2,935.69,10
4817,1786,39,1,734.47,5
4818,1786,73,1,1522.69,10
4819,1786,79,2,246.68,5
4820,1787,38,2,247.54,30
4821,1787,11,2,4132.08,5
4822,1787,75,1,1492.83,5
4823,1788,59,1,2076.49,0
4824,1788,97,3,432.22,15
4825,1788,36,2,530.72,15
4826,1788,74,4,952.76,5
4827,1788,44,5,673.75,10
4828,1789,53,1,1043.79,0
4829,1790,53,3,1043.79,5
4830,1790,23,1,1530.72,20
4831,1790,35,2,561.28,0
4832,1791,26,5,346.72,5
4833,1791,63,2,2195.68,0
4834,1791,2,1,1504.45,0
4835,1792,77,2,170.07,20
4836,1792,35,3,561.28,0
4837,1792,16,3,1547.56,5
4838,1793,16,1,1547.56,0
4839,1794,65,3,849.57,0
4840,1794,36,2,530.72,10
4841,1795,8,3,3641.63,5
4842,1796,67,1,2498.42,0
4843,1796,99,1,745.11,20
4844,1796,87,1,276.22,0
4845,1796,44,3,673.75,15
4846,1796,88,2,881.08,0
4847,1797,76,1,590.41,20
4848,1798,18,1,1442.78,0
4849,1798,89,1,836.24,0
4850,1798,32,1,366.62,5
4851,1799,82,2,935.69,5
4852,1799,72,2,1230.62,0
4853,1800,79,1,246.68,0
4854,1801,57,1,771.32,0
4855,1801,96,3,906.76,0
4856,1802,1,2,3377.42,5
4857,1802,81,4,427.94,10
4858,1803,66,2,2194.97,15
4859,1803,23,1,1530.72,0
4860,1803,40,1,529.21,5
4861,1804,38,2,247.54,5
4862,1804,19,3,3416.16,0
4863,1804,42,1,447.77,5
4864,1805,29,1,349.55,0
4865,1805,32,1,366.62,0
4866,1805,36,1,530.72,10
4867,1806,10,2,935.22,10
4868,1806,62,1,516.52,15
4869,1806,1,1,3377.42,10
4870,1806,50,1,597.45,0
4871,1807,63,1,2195.68,15
4872,1807,17,1,3360.58,0
4873,1807,68,1,2338.01,10
4874,1808,33,1,797.09,15
4875,1808,8,1,3641.63,0
4876,1809,100,2,24.52,0
4877,1809,74,5,952.76,0
4878,1809,53,2,1043.79,10
4879,1809,26,1,346.72,10
4880,1810,25,1,4443.65,0
4881,1811,50,1,597.45,20
4882,1812,57,1,771.32,0
4883,1812,18,2,1442.78,0
4884,1813,94,3,610.76,0
4885,1813,93,3,120.43,5
4886,1813,97,3,432.22,15
4887,1813,84,1,310.5,0
4888,1813,7,4,4142.44,10
4889,1814,50,1,597.45,10
4890,1814,54,4,784.48,15
4891,1815,64,1,1286.95,10
4892,1816,81,2,427.94,5
4893,1816,68,1,2338.01,0
4894,1816,99,4,745.11,0
4895,1817,18,1,1442.78,10
4896,1817,45,3,708.51,0
4897,1817,59,3,2076.49,5
4898,1817,54,2,784.48,15
4899,1818,65,2,849.57,5
4900,1818,56,2,455.89,0
4901,1819,36,1,530.72,10
4902,1819,19,1,3416.16,0
4903,1820,89,1,836.24,5
4904,1820,1,3,3377.42,0
4905,1820,9,1,4807.46,20
4906,1820,92,3,939.85,0
4907,1821,85,1,86.45,15
4908,1821,73,1,1522.69,0
4909,1821,3,1,4514.81,0
4910,1822,77,1,170.07,10
4911,1822,6,1,2952.24,0
4912,1822,79,1,246.68,15
4913,1823,98,3,774.55,0
4914,1823,74,1,952.76,0
4915,1823,15,1,1525.54,20
4916,1823,67,1,2498.42,0
4917,1824,61,1,1903.97,0
4918,1824,9,2,4807.46,10
4919,1825,87,1,276.22,15
4920,1825,24,2,1704.83,5
4921,1825,89,2,836.24,10
4922,1826,89,1,836.24,10
4923,1826,18,3,1442.78,0
4924,1827,61,1,1903.97,15
4925,1827,44,2,673.75,20
4926,1827,6,3,2952.24,30
4927,1827,42,2,447.77,0
4928,1828,76,3,590.41,15
4929,1828,92,1,939.85,5
4930,1828,48,1,462.35,15
4931,1829,22,1,3580.76,15
4932,1830,69,5,1368.41,5
4933,1830,40,3,529.21,15
4934,1830,28,1,247.06,0
4935,1830,71,2,883.45,0
4936,1831,57,1,771.32,0
4937,1831,97,4,432.22,5
4938,1832,31,3,132.24,10
4939,1832,40,1,529.21,20
4940,1832,41,1,621.88,10
4941,1833,77,1,170.07,15
4942,1833,42,2,447.77,20
4943,1833,38,2,247.54,5
4944,1833,50,2,597.45,5
4945,1833,72,4,1230.62,10
4946,1834,36,1,530.72,5
4947,1834,51,1,2489.33,0
4948,1834,58,3,1556.29,20
4949,1834,54,1,784.48,0
4950,1835,93,2,120.43,5
4951,1836,98,5,774.55,0
4952,1836,76,3,590.41,0
4953,1837,55,3,803.67,0
4954,1838,48,1,462.35,0
4955,1838,94,1,610.76,15
4956,1839,15,1,1525.54,0
4957,1840,28,1,247.06,10
4958,1840,73,2,1522.69,10
4959,1840,90,1,987.42,5
4960,1840,3,1,4514.81,0
4961,1840,42,2,447.77,5
4962,1841,19,3,3416.16,0
4963,1841,30,1,432.14,0
4964,1841,83,1,250.11,0
4965,1841,60,3,1248.31,20
4966,1842,37,1,390.29,5
4967,1842,20,5,3781.07,15
4968,1843,61,4,1903.97,0
4969,1843,82,1,935.69,5
4970,1844,39,1,734.47,0
4971,1844,47,1,624.38,0
4972,1845,17,2,3360.58,0
4973,1845,84,1,310.5,5
4974,1845,79,5,246.68,0
4975,1846,62,1,516.52,0
4976,1846,68,1,2338.01,10
4977,1846,51,1,2489.33,0
4978,1847,58,2,1556.29,20
4979,1848,9,2,4807.46,10
4980,1849,23,4,1530.72,10
4981,1849,64,2,1286.95,0
4982,1849,63,2,2195.68,10
4983,1849,73,1,1522.69,10
4984,1849,54,1,784.48,0
4985,1850,38,1,247.54,0
4986,1850,52,3,1438.67,5
4987,1850,23,1,1530.72,0
4988,1851,17,1,3360.58,15
4989,1851,9,2,4807.46,5
4990,1852,62,2,516.52,0
4991,1852,80,2,257.52,0
4992,1852,7,2,4142.44,0
4993,1853,14,1,3098.08,10
4994,1854,79,1,246.68,15
4995,1854,54,1,784.48,0
4996,1854,60,1,1248.31,0
4997,1855,48,4,462.35,10
4998,1855,43,2,64.61,20
4999,1855,20,1,3781.07,0
5000,1855,89,1,836.24,15
5001,1855,85,1,86.45,10
5002,1856,84,1,310.5,0
5003,1857,77,1,170.07,5
5004,1857,67,1,2498.42,15
5005,1857,7,1,4142.44,5
5006,1858,83,1,250.11,15
5007,1858,28,1,247.06,10
5008,1859,71,2,883.45,0
5009,1859,82,2,935.69,5
5010,1859,31,1,132.24,5
5011,1859,54,3,784.48,0
5012,1859,50,5,597.45,0
5013,1860,43,1,64.61,5
5014,1860,55,1,803.67,0
5015,1861,79,1,246.68,30
5016,1861,68,2,2338.01,0
5017,1862,4,1,634.09,0
5018,1862,74,4,952.76,0
5019,1862,39,5,734.47,5
5020,1862,60,2,1248.31,0
5021,1862,68,1,2338.01,0
5022,1863,32,2,366.62,10
5023,1863,11,1,4132.08,5
5024,1863,19,2,3416.16,15
5025,1863,94,2,610.76,0
5026,1863,68,1,2338.01,10
5027,1864,13,2,4232.32,0
5028,1864,18,1,1442.78,0
5029,1865,92,1,939.85,0
5030,1865,50,3,597.45,5
5031,1865,86,1,996.16,0
5032,1865,43,1,64.61,20
5033,1866,61,1,1903.97,5
5034,1866,31,1,132.24,5
5035,1867,69,1,1368.41,0
5036,1867,40,3,529.21,30
5037,1868,30,2,432.14,0
5038,1869,58,1,1556.29,0
5039,1869,92,2,939.85,5
5040,1870,55,3,803.67,0
5041,1871,54,1,784.48,10
5042,1871,70,3,429.0,20
5043,1871,20,1,3781.07,5
5044,1871,18,1,1442.78,10
5045,1871,35,1,561.28,0
5046,1872,100,3,24.52,10
5047,1873,8,1,3641.63,10
5048,1873,59,5,2076.49,5
5049,1874,39,1,734.47,5
5050,1874,33,2,797.09,0
5051,1874,92,1,939.85,15
5052,1874,44,2,673.75,5
5053,1875,15,1,1525.54,0
5054,1875,87,1,276.22,15
5055,1876,74,1,952.76,10
5056,1876,36,3,530.72,0
5057,1876,55,3,803.67,0
5058,1876,68,2,2338.01,0
5059,1877,61,1,1903.97,5
5060,1878,20,1,3781.07,10
5061,1879,71,3,883.45,20
5062,1880,71,1,883.45,20
5063,1880,4,3,634.09,0
5064,1880,63,4,2195.68,5
5065,1881,75,2,1492.83,0
5066,1881,91,3,819.85,15
5067,1881,80,1,257.52,10
5068,1881,1,1,3377.42,5
5069,1882,23,1,1530.72,20
5070,1882,10,1,935.22,0
5071,1882,16,5,1547.56,0
5072,1882,66,1,2194.97,0
5073,1883,50,2,597.45,0
5074,1883,99,1,745.11,0
5075,1883,7,3,4142.44,0
5076,1884,24,3,1704.83,0
5077,1884,34,1,695.58,5
5078,1884,60,3,1248.31,0
5079,1884,46,1,414.49,10
5080,1885,92,3,939.85,20
5081,1885,55,1,803.67,0
5082,1886,7,1,4142.44,20
5083,1886,20,1,3781.07,15
5084,1886,89,1,836.24,10
5085,1886,40,1,529.21,20
5086,1886,44,2,673.75,5
5087,1887,99,2,745.11,0
5088,1887,82,2,935.69,0
5089,1888,85,1,86.45,20
5090,1888,94,1,610.76,0
5091,1888,92,1,939.85,15
5092,1889,15,1,1525.54,0
5093,1889,28,2,247.06,5
5094,1889,98,2,774.55,20
5095,1889,57,1,771.32,20
5096,1890,89,1,836.24,0
5097,1890,29,2,349.55,0
5098,1890,62,1,516.52,0
5099,1891,61,1,1903.97,30
5100,1891,64,5,1286.95,0
5101,1892,5,2,619.41,0
5102,1892,3,3,4514.81,10
5103,1892,45,1,708.51,5
5104,1893,27,2,248.66,0
5105,1893,39,1,734.47,10
5106,1893,66,4,2194.97,0
5107,1894,90,2,987.42,0
5108,1894,45,1,708.51,5
5109,1895,43,4,64.61,5
5110,1895,13,3,4232.32,5
5111,1896,63,1,2195.68,5
5112,1896,7,2,4142.44,10
5113,1896,86,2,996.16,5
5114,1896,95,2,639.72,0
5115,1896,69,1,1368.41,0
5116,1897,52,1,1438.67,0
5117,1897,95,1,639.72,20
5118,1898,30,2,432.14,0
5119,1898,63,1,2195.68,0
5120,1899,73,1,1522.69,0
5121,1899,63,1,2195.68,0
5122,1899,11,2,4132.08,0
5124,1900,77,2,170.07,0
5125,1900,78,2,198.04,0
5126,1900,91,3,819.85,10
5127,1901,71,3,883.45,30
5128,1901,74,1,952.76,0
5129,1901,17,2,3360.58,5
5130,1902,26,1,346.72,0
5131,1902,89,3,836.24,5
5132,1903,75,2,1492.83,5
5133,1903,13,2,4232.32,0
5134,1903,67,4,2498.42,10
5135,1904,36,1,530.72,10
5136,1904,86,3,996.16,0
5137,1904,88,3,881.08,0
5138,1904,22,1,3580.76,0
5139,1904,23,1,1530.72,5
5140,1905,52,5,1438.67,10
5141,1905,81,2,427.94,15
5142,1906,45,5,708.51,0
5143,1906,30,1,432.14,10
5144,1906,38,1,247.54,0
5145,1907,57,3,771.32,5
5146,1907,65,3,849.57,0
5147,1908,65,2,849.57,30
5148,1908,11,1,4132.08,0
5149,1908,72,1,1230.62,20
5150,1908,12,1,4879.02,0
5151,1908,50,1,597.45,30
5152,1909,81,2,427.94,5
5153,1910,8,1,3641.63,15
5154,1911,8,2,3641.63,0
5155,1911,88,2,881.08,20
5156,1912,94,3,610.76,10
5157,1913,21,2,4952.86,10
5158,1913,14,1,3098.08,10
5159,1913,46,4,414.49,0
5160,1914,54,1,784.48,10
5161,1914,37,2,390.29,0
5162,1915,13,2,4232.32,0
5163,1915,48,4,462.35,5
5164,1915,89,1,836.24,0
5165,1916,76,2,590.41,5
5166,1916,14,2,3098.08,0
5167,1916,38,2,247.54,20
5168,1916,66,3,2194.97,0
5169,1916,60,1,1248.31,5
5170,1917,75,1,1492.83,10
5171,1917,49,2,367.35,15
5172,1917,70,3,429.0,10
5173,1917,10,5,935.22,10
5174,1918,65,2,849.57,5
5175,1918,82,4,935.69,5
5176,1918,55,1,803.67,0
5177,1919,41,1,621.88,10
5178,1919,77,3,170.07,0
5179,1919,60,4,1248.31,10
5180,1920,18,2,1442.78,5
5181,1920,25,3,4443.65,0
5182,1921,37,1,390.29,0
5183,1921,89,1,836.24,15
5184,1922,58,2,1556.29,20
5185,1922,32,1,366.62,10
5186,1923,20,1,3781.07,0
5187,1923,11,1,4132.08,10
5188,1923,59,2,2076.49,5
5189,1923,27,3,248.66,30
5190,1924,21,1,4952.86,15
5191,1924,76,1,590.41,0
5192,1924,85,2,86.45,15
5193,1924,45,1,708.51,5
5194,1925,89,2,836.24,0
5195,1926,88,2,881.08,10
5196,1927,40,2,529.21,5
5197,1927,38,3,247.54,5
5198,1928,37,1,390.29,10
5199,1928,70,1,429.0,5
5200,1928,96,3,906.76,0
5201,1928,51,1,2489.33,30
5202,1928,63,3,2195.68,0
5203,1929,19,2,3416.16,0
5204,1929,81,1,427.94,5
5205,1930,72,1,1230.62,10
5206,1930,86,1,996.16,15
5207,1931,58,1,1556.29,0
5208,1931,8,1,3641.63,0
5209,1932,92,1,939.85,5
5210,1932,79,1,246.68,5
5211,1932,74,4,952.76,0
5212,1932,77,1,170.07,5
5213,1933,5,4,619.41,15
5214,1933,41,2,621.88,0
5215,1933,25,4,4443.65,10
5216,1934,36,1,530.72,0
5217,1934,53,1,1043.79,30
5218,1934,45,1,708.51,10
5219,1934,47,3,624.38,0
5220,1934,39,2,734.47,0
5221,1935,26,1,346.72,0
5222,1936,3,1,4514.81,0
5223,1936,7,1,4142.44,15
5224,1937,73,1,1522.69,0
5225,1938,51,1,2489.33,15
5226,1938,84,3,310.5,5
5227,1939,27,1,248.66,0
5228,1940,36,4,530.72,5
5229,1940,71,2,883.45,0
5230,1941,3,2,4514.81,0
5231,1942,67,4,2498.42,5
5232,1942,36,1,530.72,0
5233,1942,6,3,2952.24,20
5234,1942,49,1,367.35,5
5235,1943,23,4,1530.72,0
5236,1943,55,3,803.67,0
5237,1943,99,1,745.11,5
5238,1944,21,2,4952.86,20
5239,1945,50,3,597.45,10
5240,1946,85,2,86.45,15
5241,1946,32,1,366.62,10
5242,1946,51,1,2489.33,20
5243,1946,17,1,3360.58,5
5244,1946,41,1,621.88,10
5245,1947,1,3,3377.42,0
5246,1947,4,1,634.09,10
5247,1947,55,1,803.67,0
5248,1947,23,2,1530.72,0
5249,1948,74,1,952.76,0
5250,1948,56,1,455.89,15
5251,1948,2,1,1504.45,10
5252,1949,32,1,366.62,0
5253,1949,94,1,610.76,10
5254,1949,27,3,248.66,10
5255,1950,90,2,987.42,10
5256,1950,82,2,935.69,10
5257,1950,3,2,4514.81,15
5258,1950,99,2,745.11,5
5259,1950,35,1,561.28,0
5260,1951,71,3,883.45,0
5261,1951,21,1,4952.86,0
5262,1952,83,2,250.11,30
5263,1952,37,2,390.29,15
5264,1953,92,1,939.85,20
5265,1954,56,1,455.89,10
5266,1954,26,1,346.72,0
5267,1955,38,5,247.54,10
5268,1955,44,4,673.75,5
5269,1956,36,1,530.72,0
5270,1956,34,1,695.58,0
5271,1956,60,1,1248.31,10
5272,1957,42,3,447.77,5
5273,1957,24,2,1704.83,15
5274,1958,97,2,432.22,20
5275,1958,30,1,432.14,10
5276,1958,36,2,530.72,5
5277,1959,34,3,695.58,10
5278,1959,64,1,1286.95,0
5280,1959,92,1,939.85,10
5281,1959,70,1,429.0,0
5282,1960,71,2,883.45,0
5283,1960,61,1,1903.97,5
5284,1960,22,3,3580.76,0
5285,1960,37,1,390.29,0
5286,1961,72,3,1230.62,0
5287,1962,65,2,849.57,0
5288,1962,1,5,3377.42,0
5289,1963,15,1,1525.54,5
5290,1964,26,1,346.72,0
5291,1964,82,2,935.69,10
5292,1964,45,1,708.51,5
5293,1964,87,1,276.22,0
5294,1965,22,2,3580.76,15
5295,1965,62,3,516.52,10
5296,1965,77,3,170.07,0
5297,1966,89,4,836.24,10
5298,1966,95,1,639.72,0
5299,1966,86,2,996.16,5
5300,1966,33,2,797.09,5
5301,1967,63,1,2195.68,0
5302,1967,14,1,3098.08,5
5303,1967,45,5,708.51,0
5304,1968,87,1,276.22,0
5305,1968,7,1,4142.44,5
5306,1968,70,4,429.0,0
5307,1969,80,4,257.52,0
5308,1969,92,1,939.85,0
5309,1969,59,5,2076.49,0
5310,1970,65,1,849.57,10
5311,1970,93,2,120.43,10
5312,1971,19,1,3416.16,10
5313,1971,41,1,621.88,0
5314,1971,78,2,198.04,0
5315,1971,74,4,952.76,5
5316,1972,85,3,86.45,5
5317,1972,24,3,1704.83,5
5318,1973,98,3,774.55,10
5319,1973,42,2,447.77,5
5320,1973,63,1,2195.68,10
5321,1973,11,2,4132.08,0
5322,1974,52,3,1438.67,5
5323,1975,61,1,1903.97,20
5324,1976,12,4,4879.02,5
5325,1976,48,1,462.35,20
5326,1976,42,5,447.77,10
5327,1976,69,2,1368.41,0
5328,1977,19,1,3416.16,5
5329,1977,15,2,1525.54,5
5330,1978,15,2,1525.54,10
5331,1978,80,1,257.52,0
5332,1978,19,2,3416.16,5
5333,1979,12,3,4879.02,0
5335,1980,15,3,1525.54,0
5336,1981,24,1,1704.83,10
5337,1981,36,4,530.72,10
5338,1981,35,1,561.28,5
5339,1982,83,2,250.11,15
5340,1982,75,1,1492.83,0
5341,1982,63,1,2195.68,5
5342,1983,6,2,2952.24,20
5343,1983,83,1,250.11,0
5344,1983,28,1,247.06,5
5345,1983,35,1,561.28,0
5346,1983,47,1,624.38,0
5347,1984,28,1,247.06,10
5348,1984,25,1,4443.65,0
5349,1984,11,4,4132.08,10
5350,1985,1,2,3377.42,0
5351,1985,44,4,673.75,5
5352,1986,58,1,1556.29,0
5353,1987,13,3,4232.32,5
5354,1987,3,3,4514.81,0
5355,1988,64,2,1286.95,0
5356,1988,38,2,247.54,0
5357,1989,94,1,610.76,0
5358,1989,56,2,455.89,20
5359,1990,14,2,3098.08,0
5360,1990,19,2,3416.16,10
5361,1990,99,3,745.11,10
5362,1990,53,2,1043.79,0
5363,1990,67,1,2498.42,0
5364,1991,100,1,24.52,0
5365,1991,68,4,2338.01,0
5366,1992,15,2,1525.54,10
5367,1992,11,1,4132.08,0
5368,1992,83,3,250.11,5
5369,1993,65,1,849.57,5
5370,1993,35,3,561.28,0
5371,1994,85,3,86.45,0
5372,1994,18,1,1442.78,0
5373,1995,45,1,708.51,5
5374,1995,70,5,429.0,5
5375,1996,74,3,952.76,30
5376,1997,85,2,86.45,15
5377,1998,43,1,64.61,20
5378,1998,39,1,734.47,0
5379,1998,83,2,250.11,5
5380,1998,40,3,529.21,0
5381,1998,74,2,952.76,20
5382,1999,52,1,1438.67,0
5383,2000,33,2,797.09,20
5384,2001,99,1,745.11,0
5385,2001,42,4,447.77,5
5386,2002,17,1,3360.58,10
5387,2003,30,1,432.14,10
5388,2003,56,1,455.89,15
5389,2004,19,3,3416.16,0
5390,2004,59,3,2076.49,0
5391,2004,16,1,1547.56,0
5392,2005,58,2,1556.29,0
5393,2005,23,3,1530.72,0
5394,2005,54,2,784.48,0
5395,2005,44,1,673.75,0
5396,2005,43,2,64.61,15
5397,2006,26,2,346.72,5
5398,2007,7,1,4142.44,15
5399,2007,22,1,3580.76,0
5400,2007,42,1,447.77,10
5401,2007,88,2,881.08,0
5402,2007,29,3,349.55,0
5403,2008,42,4,447.77,5
5404,2008,54,1,784.48,0
5405,2008,23,2,1530.72,20
5406,2009,49,2,367.35,0
5407,2009,37,2,390.29,0
5408,2010,67,3,2498.42,0
5409,2010,60,2,1248.31,0
5410,2011,13,1,4232.32,10
5411,2012,60,2,1248.31,0
5412,2012,1,2,3377.42,15
5413,2012,13,1,4232.32,15
5414,2013,18,1,1442.78,5
5415,2013,97,4,432.22,0
5416,2013,48,3,462.35,5
5417,2014,39,1,734.47,0
5418,2015,61,2,1903.97,10
5419,2015,56,1,455.89,0
5420,2016,14,1,3098.08,30
5421,2016,63,2,2195.68,0
5422,2016,16,2,1547.56,0
5423,2016,96,1,906.76,5
5424,2017,27,1,248.66,0
5425,2017,1,4,3377.42,30
5426,2017,7,1,4142.44,10
5427,2017,17,1,3360.58,20
5428,2017,24,1,1704.83,5
5429,2018,81,4,427.94,0
5430,2018,96,4,906.76,0
5431,2018,21,3,4952.86,30
5432,2019,75,3,1492.83,0
5433,2019,28,1,247.06,10
5434,2019,93,1,120.43,5
5435,2019,8,3,3641.63,30
5436,2019,54,1,784.48,5
5437,2020,88,3,881.08,0
5438,2021,83,1,250.11,0
5439,2021,6,1,2952.24,10
5440,2022,26,2,346.72,0
5441,2023,24,3,1704.83,0
5442,2023,18,2,1442.78,5
5443,2023,59,1,2076.49,0
5444,2024,70,1,429.0,5
5445,2024,3,2,4514.81,5
5446,2025,41,1,621.88,0
5447,2025,40,2,529.21,0
5448,2025,28,1,247.06,10
5449,2025,74,1,952.76,5
5450,2026,88,1,881.08,0
5451,2026,9,3,4807.46,20
5452,2026,10,2,935.22,0
5453,2027,87,2,276.22,5
5454,2027,35,3,561.28,5
5455,2027,82,2,935.69,0
5456,2028,95,5,639.72,0
5457,2028,40,1,529.21,0
5458,2028,39,2,734.47,0
5459,2029,62,1,516.52,0
5460,2029,9,4,4807.46,0
5461,2029,29,1,349.55,20
5462,2030,94,2,610.76,0
5463,2031,82,3,935.69,0
5464,2031,19,3,3416.16,0
5465,2031,43,1,64.61,10
5466,2031,93,1,120.43,10
5467,2031,74,2,952.76,5
5468,2032,33,1,797.09,5
5469,2032,52,4,1438.67,5
5470,2032,72,3,1230.62,10
5471,2033,25,2,4443.65,15
5472,2033,71,2,883.45,15
5473,2033,21,2,4952.86,0
5474,2034,69,1,1368.41,0
5475,2034,82,1,935.69,0
5476,2034,42,1,447.77,5
5477,2035,82,1,935.69,20
5478,2035,53,3,1043.79,10
5479,2036,23,3,1530.72,0
5480,2036,40,3,529.21,15
5481,2036,30,1,432.14,15
5482,2036,65,2,849.57,0
5483,2037,38,1,247.54,0
5484,2038,42,1,447.77,0
5485,2038,37,1,390.29,5
5486,2039,67,1,2498.42,0
5487,2039,83,5,250.11,15
5488,2039,65,1,849.57,5
5489,2040,4,1,634.09,0
5490,2040,73,1,1522.69,20
5491,2040,90,3,987.42,0
5492,2041,76,3,590.41,5
5493,2041,57,2,771.32,0
5494,2041,6,1,2952.24,0
5495,2041,88,1,881.08,10
5496,2041,52,1,1438.67,15
5497,2042,53,2,1043.79,5
5498,2042,24,2,1704.83,0
5499,2042,47,1,624.38,0
5500,2043,33,5,797.09,0
5501,2043,88,1,881.08,0
5502,2044,43,1,64.61,5
5503,2044,56,1,455.89,0
5504,2045,34,2,695.58,15
5505,2045,43,1,64.61,0
5506,2045,97,1,432.22,20
5507,2046,100,3,24.52,0
5508,2046,71,1,883.45,0
5509,2046,42,1,447.77,5
5510,2047,51,1,2489.33,5
5511,2047,7,1,4142.44,0
5512,2048,20,2,3781.07,15
5513,2048,94,2,610.76,0
5514,2048,69,1,1368.41,20
5515,2048,82,3,935.69,5
5516,2048,72,1,1230.62,0
5517,2049,85,2,86.45,20
5518,2049,28,3,247.06,0
5519,2050,30,1,432.14,20
5520,2050,84,2,310.5,0
5521,2050,57,5,771.32,5
5522,2050,3,1,4514.81,5
5523,2051,1,5,3377.42,0
5524,2051,57,2,771.32,0
5525,2051,73,4,1522.69,5
5526,2051,79,4,246.68,0
5527,2052,34,3,695.58,10
5528,2052,22,2,3580.76,0
5529,2053,64,2,1286.95,20
5530,2053,14,2,3098.08,5
5531,2053,34,1,695.58,0
5532,2053,1,4,3377.42,15
5533,2054,15,4,1525.54,5
5534,2055,81,2,427.94,0
5535,2055,9,2,4807.46,10
5536,2055,51,1,2489.33,10
5537,2056,40,1,529.21,0
5538,2056,61,5,1903.97,10
5539,2056,100,3,24.52,5
5540,2056,83,4,250.11,15
5541,2056,77,1,170.07,0
5542,2057,36,3,530.72,0
5543,2057,53,1,1043.79,0
5544,2057,95,1,639.72,10
5545,2057,49,2,367.35,0
5546,2058,76,1,590.41,0
5547,2058,48,2,462.35,5
5548,2058,18,1,1442.78,0
5549,2059,23,1,1530.72,0
5550,2059,42,2,447.77,5
5551,2059,12,1,4879.02,0
5552,2060,9,1,4807.46,0
5553,2060,35,3,561.28,15
5554,2060,10,1,935.22,0
5555,2061,61,1,1903.97,15
5556,2061,73,1,1522.69,10
5557,2062,95,1,639.72,15
5558,2063,34,2,695.58,0
5559,2063,100,1,24.52,5
5560,2063,62,2,516.52,0
5561,2064,89,1,836.24,0
5562,2065,60,4,1248.31,15
5563,2065,8,2,3641.63,10
5564,2066,56,2,455.89,0
5565,2066,78,3,198.04,5
5566,2067,97,3,432.22,10
5567,2068,57,3,771.32,0
5568,2068,4,3,634.09,10
5569,2068,66,1,2194.97,20
5570,2069,6,3,2952.24,0
5571,2069,71,2,883.45,0
5572,2069,23,3,1530.72,20
5573,2069,73,2,1522.69,20
5574,2070,67,1,2498.42,10
5575,2071,92,3,939.85,15
5576,2071,36,3,530.72,5
5577,2071,80,1,257.52,0
5578,2072,63,2,2195.68,5
5579,2072,82,3,935.69,15
5580,2073,17,1,3360.58,0
5581,2073,32,2,366.62,5
5582,2073,88,1,881.08,10
5583,2073,67,2,2498.42,0
5584,2074,26,1,346.72,0
5585,2074,1,1,3377.42,0
5586,2074,79,1,246.68,0
5587,2075,28,2,247.06,0
5588,2075,100,1,24.52,0
5589,2075,23,1,1530.72,0
5590,2076,28,2,247.06,10
5591,2077,70,2,429.0,20
5592,2077,75,1,1492.83,0
5593,2078,17,1,3360.58,0
5594,2078,23,2,1530.72,0
5595,2078,65,2,849.57,5
5596,2078,94,1,610.76,20
5597,2078,39,1,734.47,20
5598,2079,92,1,939.85,10
5599,2079,88,3,881.08,0
5600,2079,23,1,1530.72,15
5601,2080,79,3,246.68,0
5602,2080,88,1,881.08,10
5603,2080,82,1,935.69,5
5604,2080,80,2,257.52,5
5605,2080,64,2,1286.95,0
5606,2081,29,2,349.55,15
5607,2081,19,5,3416.16,0
5608,2082,71,2,883.45,0
5609,2082,32,1,366.62,5
5610,2082,1,1,3377.42,5
5611,2083,63,2,2195.68,0
5612,2083,12,3,4879.02,0
5613,2084,28,3,247.06,0
5614,2084,64,1,1286.95,30
5615,2085,38,1,247.54,0
5616,2085,87,3,276.22,0
5617,2085,8,2,3641.63,10
5618,2086,20,4,3781.07,5
5619,2086,96,1,906.76,15
5620,2086,87,3,276.22,0
5621,2087,97,1,432.22,10
5622,2087,59,3,2076.49,0
5623,2087,42,1,447.77,15
5624,2088,15,1,1525.54,0
5625,2089,59,1,2076.49,0
5626,2089,38,1,247.54,15
5627,2090,78,2,198.04,10
5628,2090,66,4,2194.97,5
5629,2091,95,2,639.72,15
5630,2091,92,5,939.85,5
5631,2092,87,2,276.22,20
5632,2093,29,3,349.55,30
5633,2093,39,3,734.47,10
5634,2093,16,1,1547.56,5
5635,2094,100,3,24.52,15
5636,2095,97,1,432.22,15
5637,2096,95,1,639.72,5
5638,2096,29,3,349.55,10
5639,2097,66,2,2194.97,5
5640,2097,81,2,427.94,30
5641,2097,94,1,610.76,0
5642,2098,62,2,516.52,5
5643,2098,68,3,2338.01,5
5644,2098,5,2,619.41,5
5645,2099,54,1,784.48,5
5646,2099,23,1,1530.72,0
5647,2099,4,1,634.09,0
5648,2100,74,3,952.76,5
5649,2101,49,2,367.35,0
5650,2101,90,3,987.42,15
5651,2102,16,1,1547.56,0
5652,2102,70,1,429.0,0
5653,2102,45,1,708.51,0
5654,2103,65,2,849.57,0
5655,2104,23,1,1530.72,5
5656,2104,29,5,349.55,5
5657,2104,3,4,4514.81,0
5658,2105,22,3,3580.76,20
5659,2105,63,2,2195.68,15
5660,2106,29,2,349.55,15
5661,2106,37,2,390.29,0
5662,2106,9,1,4807.46,0
5663,2107,15,2,1525.54,0
5664,2107,84,1,310.5,0
5665,2108,94,2,610.76,15
5666,2108,43,3,64.61,10
5667,2109,89,2,836.24,5
5668,2109,83,2,250.11,10
5669,2110,52,2,1438.67,5
5670,2110,21,1,4952.86,0
5671,2110,79,3,246.68,20
5672,2110,17,5,3360.58,0
5673,2111,5,1,619.41,5
5674,2112,15,1,1525.54,0
5675,2112,67,2,2498.42,0
5676,2112,21,4,4952.86,0
5677,2112,94,2,610.76,0
5678,2112,53,2,1043.79,30
5679,2113,38,1,247.54,10
5680,2113,48,1,462.35,5
5681,2114,67,4,2498.42,15
5682,2115,57,2,771.32,15
5683,2115,87,1,276.22,20
5684,2116,58,2,1556.29,15
5685,2116,73,2,1522.69,0
5686,2116,99,1,745.11,15
5687,2117,49,1,367.35,0
5688,2118,27,1,248.66,5
5689,2118,4,1,634.09,5
5690,2118,70,1,429.0,20
5691,2119,28,1,247.06,0
5692,2119,41,1,621.88,0
5693,2119,92,2,939.85,10
5694,2119,72,2,1230.62,0
5695,2120,99,1,745.11,10
5696,2120,65,1,849.57,0
5697,2120,37,2,390.29,0
5698,2120,38,3,247.54,0
5699,2121,6,5,2952.24,5
5700,2121,73,2,1522.69,5
5701,2122,85,4,86.45,5
5702,2122,54,1,784.48,5
5703,2122,56,2,455.89,5
5704,2123,61,1,1903.97,15
5705,2123,45,2,708.51,0
5706,2124,95,2,639.72,10
5707,2125,79,2,246.68,0
5708,2125,13,1,4232.32,30
5709,2126,96,1,906.76,0
5710,2126,55,1,803.67,0
5711,2126,45,2,708.51,20
5712,2126,32,3,366.62,0
5713,2126,66,3,2194.97,5
5714,2127,71,2,883.45,15
5715,2127,58,3,1556.29,10
5716,2127,91,2,819.85,20
5717,2127,78,1,198.04,10
5718,2128,21,3,4952.86,5
5719,2129,37,3,390.29,20
5720,2129,87,2,276.22,0
5721,2130,70,1,429.0,20
5722,2130,17,1,3360.58,0
5723,2130,43,1,64.61,0
5724,2131,11,1,4132.08,0
5725,2131,53,1,1043.79,20
5726,2132,89,2,836.24,0
5727,2133,93,1,120.43,0
5728,2133,18,1,1442.78,0
5729,2134,82,2,935.69,0
5730,2135,24,4,1704.83,0
5731,2135,77,1,170.07,10
5732,2135,11,1,4132.08,30
5733,2136,23,2,1530.72,10
5734,2136,17,1,3360.58,15
5735,2137,46,1,414.49,0
5736,2137,9,4,4807.46,0
5737,2138,32,2,366.62,0
5738,2138,70,4,429.0,10
5739,2139,34,2,695.58,5
5740,2139,30,1,432.14,20
5741,2139,44,1,673.75,5
5742,2139,86,3,996.16,0
5743,2140,97,2,432.22,0
5744,2140,33,1,797.09,5
5745,2140,58,2,1556.29,0
5746,2141,41,3,621.88,10
5747,2141,25,5,4443.65,15
5748,2142,54,2,784.48,0
5749,2142,66,1,2194.97,10
5750,2143,58,1,1556.29,10
5751,2143,37,1,390.29,30
5752,2143,83,3,250.11,5
5753,2144,88,1,881.08,10
5754,2144,60,2,1248.31,5
5755,2144,3,1,4514.81,0
5756,2144,51,1,2489.33,10
5757,2145,60,5,1248.31,15
5758,2145,91,1,819.85,5
5759,2145,47,4,624.38,0
5760,2145,40,4,529.21,0
5761,2145,11,3,4132.08,5
5762,2146,48,5,462.35,0
5763,2146,17,2,3360.58,0
5764,2146,58,1,1556.29,10
5765,2147,53,1,1043.79,15
5766,2147,6,1,2952.24,10
5767,2147,52,2,1438.67,0
5768,2147,88,3,881.08,0
5769,2147,82,2,935.69,0
5770,2148,42,2,447.77,20
5771,2148,74,2,952.76,20
5772,2149,55,1,803.67,20
5773,2149,56,3,455.89,0
5774,2149,42,1,447.77,0
5775,2149,27,1,248.66,0
5776,2150,53,1,1043.79,10
5777,2150,12,3,4879.02,0
5778,2151,91,1,819.85,20
5779,2151,75,2,1492.83,0
5780,2151,9,1,4807.46,10
5781,2152,21,1,4952.86,5
5782,2152,46,1,414.49,0
5783,2152,8,1,3641.63,15
5784,2152,98,5,774.55,5
5785,2152,11,3,4132.08,20
5786,2153,37,2,390.29,0
5787,2153,18,1,1442.78,0
5788,2154,88,1,881.08,0
5789,2154,6,1,2952.24,0
5790,2154,15,2,1525.54,5
5791,2154,57,1,771.32,5
5792,2155,26,1,346.72,15
5793,2155,13,1,4232.32,0
5794,2155,17,1,3360.58,0
5795,2155,27,1,248.66,5
5796,2156,14,1,3098.08,10
5797,2156,39,1,734.47,10
5798,2157,25,1,4443.65,0
5799,2157,79,2,246.68,0
5800,2157,92,1,939.85,10
5801,2158,100,2,24.52,0
5802,2158,53,1,1043.79,15
5803,2158,28,3,247.06,10
5804,2158,47,2,624.38,0
5805,2158,46,3,414.49,0
5806,2159,11,1,4132.08,0
5807,2159,100,3,24.52,0
5808,2159,74,1,952.76,5
5809,2159,50,1,597.45,10
5810,2159,47,1,624.38,5
5811,2160,70,1,429.0,0
5812,2160,86,3,996.16,0
5813,2161,17,1,3360.58,15
5814,2161,9,1,4807.46,5
5815,2162,46,1,414.49,0
5816,2162,19,1,3416.16,0
5817,2162,11,4,4132.08,20
5818,2163,19,2,3416.16,5
5819,2163,24,3,1704.83,0
5820,2163,22,1,3580.76,15
5821,2164,77,1,170.07,15
5822,2164,94,2,610.76,15
5823,2165,2,1,1504.45,5
5824,2165,49,2,367.35,5
5825,2166,100,4,24.52,5
5826,2166,98,3,774.55,0
5827,2166,94,3,610.76,0
5828,2166,25,1,4443.65,0
5829,2167,1,2,3377.42,0
5830,2168,22,2,3580.76,10
5831,2168,47,1,624.38,10
5832,2168,44,1,673.75,15
5833,2168,28,1,247.06,10
5834,2169,27,1,248.66,10
5835,2169,59,3,2076.49,0
5836,2170,53,1,1043.79,10
5837,2170,33,1,797.09,10
5838,2171,95,2,639.72,5
5839,2171,38,1,247.54,20
5840,2171,11,2,4132.08,10
5841,2171,70,1,429.0,10
5842,2171,41,2,621.88,5
5843,2172,31,2,132.24,0
5844,2172,33,2,797.09,15
5845,2172,6,1,2952.24,5
5846,2172,85,1,86.45,0
5847,2173,24,3,1704.83,5
5848,2174,47,1,624.38,0
5849,2174,89,4,836.24,5
5850,2175,12,1,4879.02,0
5851,2175,78,1,198.04,5
5852,2176,24,3,1704.83,0
5853,2177,46,1,414.49,0
5854,2178,71,1,883.45,10
5855,2178,58,2,1556.29,10
5856,2179,64,2,1286.95,0
5857,2179,58,1,1556.29,0
5858,2180,49,4,367.35,0
5859,2180,19,1,3416.16,5
5860,2180,97,4,432.22,10
5861,2180,30,1,432.14,10
5862,2180,9,1,4807.46,0
5863,2181,56,5,455.89,15
5864,2182,80,2,257.52,5
5865,2182,76,1,590.41,0
5866,2182,9,1,4807.46,0
5867,2182,45,2,708.51,0
5868,2183,89,3,836.24,5
5869,2183,83,2,250.11,5
5870,2183,40,1,529.21,0
5871,2183,82,1,935.69,20
5872,2184,99,1,745.11,5
5873,2184,46,1,414.49,5
5874,2185,52,3,1438.67,0
5875,2185,97,2,432.22,0
5876,2185,78,1,198.04,15
5877,2186,2,1,1504.45,0
5878,2186,11,1,4132.08,0
5879,2186,94,3,610.76,0
5880,2187,9,1,4807.46,30
5881,2187,100,1,24.52,0
5882,2188,20,3,3781.07,10
5883,2188,52,3,1438.67,15
5884,2189,11,1,4132.08,0
5885,2189,75,1,1492.83,20
5886,2189,94,2,610.76,0
5887,2190,47,1,624.38,30
5888,2190,80,3,257.52,5
5889,2190,18,3,1442.78,0
5890,2190,16,1,1547.56,30
5891,2190,24,3,1704.83,10
5892,2191,8,2,3641.63,30
5893,2192,9,2,4807.46,15
5894,2192,10,1,935.22,0
5895,2193,69,1,1368.41,20
5896,2193,27,1,248.66,5
5897,2193,45,1,708.51,0
5898,2194,1,1,3377.42,0
5899,2194,74,3,952.76,0
5900,2194,75,2,1492.83,15
5901,2194,64,1,1286.95,0
5902,2194,25,2,4443.65,10
5903,2195,35,2,561.28,0
5904,2195,25,3,4443.65,20
5905,2195,53,3,1043.79,10
5906,2196,18,3,1442.78,10
5907,2196,100,1,24.52,0
5908,2196,3,2,4514.81,0
5909,2196,57,1,771.32,0
5910,2197,13,2,4232.32,10
5911,2198,17,2,3360.58,10
5912,2198,43,1,64.61,0
5913,2198,23,4,1530.72,5
5914,2198,58,1,1556.29,5
5915,2199,1,3,3377.42,0
5916,2200,93,1,120.43,5
5917,2200,36,1,530.72,0
5918,2201,94,5,610.76,0
5919,2201,45,5,708.51,10
5920,2202,59,5,2076.49,5
5921,2202,17,2,3360.58,10
5922,2202,40,4,529.21,0
5923,2203,100,1,24.52,30
5924,2203,29,1,349.55,10
5925,2204,1,2,3377.42,0
5926,2204,25,4,4443.65,0
5927,2204,30,3,432.14,10
5928,2205,18,3,1442.78,15
5929,2205,21,2,4952.86,20
5930,2205,24,1,1704.83,5
5931,2206,36,4,530.72,0
5932,2206,18,2,1442.78,5
5933,2207,48,1,462.35,0
5934,2207,99,1,745.11,0
5935,2207,27,2,248.66,0
5936,2208,97,1,432.22,0
5937,2208,25,2,4443.65,0
5938,2209,70,3,429.0,0
5939,2209,89,2,836.24,15
5940,2209,42,2,447.77,0
5941,2210,64,1,1286.95,0
5942,2210,25,3,4443.65,0
5943,2211,68,1,2338.01,0
5944,2211,85,1,86.45,10
5945,2211,51,3,2489.33,0
5946,2212,15,2,1525.54,10
5947,2212,49,1,367.35,10
5948,2213,74,1,952.76,10
5949,2213,15,3,1525.54,0
5950,2214,64,1,1286.95,30
5951,2214,51,1,2489.33,5
5952,2214,46,1,414.49,0
5953,2215,29,1,349.55,0
5954,2215,45,1,708.51,5
5955,2216,86,1,996.16,0
5956,2216,77,2,170.07,10
5957,2217,7,1,4142.44,0
5958,2217,77,1,170.07,0
5959,2217,39,3,734.47,0
5960,2217,63,4,2195.68,0
5961,2218,34,3,695.58,5
5962,2218,13,2,4232.32,5
5963,2218,40,1,529.21,5
5964,2218,49,3,367.35,0
5965,2218,63,1,2195.68,0
5966,2219,21,2,4952.86,10
5967,2219,79,1,246.68,10
5968,2219,7,1,4142.44,15
5969,2220,58,5,1556.29,20
5970,2220,68,1,2338.01,0
5971,2221,13,1,4232.32,15
5972,2222,19,2,3416.16,10
5973,2222,51,2,2489.33,10
5974,2222,97,2,432.22,10
5975,2223,60,1,1248.31,5
5976,2223,35,2,561.28,5
5977,2223,3,1,4514.81,5
5978,2224,85,1,86.45,0
5979,2224,16,1,1547.56,0
5980,2224,62,1,516.52,15
5981,2225,43,2,64.61,5
5982,2225,65,1,849.57,10
5983,2225,73,1,1522.69,0
5984,2226,73,5,1522.69,0
5985,2227,23,3,1530.72,15
5986,2227,33,1,797.09,0
5987,2227,52,2,1438.67,10
5988,2227,5,2,619.41,0
5989,2228,13,2,4232.32,0
5990,2228,84,1,310.5,20
5991,2228,43,3,64.61,0
5992,2228,7,2,4142.44,30
5993,2229,86,3,996.16,0
5994,2229,6,2,2952.24,15
5995,2230,65,2,849.57,20
5996,2230,36,2,530.72,15
5997,2230,69,1,1368.41,5
5998,2231,10,1,935.22,0
5999,2231,23,3,1530.72,5
6000,2231,11,2,4132.08,0
6001,2231,20,1,3781.07,10
6002,2231,31,3,132.24,0
6003,2232,67,2,2498.42,15
6004,2232,69,1,1368.41,5
6005,2232,61,1,1903.97,0
6006,2232,8,1,3641.63,15
6007,2233,33,1,797.09,0
6008,2233,53,1,1043.79,5
6009,2233,16,3,1547.56,10
6010,2234,55,2,803.67,10
6011,2235,57,2,771.32,0
6012,2235,68,2,2338.01,10
6013,2236,6,1,2952.24,5
6014,2236,30,2,432.14,10
6015,2236,83,1,250.11,20
6016,2237,15,2,1525.54,10
6017,2237,81,1,427.94,30
6018,2237,48,4,462.35,0
6019,2238,95,2,639.72,5
6020,2239,71,1,883.45,0
6021,2239,56,1,455.89,0
6022,2240,33,3,797.09,0
6023,2241,50,2,597.45,0
6024,2241,29,1,349.55,10
6025,2242,80,1,257.52,0
6026,2243,8,4,3641.63,0
6027,2244,63,2,2195.68,5
6028,2245,4,1,634.09,10
6029,2245,39,1,734.47,10
6030,2245,83,1,250.11,10
6031,2245,69,3,1368.41,20
6032,2246,64,1,1286.95,5
6033,2246,81,1,427.94,5
6034,2247,17,3,3360.58,0
6035,2247,80,1,257.52,15
6036,2247,20,3,3781.07,10
6037,2248,7,1,4142.44,20
6038,2248,93,1,120.43,0
6039,2248,61,1,1903.97,0
6040,2248,91,1,819.85,0
6041,2249,99,1,745.11,10
6042,2249,56,2,455.89,0
6043,2249,72,1,1230.62,0
6044,2249,29,1,349.55,30
6045,2250,52,1,1438.67,0
6046,2250,9,1,4807.46,20
6047,2250,39,1,734.47,0
6048,2250,93,1,120.43,0
6049,2250,8,1,3641.63,5
6050,2251,20,1,3781.07,10
6051,2251,75,1,1492.83,10
6052,2251,24,3,1704.83,5
6053,2252,83,1,250.11,0
6054,2252,84,2,310.5,5
6055,2252,19,1,3416.16,0
6056,2253,19,2,3416.16,10
6057,2254,39,1,734.47,5
6058,2254,95,3,639.72,0
6059,2254,57,4,771.32,10
6060,2254,67,1,2498.42,0
6061,2255,35,3,561.28,5
6062,2255,77,1,170.07,10
6063,2256,28,2,247.06,5
6064,2257,78,1,198.04,0
6065,2258,2,2,1504.45,5
6066,2258,38,3,247.54,0
6067,2258,83,1,250.11,10
6068,2258,31,3,132.24,0
6069,2259,42,2,447.77,0
6070,2259,78,1,198.04,15
6071,2260,9,1,4807.46,10
6072,2260,71,3,883.45,5
6073,2261,61,4,1903.97,0
6074,2262,54,1,784.48,0
6075,2263,64,2,1286.95,0
6076,2263,47,4,624.38,0
6077,2263,91,1,819.85,0
6078,2263,70,4,429.0,0
6079,2264,13,1,4232.32,15
6080,2264,15,1,1525.54,15
6081,2265,65,1,849.57,20
6082,2265,66,3,2194.97,5
6083,2265,4,1,634.09,0
6084,2265,6,2,2952.24,10
6085,2266,96,4,906.76,0
6086,2267,37,1,390.29,15
6087,2268,72,4,1230.62,0
6088,2268,70,3,429.0,0
6089,2268,57,1,771.32,0
6090,2268,43,2,64.61,0
6091,2269,8,1,3641.63,0
6092,2269,28,2,247.06,15
6093,2269,62,3,516.52,5
6094,2269,96,2,906.76,15
6095,2269,2,1,1504.45,15
6096,2270,68,3,2338.01,0
6097,2270,26,1,346.72,0
6098,2270,22,3,3580.76,20
6099,2270,65,2,849.57,5
6100,2270,51,1,2489.33,0
6101,2271,94,2,610.76,10
6102,2271,37,1,390.29,0
6103,2272,6,2,2952.24,10
6104,2273,11,1,4132.08,0
6105,2273,65,1,849.57,0
6106,2273,16,2,1547.56,15
6107,2274,94,3,610.76,0
6108,2274,96,2,906.76,0
6109,2274,77,1,170.07,0
6110,2275,79,3,246.68,0
6111,2276,46,2,414.49,0
6112,2276,44,1,673.75,5
6113,2276,52,1,1438.67,10
6114,2276,100,3,24.52,10
6115,2277,90,2,987.42,15
6116,2277,20,4,3781.07,0
6117,2277,58,1,1556.29,0
6118,2278,13,1,4232.32,0
6119,2278,33,2,797.09,5
6120,2278,56,1,455.89,0
6121,2278,15,1,1525.54,10
6122,2278,81,1,427.94,10
6123,2279,94,1,610.76,15
6124,2279,29,1,349.55,5
6125,2279,100,1,24.52,0
6126,2280,31,3,132.24,0
6127,2280,79,5,246.68,30
6128,2280,60,3,1248.31,10
6129,2281,21,1,4952.86,5
6130,2281,33,1,797.09,15
6131,2281,3,1,4514.81,0
6132,2281,83,1,250.11,5
6133,2281,86,2,996.16,10
6134,2282,48,5,462.35,0
6135,2282,83,1,250.11,0
6136,2282,63,2,2195.68,10
6137,2283,56,1,455.89,0
6138,2284,69,2,1368.41,0
6139,2285,91,3,819.85,5
6140,2285,36,4,530.72,5
6141,2286,96,2,906.76,0
6142,2286,26,1,346.72,30
6143,2286,80,1,257.52,0
6144,2287,46,1,414.49,0
6145,2287,92,1,939.85,5
6146,2288,73,4,1522.69,10
6147,2288,72,2,1230.62,0
6148,2289,27,2,248.66,5
6149,2289,15,1,1525.54,5
6150,2289,34,3,695.58,0
6151,2290,15,2,1525.54,0
6152,2291,60,3,1248.31,0
6153,2291,69,1,1368.41,0
6154,2291,56,4,455.89,0
6155,2291,22,1,3580.76,20
6156,2291,10,5,935.22,0
6157,2292,30,2,432.14,0
6158,2292,71,1,883.45,5
6159,2292,19,1,3416.16,10
6160,2293,99,1,745.11,0
6161,2293,4,1,634.09,0
6162,2293,63,1,2195.68,0
6163,2294,54,2,784.48,5
6164,2294,28,1,247.06,15
6165,2294,98,1,774.55,0
6166,2294,81,1,427.94,5
6167,2295,18,4,1442.78,0
6168,2295,62,1,516.52,5
6169,2296,72,1,1230.62,0
6170,2296,7,1,4142.44,0
6171,2297,69,1,1368.41,10
6172,2297,94,1,610.76,5
6173,2298,61,2,1903.97,20
6174,2298,29,1,349.55,10
6175,2298,63,1,2195.68,15
6176,2299,100,1,24.52,0
6177,2299,9,1,4807.46,0
6178,2299,93,1,120.43,0
6179,2299,26,3,346.72,0
6180,2299,19,3,3416.16,0
6181,2300,89,2,836.24,0
6182,2300,51,3,2489.33,5
6183,2300,25,1,4443.65,5
6184,2300,38,2,247.54,5
6185,2301,85,2,86.45,0
6186,2302,54,2,784.48,5
6188,2302,18,1,1442.78,5
6189,2302,69,1,1368.41,15
6190,2303,78,1,198.04,0
6191,2303,20,1,3781.07,10
6192,2303,48,1,462.35,0
6193,2304,30,1,432.14,0
6194,2304,64,1,1286.95,5
6195,2304,15,1,1525.54,0
6196,2304,24,1,1704.83,5
6197,2305,28,1,247.06,10
6198,2305,20,4,3781.07,5
6199,2305,31,2,132.24,0
6200,2305,9,1,4807.46,0
6201,2306,67,1,2498.42,15
6202,2306,32,2,366.62,10
6203,2307,98,1,774.55,5
6204,2307,88,3,881.08,5
6205,2307,75,3,1492.83,0
6206,2308,44,3,673.75,0
6207,2308,50,2,597.45,15
6208,2308,21,1,4952.86,5
6209,2309,83,2,250.11,0
6210,2309,21,1,4952.86,0
6211,2309,53,1,1043.79,0
6212,2310,59,4,2076.49,5
6213,2310,84,3,310.5,5
6214,2310,99,2,745.11,0
6215,2311,29,2,349.55,10
6216,2311,57,1,771.32,0
6217,2312,20,1,3781.07,20
6218,2312,35,3,561.28,0
6219,2313,68,1,2338.01,10
6220,2313,23,2,1530.72,0
6221,2314,97,2,432.22,0
6222,2314,27,1,248.66,20
6223,2314,86,2,996.16,10
6224,2315,83,4,250.11,5
6225,2316,95,1,639.72,15
6226,2316,87,3,276.22,5
6227,2317,100,2,24.52,0
6228,2317,53,2,1043.79,10
6229,2318,86,3,996.16,0
6230,2318,98,2,774.55,20
6231,2319,50,4,597.45,5
6232,2319,53,1,1043.79,15
6233,2319,20,1,3781.07,30
6234,2320,83,2,250.11,15
6235,2320,55,1,803.67,0
6236,2321,61,1,1903.97,15
6237,2321,31,1,132.24,0
6238,2322,15,4,1525.54,5
6239,2322,91,1,819.85,0
6240,2322,26,1,346.72,0
6241,2323,83,5,250.11,5
6242,2323,61,2,1903.97,10
6243,2323,77,2,170.07,5
6244,2323,2,1,1504.45,0
6245,2324,22,2,3580.76,20
6246,2324,71,1,883.45,20
6247,2325,38,1,247.54,0
6248,2325,50,1,597.45,5
6249,2325,56,1,455.89,15
6250,2326,64,1,1286.95,15
6251,2326,7,1,4142.44,0
6252,2327,87,2,276.22,0
6253,2327,94,1,610.76,5
6254,2327,67,3,2498.42,0
6255,2327,34,1,695.58,0
6256,2327,4,1,634.09,5
6257,2328,8,2,3641.63,5
6258,2328,87,2,276.22,0
6259,2329,97,2,432.22,15
6260,2330,42,2,447.77,10
6261,2330,19,3,3416.16,0
6262,2331,10,1,935.22,0
6263,2331,90,2,987.42,0
6264,2331,55,4,803.67,5
6265,2332,50,1,597.45,0
6266,2332,86,2,996.16,10
6267,2333,17,2,3360.58,0
6268,2333,28,1,247.06,0
6269,2334,34,5,695.58,0
6270,2335,14,3,3098.08,0
6271,2335,19,5,3416.16,0
6272,2335,95,1,639.72,0
6273,2336,43,1,64.61,0
6274,2336,34,1,695.58,5
6275,2336,45,1,708.51,5
6276,2336,21,1,4952.86,10
6277,2337,19,2,3416.16,5
6278,2338,63,4,2195.68,0
6279,2338,20,3,3781.07,0
6280,2338,8,1,3641.63,0
6281,2339,65,4,849.57,5
6282,2340,6,2,2952.24,0
6283,2340,77,2,170.07,5
6284,2341,17,1,3360.58,5
6285,2341,29,1,349.55,0
6286,2341,61,1,1903.97,20
6287,2342,50,2,597.45,5
6288,2343,4,2,634.09,15
6289,2343,25,3,4443.65,10
6290,2344,86,2,996.16,10
6291,2344,70,2,429.0,0
6292,2345,33,1,797.09,0
6293,2345,24,2,1704.83,10
6294,2345,74,1,952.76,5
6295,2346,33,1,797.09,10
6296,2346,12,1,4879.02,20
6297,2346,86,3,996.16,0
6298,2346,25,1,4443.65,0
6299,2347,19,1,3416.16,15
6300,2347,2,2,1504.45,5
6301,2348,89,1,836.24,5
6302,2349,79,3,246.68,0
6303,2349,30,1,432.14,0
6304,2349,39,1,734.47,0
6305,2350,11,1,4132.08,0
6306,2350,91,1,819.85,0
6307,2350,81,1,427.94,10
6308,2351,20,5,3781.07,10
6309,2351,33,5,797.09,0
6310,2352,92,2,939.85,0
6311,2352,27,1,248.66,0
6312,2353,63,1,2195.68,15
6313,2353,27,1,248.66,0
6314,2354,24,1,1704.83,10
6315,2354,50,1,597.45,0
6316,2354,25,1,4443.65,20
6317,2354,92,3,939.85,5
6318,2354,91,1,819.85,0
6319,2355,27,2,248.66,0
6320,2355,60,2,1248.31,30
6321,2355,4,1,634.09,0
6322,2355,33,1,797.09,0
6323,2356,16,2,1547.56,5
6324,2356,18,2,1442.78,5
6325,2357,70,1,429.0,0
6326,2357,50,4,597.45,20
6327,2358,55,4,803.67,5
6328,2358,26,1,346.72,15
6329,2359,96,2,906.76,30
6330,2359,13,1,4232.32,0
6331,2359,18,1,1442.78,15
6332,2360,90,3,987.42,0
6333,2361,15,1,1525.54,10
6334,2361,43,2,64.61,10
6335,2362,10,5,935.22,5
6336,2362,15,2,1525.54,5
6337,2363,22,3,3580.76,10
6338,2364,33,1,797.09,0
6339,2364,58,4,1556.29,5
6340,2364,80,1,257.52,15
6341,2365,81,3,427.94,0
6342,2365,100,1,24.52,5
6343,2365,89,2,836.24,5
6344,2366,82,3,935.69,0
6345,2366,70,1,429.0,10
6346,2367,5,1,619.41,0
6347,2367,74,2,952.76,5
6348,2367,82,2,935.69,20
6349,2368,64,2,1286.95,15
6350,2368,60,1,1248.31,20
6351,2368,25,1,4443.65,0
6352,2368,7,4,4142.44,0
6353,2369,75,1,1492.83,10
6354,2369,18,1,1442.78,0
6355,2369,46,2,414.49,0
6356,2370,32,2,366.62,5
6357,2370,18,3,1442.78,10
6358,2371,39,1,734.47,0
6359,2371,98,1,774.55,0
6360,2371,11,2,4132.08,20
6361,2372,35,2,561.28,0
6362,2372,40,1,529.21,0
6363,2373,87,2,276.22,5
6364,2374,64,1,1286.95,10
6365,2374,14,1,3098.08,5
6366,2374,32,1,366.62,0
6367,2374,62,4,516.52,0
6368,2375,23,1,1530.72,10
6369,2375,8,1,3641.63,20
6370,2375,40,1,529.21,5
6371,2375,6,4,2952.24,30
6372,2376,27,1,248.66,0
6373,2376,84,3,310.5,5
6374,2376,97,1,432.22,0
6375,2376,40,5,529.21,0
6376,2377,45,1,708.51,20
6377,2377,50,3,597.45,0
6378,2378,98,1,774.55,10
6379,2378,20,1,3781.07,0
6380,2379,75,2,1492.83,30
6381,2379,85,1,86.45,0
6382,2379,77,4,170.07,20
6383,2379,1,3,3377.42,5
6384,2380,80,1,257.52,0
6385,2380,17,4,3360.58,0
6386,2380,35,1,561.28,15
6387,2380,50,2,597.45,10
6388,2381,80,1,257.52,0
6389,2381,53,2,1043.79,15
6390,2381,74,1,952.76,5
6391,2382,76,2,590.41,5
6392,2382,92,1,939.85,20
6393,2383,10,2,935.22,0
6394,2383,67,2,2498.42,20
6395,2383,52,1,1438.67,20
6396,2383,88,2,881.08,0
6397,2383,79,2,246.68,20
6398,2384,95,1,639.72,10
6399,2384,75,2,1492.83,10
6400,2384,13,2,4232.32,0
6401,2384,26,1,346.72,0
6402,2385,7,2,4142.44,0
6403,2385,39,1,734.47,10
6404,2386,20,1,3781.07,0
6405,2386,55,1,803.67,10
6406,2387,40,3,529.21,30
6407,2387,60,1,1248.31,10
6408,2388,28,2,247.06,0
6409,2388,79,1,246.68,10
6410,2389,29,2,349.55,0
6411,2389,64,3,1286.95,0
6412,2389,61,1,1903.97,10
6413,2390,69,2,1368.41,10
6414,2391,14,1,3098.08,0
6415,2391,18,3,1442.78,15
6416,2391,97,2,432.22,5
6417,2391,95,3,639.72,15
6418,2391,65,2,849.57,10
6419,2392,91,2,819.85,5
6420,2393,12,1,4879.02,5
6421,2393,93,1,120.43,0
6422,2394,51,1,2489.33,0
6423,2394,65,1,849.57,0
6424,2394,35,4,561.28,5
6425,2394,67,3,2498.42,5
6426,2395,41,4,621.88,0
6427,2395,9,1,4807.46,0
6428,2396,54,1,784.48,0
6429,2396,97,1,432.22,30
6430,2397,96,1,906.76,0
6431,2397,20,1,3781.07,5
6432,2397,85,1,86.45,5
6433,2397,31,4,132.24,20
6434,2397,25,1,4443.65,0
6435,2398,21,2,4952.86,0
6436,2398,76,2,590.41,5
6437,2398,3,1,4514.81,15
6438,2398,40,1,529.21,0
6439,2398,47,1,624.38,10
6440,2399,52,2,1438.67,0
6441,2400,6,2,2952.24,0
6442,2400,75,2,1492.83,0
6443,2400,41,5,621.88,0
6444,2401,48,3,462.35,0
6445,2402,96,1,906.76,0
6446,2402,50,3,597.45,20
6447,2403,12,1,4879.02,0
6448,2404,56,2,455.89,15
6449,2404,85,1,86.45,10
6450,2405,47,2,624.38,15
6451,2405,34,2,695.58,0
6452,2405,87,1,276.22,0
6453,2405,97,2,432.22,0
6454,2405,71,1,883.45,0
6455,2406,38,2,247.54,20
6456,2407,100,3,24.52,20
6457,2407,35,1,561.28,20
6458,2407,44,1,673.75,15
6459,2408,77,1,170.07,15
6460,2408,50,1,597.45,10
6461,2408,40,1,529.21,0
6462,2408,86,4,996.16,0
6463,2408,8,3,3641.63,5
6464,2409,38,4,247.54,0
6465,2410,94,1,610.76,5
6466,2410,92,1,939.85,15
6467,2410,90,1,987.42,5
6468,2411,48,1,462.35,0
6469,2411,20,1,3781.07,20
6470,2412,35,1,561.28,0
6471,2412,26,1,346.72,10
6472,2412,71,3,883.45,15
6473,2413,74,5,952.76,15
6474,2413,46,2,414.49,0
6475,2414,44,1,673.75,30
6476,2414,82,2,935.69,0
6477,2414,55,1,803.67,0
6478,2414,92,5,939.85,15
6479,2415,52,1,1438.67,5
6480,2415,28,3,247.06,30
6481,2415,77,3,170.07,5
6482,2415,12,2,4879.02,5
6483,2416,64,2,1286.95,10
6484,2416,14,1,3098.08,0
6485,2417,14,4,3098.08,10
6486,2417,82,3,935.69,15
6487,2417,74,1,952.76,15
6488,2418,36,1,530.72,0
6489,2418,8,1,3641.63,10
6490,2419,79,1,246.68,20
6491,2420,100,1,24.52,10
6492,2421,31,4,132.24,0
6493,2421,28,2,247.06,0
6494,2421,23,1,1530.72,20
6495,2421,49,3,367.35,0
6496,2422,89,1,836.24,0
6497,2422,79,1,246.68,0
6498,2423,92,3,939.85,0
6499,2423,60,3,1248.31,20
6500,2424,96,1,906.76,10
6501,2424,99,1,745.11,10
6502,2424,33,1,797.09,5
6503,2424,88,2,881.08,0
6504,2425,26,1,346.72,5
6505,2425,7,2,4142.44,5
6506,2426,80,3,257.52,0
6507,2426,24,1,1704.83,10
6508,2426,20,2,3781.07,5
6509,2426,17,2,3360.58,0
6510,2427,65,2,849.57,20
6511,2428,1,1,3377.42,0
6512,2428,92,1,939.85,10
6513,2428,49,1,367.35,5
6514,2428,94,1,610.76,10
6515,2428,71,2,883.45,5
6516,2429,16,4,1547.56,0
6517,2429,11,1,4132.08,0
6518,2430,51,2,2489.33,10
6519,2430,47,2,624.38,0
6520,2431,70,1,429.0,10
6521,2431,88,2,881.08,20
6522,2432,5,1,619.41,15
6523,2432,70,2,429.0,15
6524,2432,49,4,367.35,5
6525,2432,9,1,4807.46,15
6526,2432,88,2,881.08,0
6527,2433,87,5,276.22,0
6528,2434,2,1,1504.45,0
6529,2434,95,1,639.72,10
6530,2435,60,1,1248.31,15
6531,2435,48,2,462.35,0
6532,2435,49,5,367.35,20
6533,2436,2,4,1504.45,15
6534,2436,15,1,1525.54,0
6535,2436,87,1,276.22,15
6536,2437,72,1,1230.62,0
6537,2437,59,2,2076.49,10
6538,2437,20,2,3781.07,5
6539,2438,8,2,3641.63,10
6540,2438,78,1,198.04,15
6541,2438,3,2,4514.81,0
6542,2438,35,3,561.28,20
6543,2438,44,1,673.75,0
6544,2439,15,3,1525.54,0
6545,2439,11,3,4132.08,0
6546,2440,21,1,4952.86,0
6547,2440,66,1,2194.97,0
6548,2441,87,2,276.22,5
6549,2442,92,1,939.85,10
6550,2442,24,1,1704.83,0
6551,2442,21,2,4952.86,20
6552,2443,45,1,708.51,5
6553,2443,74,3,952.76,0
6554,2443,81,2,427.94,0
6555,2443,23,4,1530.72,15
6556,2443,89,1,836.24,0
6557,2444,10,3,935.22,0
6558,2445,95,3,639.72,0
6559,2445,8,2,3641.63,0
6560,2446,58,1,1556.29,0
6561,2446,66,4,2194.97,0
6562,2446,1,1,3377.42,0
6563,2446,68,1,2338.01,30
6564,2447,96,1,906.76,0
6565,2447,29,1,349.55,5
6566,2448,62,3,516.52,0
6567,2449,34,2,695.58,20
6568,2450,97,2,432.22,0
6569,2450,10,5,935.22,0
6570,2450,9,1,4807.46,5
6571,2451,89,1,836.24,0
6572,2451,61,2,1903.97,10
6573,2452,13,2,4232.32,0
6574,2452,3,1,4514.81,20
6575,2453,39,2,734.47,0
6576,2453,91,3,819.85,15
6577,2453,29,3,349.55,0
6578,2454,9,2,4807.46,0
6579,2455,30,1,432.14,0
6580,2456,61,1,1903.97,0
6581,2456,23,4,1530.72,0
6582,2456,68,3,2338.01,10
6583,2457,3,1,4514.81,5
6584,2457,95,2,639.72,0
6585,2457,76,1,590.41,5
6586,2458,60,2,1248.31,0
6587,2459,99,1,745.11,15
6588,2459,76,4,590.41,15
6589,2459,80,1,257.52,0
6590,2459,9,2,4807.46,10
6591,2460,46,2,414.49,0
6592,2460,33,1,797.09,10
6593,2460,36,4,530.72,20
6594,2460,22,1,3580.76,0
6595,2461,57,2,771.32,0
6596,2461,13,1,4232.32,5
6597,2461,1,3,3377.42,0
6598,2461,67,2,2498.42,0
6599,2462,88,1,881.08,30
6600,2462,18,1,1442.78,10
6601,2462,44,2,673.75,10
6602,2463,48,1,462.35,15
6603,2463,25,2,4443.65,20
6604,2463,17,4,3360.58,0
6605,2464,67,5,2498.42,10
6606,2464,73,1,1522.69,10
6607,2464,62,3,516.52,15
6608,2464,33,1,797.09,0
6609,2464,100,2,24.52,0
6610,2465,35,4,561.28,5
6611,2466,74,1,952.76,10
6612,2466,24,1,1704.83,20
6613,2467,62,2,516.52,20
6614,2468,38,3,247.54,20
6615,2468,21,1,4952.86,0
6616,2468,41,4,621.88,0
6617,2468,35,5,561.28,10
6618,2469,68,1,2338.01,5
6619,2470,27,1,248.66,10
6620,2470,21,4,4952.86,30
6621,2470,93,4,120.43,0
6622,2471,9,4,4807.46,10
6623,2472,35,1,561.28,0
6624,2472,26,1,346.72,0
6625,2473,67,2,2498.42,15
6626,2473,25,1,4443.65,0
6627,2474,73,3,1522.69,5
6628,2474,64,1,1286.95,0
6629,2475,80,1,257.52,0
6630,2475,55,2,803.67,15
6631,2476,34,1,695.58,0
6632,2477,77,1,170.07,0
6634,2478,94,1,610.76,0
6635,2478,39,2,734.47,5
6636,2478,20,2,3781.07,5
6637,2479,63,1,2195.68,0
6638,2479,23,1,1530.72,10
6639,2479,15,3,1525.54,5
6640,2479,84,1,310.5,0
6641,2480,55,1,803.67,0
6642,2480,86,3,996.16,0
6643,2481,99,2,745.11,10
6644,2481,94,2,610.76,0
6645,2481,97,4,432.22,0
6646,2481,56,3,455.89,5
6647,2482,31,3,132.24,5
6648,2482,46,1,414.49,0
6649,2482,5,5,619.41,0
6650,2482,16,4,1547.56,20
6651,2482,66,1,2194.97,15
6652,2483,24,1,1704.83,15
6653,2484,64,1,1286.95,0
6654,2484,81,2,427.94,5
6655,2484,74,1,952.76,0
6656,2484,85,1,86.45,5
6657,2485,83,1,250.11,15
6658,2485,67,2,2498.42,10
6659,2486,32,1,366.62,5
6660,2486,28,4,247.06,0
6661,2487,44,1,673.75,0
6662,2487,93,3,120.43,5
6663,2487,35,2,561.28,15
6664,2488,62,1,516.52,0
6665,2488,27,1,248.66,15
6666,2488,32,1,366.62,10
6667,2488,29,1,349.55,15
6668,2488,2,5,1504.45,5
6669,2489,12,3,4879.02,0
6670,2489,76,1,590.41,10
6671,2489,37,2,390.29,10
6672,2489,2,1,1504.45,0
6673,2490,84,1,310.5,10
6674,2490,31,1,132.24,0
6675,2490,58,4,1556.29,0
6676,2490,6,1,2952.24,15
6677,2491,34,2,695.58,10
6678,2491,55,3,803.67,10
6679,2492,5,2,619.41,20
6680,2492,8,3,3641.63,20
6681,2493,83,1,250.11,0
6682,2493,20,1,3781.07,15
6683,2493,49,2,367.35,0
6684,2493,14,1,3098.08,5
6685,2493,78,1,198.04,5
6686,2494,48,2,462.35,0
6687,2494,35,1,561.28,5
6688,2495,60,1,1248.31,10
6689,2495,47,1,624.38,0
6690,2496,90,1,987.42,0
6691,2497,81,1,427.94,0
6692,2497,12,2,4879.02,0
6693,2498,14,1,3098.08,0
6694,2499,33,1,797.09,0
6695,2499,23,4,1530.72,10
6696,2500,47,2,624.38,0
6697,2500,60,2,1248.31,0
6698,2500,59,1,2076.49,5
6699,2501,13,1,4232.32,5
6700,2501,82,1,935.69,5
6701,2502,47,1,624.38,0
6702,2502,27,1,248.66,0
6703,2502,96,2,906.76,0
6704,2502,88,1,881.08,0
6705,2503,7,1,4142.44,15
6706,2503,37,1,390.29,5
6707,2504,52,1,1438.67,0
6708,2504,94,4,610.76,0
6709,2504,5,2,619.41,0
6710,2505,49,3,367.35,5
6711,2505,75,2,1492.83,20
6712,2505,25,4,4443.65,0
6713,2505,32,1,366.62,5
6714,2506,45,2,708.51,10
6715,2506,1,1,3377.42,0
6716,2507,6,1,2952.24,15
6717,2507,33,2,797.09,15
6718,2508,41,1,621.88,0
6719,2508,7,5,4142.44,0
6720,2508,46,1,414.49,0
6721,2509,23,2,1530.72,0
6722,2509,76,2,590.41,0
6723,2509,44,1,673.75,0
6724,2509,3,3,4514.81,5
6725,2509,31,3,132.24,0
6726,2510,47,1,624.38,5
6727,2511,55,1,803.67,20
6728,2512,16,1,1547.56,10
6729,2512,54,1,784.48,15
6730,2513,34,2,695.58,30
6731,2513,46,3,414.49,5
6732,2513,44,2,673.75,0
6733,2514,10,2,935.22,0
6734,2515,6,1,2952.24,20
6735,2515,28,2,247.06,20
6736,2515,70,2,429.0,5
6737,2515,63,3,2195.68,15
6738,2515,61,2,1903.97,20
6739,2516,89,2,836.24,0
6740,2516,54,1,784.48,0
6741,2516,50,2,597.45,15
6742,2516,56,1,455.89,0
6743,2516,66,1,2194.97,0
6744,2517,7,1,4142.44,5
6745,2517,47,2,624.38,10
6746,2517,40,2,529.21,5
6747,2517,26,3,346.72,0
6748,2517,77,1,170.07,0
6749,2518,99,1,745.11,15
6750,2518,30,1,432.14,0
6751,2518,86,1,996.16,10
6752,2518,48,1,462.35,20
6753,2518,67,3,2498.42,0
6754,2519,46,2,414.49,0
6755,2519,42,1,447.77,15
6756,2520,60,1,1248.31,0
6757,2520,87,1,276.22,5
6758,2520,49,2,367.35,5
6759,2520,12,2,4879.02,5
6760,2520,39,1,734.47,5
6761,2521,36,1,530.72,10
6762,2521,80,1,257.52,30
6763,2522,52,1,1438.67,10
6764,2522,35,1,561.28,5
6765,2522,18,1,1442.78,0
6766,2523,46,1,414.49,15
6767,2524,33,3,797.09,5
6768,2524,25,2,4443.65,15
6769,2525,4,1,634.09,15
6770,2525,22,1,3580.76,0
6771,2525,33,4,797.09,0
6772,2525,23,2,1530.72,10
6773,2526,38,1,247.54,0
6774,2526,39,1,734.47,30
6775,2526,15,1,1525.54,0
6776,2527,81,1,427.94,15
6777,2527,20,5,3781.07,10
6778,2527,10,3,935.22,0
6779,2527,91,1,819.85,5
6780,2527,80,2,257.52,5
6781,2528,81,2,427.94,0
6782,2528,96,1,906.76,15
6783,2528,73,1,1522.69,0
6784,2528,77,1,170.07,0
6785,2529,31,1,132.24,20
6786,2529,98,1,774.55,20
6787,2529,28,1,247.06,0
6788,2530,47,1,624.38,0
6789,2530,96,2,906.76,20
6790,2530,20,4,3781.07,0
6791,2531,50,1,597.45,0
6792,2531,34,1,695.58,0
6793,2531,62,4,516.52,15
6794,2532,81,1,427.94,0
6795,2532,68,2,2338.01,0
6796,2532,12,3,4879.02,5
6797,2533,66,2,2194.97,0
6798,2533,85,4,86.45,0
6799,2534,91,1,819.85,10
6800,2534,22,1,3580.76,0
6801,2534,23,1,1530.72,0
6802,2535,12,3,4879.02,0
6803,2535,97,1,432.22,0
6804,2535,84,1,310.5,0
6805,2535,28,1,247.06,10
6806,2536,98,1,774.55,10
6807,2536,48,1,462.35,0
6808,2536,84,1,310.5,0
6809,2537,51,2,2489.33,0
6810,2537,48,2,462.35,20
6811,2537,58,4,1556.29,0
6812,2538,12,3,4879.02,0
6813,2538,57,3,771.32,15
6814,2538,19,1,3416.16,20
6815,2539,21,4,4952.86,10
6816,2539,23,1,1530.72,5
6817,2539,87,2,276.22,0
6818,2539,17,3,3360.58,0
6819,2539,78,2,198.04,0
6820,2540,67,1,2498.42,10
6821,2541,86,3,996.16,30
6822,2541,85,1,86.45,10
6823,2541,78,2,198.04,15
6824,2541,35,2,561.28,10
6825,2542,95,2,639.72,0
6826,2542,74,3,952.76,15
6827,2543,59,1,2076.49,5
6828,2543,67,2,2498.42,5
6829,2543,95,1,639.72,5
6830,2543,10,2,935.22,0
6831,2543,43,1,64.61,5
6832,2544,55,2,803.67,20
6833,2545,48,1,462.35,0
6834,2545,19,3,3416.16,20
6835,2545,84,4,310.5,0
6836,2545,67,1,2498.42,5
6837,2545,47,1,624.38,5
6838,2546,49,2,367.35,5
6839,2547,63,5,2195.68,0
6840,2547,26,2,346.72,0
6841,2547,35,1,561.28,10
6842,2547,66,2,2194.97,0
6843,2548,25,1,4443.65,0
6844,2549,24,2,1704.83,10
6845,2549,88,1,881.08,5
6846,2549,50,4,597.45,5
6847,2550,46,1,414.49,30
6848,2550,60,1,1248.31,0
6849,2550,3,1,4514.81,0
6850,2551,98,3,774.55,10
6851,2551,57,1,771.32,0
6852,2552,60,4,1248.31,0
6853,2552,51,1,2489.33,0
6854,2553,19,3,3416.16,30
6855,2553,73,1,1522.69,0
6856,2553,21,3,4952.86,5
6857,2553,20,1,3781.07,0
6858,2553,45,1,708.51,30
6859,2554,60,5,1248.31,5
6860,2554,48,1,462.35,0
6861,2555,59,1,2076.49,10
6862,2556,89,4,836.24,5
6863,2556,8,1,3641.63,15
6864,2557,67,4,2498.42,20
6865,2557,16,2,1547.56,5
6866,2557,57,1,771.32,10
6867,2558,9,2,4807.46,0
6868,2558,55,1,803.67,0
6869,2558,28,1,247.06,20
6870,2558,58,2,1556.29,0
6871,2558,89,1,836.24,10
6872,2559,72,4,1230.62,0
6873,2560,86,1,996.16,10
6874,2561,37,2,390.29,0
6875,2561,32,1,366.62,0
6876,2561,12,2,4879.02,0
6877,2561,6,2,2952.24,0
6878,2561,17,3,3360.58,0
6879,2562,76,2,590.41,15
6880,2563,70,1,429.0,5
6881,2563,8,1,3641.63,5
6882,2563,31,1,132.24,0
6883,2563,100,5,24.52,10
6884,2564,17,2,3360.58,15
6885,2564,64,1,1286.95,5
6886,2564,82,2,935.69,5
6887,2564,46,2,414.49,0
6888,2565,70,1,429.0,5
6889,2565,20,5,3781.07,15
6890,2566,53,1,1043.79,20
6891,2567,95,1,639.72,5
6892,2567,90,3,987.42,0
6893,2567,63,5,2195.68,0
6894,2567,38,1,247.54,0
6895,2567,18,1,1442.78,0
6896,2568,35,1,561.28,0
6897,2568,91,1,819.85,0
6898,2568,15,4,1525.54,5
6899,2568,71,2,883.45,0
6900,2569,35,1,561.28,0
6901,2569,61,1,1903.97,0
6902,2570,76,1,590.41,0
6903,2571,39,2,734.47,15
6904,2571,1,2,3377.42,20
6905,2572,96,1,906.76,30
6906,2572,16,1,1547.56,15
6907,2572,91,2,819.85,15
6908,2572,63,2,2195.68,20
6909,2573,50,1,597.45,20
6910,2573,19,2,3416.16,5
6911,2574,56,2,455.89,10
6912,2575,10,1,935.22,10
6913,2575,33,3,797.09,20
6914,2575,19,2,3416.16,5
6915,2575,12,3,4879.02,0
6916,2576,29,1,349.55,10
6917,2576,73,2,1522.69,5
6918,2576,38,1,247.54,10
6919,2577,17,1,3360.58,0
6920,2577,41,2,621.88,10
6921,2577,89,1,836.24,20
6922,2578,21,1,4952.86,10
6923,2578,34,3,695.58,0
6924,2578,16,1,1547.56,0
6925,2579,65,3,849.57,20
6926,2579,6,1,2952.24,20
6927,2580,82,2,935.69,0
6928,2580,75,1,1492.83,5
6929,2581,49,1,367.35,20
6930,2581,85,3,86.45,10
6931,2582,90,1,987.42,10
6932,2582,66,3,2194.97,20
6933,2583,39,1,734.47,30
6934,2583,100,1,24.52,10
6935,2584,37,1,390.29,0
6936,2584,93,1,120.43,0
6937,2584,89,4,836.24,0
6938,2584,82,3,935.69,5
6939,2585,55,3,803.67,0
6940,2585,47,2,624.38,20
6941,2585,10,1,935.22,5
6942,2586,5,5,619.41,0
6943,2586,42,1,447.77,0
6944,2586,59,4,2076.49,0
6945,2587,28,1,247.06,0
6946,2587,42,1,447.77,15
6947,2587,35,1,561.28,10
6948,2587,48,1,462.35,0
6949,2587,15,1,1525.54,30
6950,2588,97,2,432.22,0
6951,2589,74,1,952.76,20
6952,2589,79,1,246.68,0
6953,2589,95,1,639.72,15
6954,2590,6,2,2952.24,5
6955,2590,16,1,1547.56,0
6956,2591,89,1,836.24,0
6957,2591,46,1,414.49,10
6958,2592,61,3,1903.97,0
6959,2592,75,1,1492.83,5
6960,2592,20,3,3781.07,20
6961,2593,53,1,1043.79,0
6962,2593,71,1,883.45,0
6963,2594,70,3,429.0,15
6964,2594,98,1,774.55,5
6965,2595,29,1,349.55,15
6966,2595,12,3,4879.02,15
6967,2595,26,1,346.72,10
6968,2595,86,1,996.16,0
6969,2595,14,2,3098.08,20
6970,2596,23,2,1530.72,0
6971,2596,11,3,4132.08,15
6972,2596,43,1,64.61,10
6973,2596,30,1,432.14,5
6974,2597,37,1,390.29,0
6975,2597,33,1,797.09,5
6976,2597,58,4,1556.29,0
6977,2598,89,4,836.24,0
6978,2598,32,3,366.62,5
6979,2599,58,1,1556.29,0
6980,2599,85,1,86.45,0
6981,2599,45,1,708.51,20
6982,2600,49,3,367.35,10
6983,2600,12,1,4879.02,0
6984,2600,19,1,3416.16,10
6985,2600,26,2,346.72,0
6986,2601,88,2,881.08,10
6987,2601,87,1,276.22,0
6988,2602,28,2,247.06,0
6989,2602,97,1,432.22,0
6990,2602,78,1,198.04,0
6991,2602,95,1,639.72,10
6992,2602,52,2,1438.67,0
6993,2603,73,3,1522.69,5
6994,2603,34,2,695.58,10
6995,2603,21,3,4952.86,0
6996,2604,96,3,906.76,0
6997,2604,80,1,257.52,0
6998,2605,3,1,4514.81,0
6999,2605,50,1,597.45,0
7000,2606,20,4,3781.07,0
7001,2606,35,1,561.28,0
7002,2606,96,3,906.76,10
7003,2606,37,2,390.29,10
7004,2607,51,1,2489.33,5
7005,2607,90,1,987.42,5
7006,2608,61,2,1903.97,0
7007,2608,90,3,987.42,0
7008,2608,96,2,906.76,15
7009,2609,84,1,310.5,0
7010,2609,82,2,935.69,15
7011,2609,70,3,429.0,0
7012,2610,78,1,198.04,0
7013,2610,83,3,250.11,5
7014,2610,53,1,1043.79,0
7015,2611,82,1,935.69,0
7016,2612,30,2,432.14,5
7017,2612,52,1,1438.67,0
7018,2612,39,1,734.47,0
7019,2612,40,1,529.21,0
7020,2613,26,1,346.72,0
7021,2614,19,2,3416.16,10
7022,2614,46,2,414.49,20
7023,2615,57,5,771.32,5
7024,2616,47,1,624.38,30
7025,2617,78,1,198.04,30
7026,2617,73,4,1522.69,5
7027,2617,48,1,462.35,0
7028,2617,15,1,1525.54,0
7029,2617,21,1,4952.86,0
7030,2618,4,2,634.09,5
7031,2618,39,1,734.47,0
7032,2618,59,1,2076.49,0
7033,2618,6,4,2952.24,20
7034,2619,48,5,462.35,5
7035,2619,66,1,2194.97,10
7036,2619,16,1,1547.56,30
7037,2619,100,2,24.52,0
7038,2619,31,1,132.24,0
7039,2620,73,1,1522.69,0
7040,2620,60,1,1248.31,30
7041,2621,67,4,2498.42,0
7042,2621,41,1,621.88,10
7043,2621,100,1,24.52,10
7044,2622,72,4,1230.62,0
7045,2622,41,3,621.88,10
7046,2623,58,1,1556.29,10
7047,2623,23,3,1530.72,0
7048,2623,74,1,952.76,15
7049,2624,4,1,634.09,0
7050,2624,81,1,427.94,0
7051,2625,95,1,639.72,5
7052,2625,46,1,414.49,0
7053,2625,62,3,516.52,5
7054,2625,56,3,455.89,5
7055,2625,25,1,4443.65,15
7056,2626,83,1,250.11,0
7057,2627,55,1,803.67,5
7058,2627,86,1,996.16,20
7059,2627,91,1,819.85,0
7060,2627,7,4,4142.44,5
7061,2628,70,1,429.0,5
7062,2628,42,1,447.77,0
7063,2629,54,1,784.48,0
7064,2629,8,3,3641.63,20
7065,2630,68,3,2338.01,5
7066,2630,58,2,1556.29,10
7067,2630,4,2,634.09,0
7068,2631,3,1,4514.81,0
7069,2631,78,3,198.04,10
7070,2631,62,1,516.52,0
7071,2631,7,3,4142.44,0
7072,2631,55,1,803.67,5
7073,2632,34,2,695.58,20
7074,2633,87,1,276.22,0
7075,2633,94,1,610.76,5
7076,2633,24,2,1704.83,0
7077,2634,99,1,745.11,5
7078,2635,16,3,1547.56,0
7079,2635,46,1,414.49,15
7080,2635,17,2,3360.58,10
7081,2635,19,4,3416.16,20
7082,2636,63,1,2195.68,15
7083,2636,99,1,745.11,0
7084,2636,50,1,597.45,10
7085,2636,60,1,1248.31,0
7086,2637,71,1,883.45,10
7087,2637,94,2,610.76,0
7088,2638,35,5,561.28,15
7089,2638,26,1,346.72,0
7090,2638,67,1,2498.42,0
7091,2639,46,2,414.49,20
7092,2639,21,1,4952.86,15
7093,2639,20,1,3781.07,5
7094,2639,38,1,247.54,0
7095,2639,84,2,310.5,5
7096,2640,69,3,1368.41,20
7097,2640,27,1,248.66,0
7098,2641,53,4,1043.79,0
7099,2642,66,1,2194.97,0
7100,2642,81,1,427.94,5
7101,2642,36,2,530.72,0
7102,2642,57,4,771.32,10
7103,2643,83,2,250.11,10
7104,2643,100,2,24.52,15
7105,2643,78,2,198.04,10
7106,2643,33,1,797.09,15
7107,2644,62,1,516.52,0
7108,2644,61,1,1903.97,10
7109,2645,87,1,276.22,30
7110,2645,20,2,3781.07,15
7111,2645,72,5,1230.62,0
7112,2646,70,2,429.0,5
7113,2646,92,1,939.85,5
7114,2646,77,2,170.07,0
7115,2646,13,3,4232.32,15
7116,2646,89,1,836.24,10
7117,2647,61,1,1903.97,10
7118,2647,18,2,1442.78,0
7119,2648,1,2,3377.42,0
7120,2648,73,1,1522.69,5
7121,2648,35,1,561.28,0
7122,2648,47,1,624.38,10
7123,2649,1,2,3377.42,20
7124,2649,69,2,1368.41,10
7125,2649,66,1,2194.97,0
7126,2649,70,1,429.0,0
7127,2650,75,3,1492.83,0
7128,2650,93,1,120.43,10
7129,2650,88,2,881.08,0
7130,2650,25,1,4443.65,10
7131,2650,11,1,4132.08,5
7132,2651,58,4,1556.29,0
7133,2652,22,3,3580.76,15
7134,2653,85,1,86.45,0
7135,2653,41,2,621.88,0
7136,2653,75,1,1492.83,10
7137,2653,29,1,349.55,0
7138,2654,18,3,1442.78,20
7139,2654,30,2,432.14,0
7140,2654,76,4,590.41,10
7141,2654,59,2,2076.49,0
7142,2655,88,5,881.08,0
7143,2655,5,1,619.41,10
7144,2655,42,1,447.77,0
7145,2655,86,1,996.16,20
7146,2656,92,1,939.85,15
7147,2656,53,3,1043.79,0
7148,2657,63,2,2195.68,10
7149,2657,1,1,3377.42,5
7150,2657,23,1,1530.72,0
7151,2657,71,1,883.45,30
7152,2658,56,2,455.89,5
7153,2658,24,2,1704.83,0
7154,2658,78,2,198.04,10
7155,2658,50,1,597.45,0
7156,2659,38,2,247.54,20
7157,2659,51,1,2489.33,5
7158,2659,1,4,3377.42,5
7159,2660,19,3,3416.16,0
7160,2660,10,1,935.22,0
7161,2660,80,1,257.52,0
7162,2660,86,4,996.16,0
7163,2661,45,1,708.51,0
7164,2661,96,1,906.76,10
7165,2662,84,4,310.5,10
7166,2662,38,2,247.54,10
7167,2662,13,1,4232.32,0
7168,2662,52,1,1438.67,5
7169,2663,57,3,771.32,10
7170,2663,35,1,561.28,10
7171,2664,87,3,276.22,15
7172,2665,54,1,784.48,5
7173,2665,76,2,590.41,15
7174,2665,1,2,3377.42,0
7175,2665,97,1,432.22,0
7176,2666,97,2,432.22,15
7177,2667,49,3,367.35,30
7178,2668,57,1,771.32,15
7179,2668,29,2,349.55,30
7180,2669,42,2,447.77,0
7181,2670,98,1,774.55,0
7182,2670,35,1,561.28,10
7183,2670,74,2,952.76,0
7184,2671,78,4,198.04,0
7185,2672,66,1,2194.97,0
7186,2672,54,1,784.48,10
7187,2673,4,3,634.09,10
7188,2673,9,1,4807.46,0
7189,2674,86,2,996.16,10
7190,2674,42,1,447.77,0
7191,2675,5,1,619.41,0
7192,2676,19,2,3416.16,0
7193,2676,48,1,462.35,5
7194,2677,87,1,276.22,0
7195,2677,31,2,132.24,0
7196,2677,1,1,3377.42,0
7197,2678,9,1,4807.46,20
7198,2679,74,2,952.76,0
7199,2679,45,2,708.51,0
7200,2679,96,2,906.76,0
7201,2680,50,1,597.45,10
7202,2680,100,2,24.52,5
7203,2681,30,2,432.14,0
7204,2681,60,1,1248.31,10
7205,2681,39,2,734.47,15
7206,2681,97,4,432.22,20
7207,2682,17,1,3360.58,0
7208,2682,40,1,529.21,5
7209,2682,9,1,4807.46,5
7210,2683,6,1,2952.24,5
7211,2683,88,3,881.08,5
7212,2684,89,1,836.24,5
7213,2684,46,1,414.49,10
7214,2684,60,2,1248.31,0
7215,2685,40,1,529.21,10
7216,2685,48,2,462.35,0
7217,2685,18,1,1442.78,0
7218,2686,31,4,132.24,5
7219,2687,33,1,797.09,15
7220,2687,94,1,610.76,5
7221,2687,41,1,621.88,5
7222,2687,47,5,624.38,0
7223,2688,97,1,432.22,5
7224,2688,51,1,2489.33,0
7225,2688,95,1,639.72,0
7226,2688,26,1,346.72,5
7227,2689,10,2,935.22,5
7228,2689,16,4,1547.56,15
7229,2690,92,2,939.85,10
7230,2690,89,1,836.24,15
7231,2691,23,1,1530.72,0
7232,2691,95,2,639.72,5
7233,2691,20,2,3781.07,5
7234,2692,29,2,349.55,0
7235,2692,27,3,248.66,5
7236,2692,6,2,2952.24,15
7237,2693,3,1,4514.81,10
7238,2693,21,2,4952.86,0
7239,2693,98,1,774.55,10
7240,2693,66,4,2194.97,30
7241,2694,23,3,1530.72,10
7242,2694,70,1,429.0,5
7243,2694,32,3,366.62,20
7244,2695,65,1,849.57,0
7245,2695,5,1,619.41,0
7246,2695,59,4,2076.49,20
7247,2696,82,1,935.69,10
7248,2696,93,4,120.43,10
7249,2696,49,1,367.35,5
7250,2697,48,4,462.35,5
7251,2697,33,2,797.09,5
7252,2697,19,2,3416.16,15
7253,2697,20,1,3781.07,5
7254,2698,14,1,3098.08,0
7255,2698,43,2,64.61,0
7256,2698,80,1,257.52,0
7257,2699,44,1,673.75,15
7258,2699,36,1,530.72,20
7259,2699,42,1,447.77,10
7260,2699,31,1,132.24,0
7261,2700,76,1,590.41,10
7262,2700,49,1,367.35,0
7263,2701,75,2,1492.83,10
7264,2701,8,1,3641.63,0
7265,2701,68,1,2338.01,0
7266,2702,85,1,86.45,15
7267,2703,54,1,784.48,0
7268,2703,2,3,1504.45,30
7269,2703,49,1,367.35,0
7270,2703,45,1,708.51,0
7271,2703,67,2,2498.42,5
7272,2704,87,3,276.22,5
7273,2704,51,1,2489.33,0
7274,2704,93,2,120.43,10
7275,2705,77,2,170.07,5
7276,2705,90,1,987.42,0
7277,2705,87,3,276.22,0
7278,2705,2,2,1504.45,0
7279,2706,55,3,803.67,0
7280,2706,57,4,771.32,10
7281,2707,44,1,673.75,10
7282,2708,26,3,346.72,0
7283,2708,27,3,248.66,0
7284,2708,25,3,4443.65,30
7285,2709,37,4,390.29,0
7286,2709,80,5,257.52,10
7287,2710,19,1,3416.16,10
7288,2711,96,2,906.76,15
7289,2712,22,4,3580.76,10
7290,2712,27,3,248.66,5
7291,2713,61,2,1903.97,0
7292,2713,66,1,2194.97,0
7293,2714,12,1,4879.02,5
7294,2714,67,1,2498.42,0
7295,2714,54,3,784.48,0
7296,2715,92,2,939.85,20
7297,2715,57,3,771.32,0
7298,2716,46,4,414.49,15
7299,2717,97,2,432.22,5
7300,2717,15,1,1525.54,0
7301,2717,76,1,590.41,0
7302,2717,35,1,561.28,5
7303,2718,68,2,2338.01,30
7304,2718,52,1,1438.67,5
7305,2718,82,1,935.69,15
7306,2719,58,1,1556.29,0
7307,2719,24,2,1704.83,5
7308,2719,34,1,695.58,0
7309,2719,87,1,276.22,0
7310,2719,96,1,906.76,20
7311,2720,29,2,349.55,10
7312,2720,57,4,771.32,0
7313,2720,32,3,366.62,20
7314,2720,76,2,590.41,0
7315,2721,20,1,3781.07,20
7316,2721,32,1,366.62,15
7317,2722,42,1,447.77,30
7318,2722,97,1,432.22,0
7319,2723,1,5,3377.42,5
7320,2724,90,2,987.42,10
7321,2724,67,1,2498.42,10
7322,2725,50,3,597.45,0
7323,2725,88,4,881.08,0
7324,2725,57,2,771.32,10
7325,2725,74,3,952.76,5
7326,2725,27,1,248.66,5
7327,2726,69,1,1368.41,10
7328,2726,77,2,170.07,0
7329,2726,81,5,427.94,0
7330,2727,97,1,432.22,0
7331,2728,25,1,4443.65,10
7332,2728,11,2,4132.08,0
7333,2728,79,1,246.68,0
7334,2729,25,3,4443.65,5
7335,2729,94,2,610.76,0
7336,2729,93,1,120.43,15
7337,2730,37,3,390.29,5
7338,2730,65,1,849.57,0
7339,2730,72,1,1230.62,10
7340,2730,2,1,1504.45,0
7341,2731,13,3,4232.32,0
7342,2731,38,2,247.54,0
7343,2732,93,1,120.43,10
7344,2733,69,3,1368.41,10
7345,2733,71,1,883.45,0
7346,2733,38,1,247.54,0
7347,2734,41,4,621.88,0
7348,2734,14,3,3098.08,5
7349,2734,23,2,1530.72,0
7350,2735,24,1,1704.83,0
7351,2736,89,1,836.24,10
7352,2737,69,3,1368.41,0
7353,2738,79,1,246.68,0
7354,2738,88,3,881.08,15
7355,2739,6,2,2952.24,10
7356,2739,57,3,771.32,10
7357,2740,18,3,1442.78,10
7358,2740,85,2,86.45,0
7359,2740,17,1,3360.58,5
7360,2741,63,1,2195.68,0
7361,2741,8,1,3641.63,0
7362,2742,48,1,462.35,0
7363,2742,14,2,3098.08,10
7364,2742,16,1,1547.56,0
7365,2742,66,1,2194.97,0
7366,2742,18,5,1442.78,0
7367,2743,88,2,881.08,15
7368,2743,18,3,1442.78,0
7369,2743,92,1,939.85,0
7370,2744,80,3,257.52,10
7371,2744,11,2,4132.08,0
7372,2744,51,2,2489.33,0
7373,2745,65,5,849.57,15
7374,2745,83,3,250.11,0
7375,2745,39,1,734.47,0
7376,2746,16,2,1547.56,10
7377,2746,92,1,939.85,5
7378,2747,69,1,1368.41,0
7379,2747,12,3,4879.02,15
7380,2747,63,1,2195.68,15
7381,2748,15,2,1525.54,0
7382,2748,56,1,455.89,0
7383,2749,39,3,734.47,10
7384,2749,87,1,276.22,5
7385,2749,72,2,1230.62,0
7386,2749,67,1,2498.42,0
7387,2749,18,1,1442.78,10
7388,2750,79,2,246.68,10
7389,2750,59,2,2076.49,0
7390,2750,17,2,3360.58,0
7391,2750,48,3,462.35,15
7392,2750,82,3,935.69,15
7393,2751,79,1,246.68,30
7394,2751,40,1,529.21,0
7395,2751,35,2,561.28,10
7396,2751,91,2,819.85,5
7397,2751,3,1,4514.81,0
7398,2752,61,3,1903.97,20
7399,2752,71,3,883.45,20
7400,2752,56,1,455.89,5
7401,2753,6,1,2952.24,0
7402,2753,35,3,561.28,5
7403,2754,88,1,881.08,10
7404,2754,8,1,3641.63,5
7405,2755,80,1,257.52,15
7406,2755,97,2,432.22,10
7407,2755,3,2,4514.81,5
7408,2756,85,2,86.45,10
7409,2757,62,1,516.52,5
7410,2757,19,1,3416.16,0
7411,2757,75,5,1492.83,5
7412,2758,3,1,4514.81,5
7413,2758,79,1,246.68,30
7414,2758,82,1,935.69,0
7415,2758,18,1,1442.78,5
7416,2759,44,2,673.75,0
7417,2759,79,1,246.68,0
7418,2760,79,1,246.68,10
7419,2760,47,2,624.38,10
7420,2761,33,2,797.09,15
7421,2761,38,5,247.54,15
7422,2761,97,1,432.22,5
7423,2761,91,1,819.85,20
7424,2761,86,1,996.16,0
7425,2762,58,4,1556.29,20
7426,2762,90,4,987.42,5
7427,2762,74,1,952.76,0
7428,2762,37,2,390.29,15
7429,2763,77,3,170.07,0
7430,2764,79,1,246.68,15
7431,2764,42,5,447.77,10
7432,2764,83,2,250.11,0
7433,2764,44,2,673.75,5
7434,2765,2,1,1504.45,0
7435,2765,93,3,120.43,10
7436,2765,44,1,673.75,30
7437,2765,73,4,1522.69,15
7438,2765,98,1,774.55,0
7440,2766,55,3,803.67,5
7441,2767,11,1,4132.08,5
7442,2767,45,3,708.51,10
7443,2767,51,2,2489.33,0
7444,2767,38,1,247.54,0
7445,2768,80,2,257.52,10
7446,2768,19,2,3416.16,0
7447,2769,59,2,2076.49,0
7448,2769,34,3,695.58,15
7449,2770,51,1,2489.33,0
7450,2770,97,1,432.22,0
7451,2771,15,1,1525.54,0
7452,2771,58,2,1556.29,5
7453,2771,11,4,4132.08,5
7454,2772,20,1,3781.07,5
7455,2772,30,1,432.14,0
7456,2773,92,1,939.85,10
7457,2773,68,1,2338.01,0
7458,2774,29,1,349.55,0
7459,2774,90,4,987.42,20
7460,2774,32,1,366.62,0
7461,2775,96,1,906.76,5
7462,2775,43,2,64.61,0
7463,2776,85,2,86.45,5
7464,2776,47,2,624.38,0
7465,2776,40,2,529.21,0
7466,2777,64,2,1286.95,5
7467,2777,49,1,367.35,15
7468,2777,1,1,3377.42,15
7469,2777,67,2,2498.42,0
7470,2778,52,1,1438.67,5
7471,2778,23,1,1530.72,0
7472,2778,19,4,3416.16,0
7473,2778,64,1,1286.95,0
7474,2779,6,1,2952.24,0
7475,2779,63,3,2195.68,0
7476,2779,21,1,4952.86,0
7477,2780,53,3,1043.79,5
7478,2780,46,1,414.49,15
7479,2780,89,1,836.24,10
7480,2781,17,3,3360.58,0
7481,2781,26,4,346.72,0
7482,2781,33,2,797.09,0
7483,2782,69,4,1368.41,0
7484,2782,92,2,939.85,5
7485,2783,44,4,673.75,5
7486,2783,83,3,250.11,0
7487,2783,62,2,516.52,0
7488,2783,66,3,2194.97,0
7489,2783,10,1,935.22,30
7490,2784,69,1,1368.41,5
7491,2784,100,1,24.52,0
7492,2784,43,1,64.61,5
7493,2785,54,1,784.48,0
7494,2785,95,4,639.72,5
7495,2785,74,3,952.76,0
7496,2786,98,1,774.55,0
7497,2786,4,4,634.09,0
7498,2786,34,2,695.58,0
7499,2787,26,1,346.72,0
7500,2788,12,3,4879.02,5
7501,2788,81,4,427.94,10
7502,2788,97,3,432.22,10
7503,2788,2,2,1504.45,0
7504,2788,38,2,247.54,10
7505,2789,39,3,734.47,5
7506,2790,69,1,1368.41,0
7507,2790,77,1,170.07,0
7508,2790,98,1,774.55,5
7509,2790,19,2,3416.16,0
7510,2791,57,4,771.32,5
7511,2791,26,1,346.72,0
7512,2791,84,1,310.5,5
7513,2791,8,1,3641.63,10
7514,2792,30,1,432.14,0
7515,2792,56,4,455.89,15
7516,2793,56,5,455.89,10
7517,2793,30,1,432.14,15
7518,2793,12,1,4879.02,0
7519,2794,43,2,64.61,10
7520,2794,58,1,1556.29,10
7521,2794,6,1,2952.24,15
7522,2794,94,1,610.76,10
7523,2795,16,1,1547.56,0
7524,2795,31,1,132.24,0
7525,2796,42,1,447.77,5
7526,2796,63,1,2195.68,0
7527,2796,40,2,529.21,10
7528,2796,79,2,246.68,0
7529,2797,52,3,1438.67,10
7530,2797,40,3,529.21,0
7531,2798,75,1,1492.83,10
7532,2798,90,2,987.42,5
7533,2799,40,1,529.21,30
7534,2799,34,2,695.58,0
7535,2800,64,2,1286.95,15
7536,2800,10,3,935.22,0
7537,2800,53,1,1043.79,10
7538,2801,97,2,432.22,0
7539,2802,9,1,4807.46,15
7540,2803,55,1,803.67,30
7541,2803,65,2,849.57,30
7542,2804,4,1,634.09,20
7543,2805,19,2,3416.16,10
7544,2806,36,3,530.72,15
7545,2806,18,4,1442.78,10
7546,2806,38,2,247.54,0
7547,2807,9,3,4807.46,5
7548,2808,45,1,708.51,15
7549,2808,68,2,2338.01,0
7550,2809,62,1,516.52,30
7551,2809,55,2,803.67,0
7552,2809,95,4,639.72,10
7553,2809,52,1,1438.67,30
7554,2809,68,1,2338.01,0
7555,2810,22,1,3580.76,15
7556,2810,48,3,462.35,0
7557,2810,87,2,276.22,5
7558,2811,81,2,427.94,5
7559,2811,33,1,797.09,10
7560,2811,23,3,1530.72,10
7561,2811,13,2,4232.32,0
7562,2811,7,3,4142.44,15
7563,2812,69,1,1368.41,20
7564,2812,4,5,634.09,10
7565,2812,99,2,745.11,10
7566,2812,92,1,939.85,0
7567,2813,4,3,634.09,0
7568,2814,66,1,2194.97,10
7569,2815,95,3,639.72,20
7570,2815,68,2,2338.01,0
7571,2816,83,1,250.11,0
7572,2816,2,1,1504.45,0
7573,2816,94,5,610.76,5
7574,2816,47,1,624.38,20
7575,2817,86,1,996.16,15
7576,2817,71,1,883.45,0
7577,2818,66,1,2194.97,0
7578,2819,72,1,1230.62,10
7579,2819,58,2,1556.29,10
7580,2819,34,1,695.58,0
7581,2820,77,3,170.07,20
7582,2820,94,3,610.76,10
7583,2820,33,1,797.09,5
7584,2821,58,4,1556.29,10
7585,2821,98,1,774.55,0
7586,2821,40,1,529.21,15
7587,2822,5,4,619.41,10
7588,2822,24,2,1704.83,5
7589,2823,30,1,432.14,0
7590,2823,43,4,64.61,10
7591,2824,19,1,3416.16,0
7592,2824,13,1,4232.32,0
7593,2825,79,4,246.68,0
7594,2825,74,1,952.76,5
7595,2826,77,2,170.07,5
7596,2826,53,1,1043.79,15
7597,2827,69,2,1368.41,5
7598,2827,76,1,590.41,0
7599,2827,81,1,427.94,5
7600,2827,8,1,3641.63,30
7601,2828,63,3,2195.68,0
7602,2829,97,4,432.22,10
7603,2829,63,1,2195.68,5
7604,2829,41,4,621.88,10
7605,2830,9,1,4807.46,0
7606,2830,65,1,849.57,0
7607,2830,48,2,462.35,0
7608,2830,10,1,935.22,0
7609,2830,16,2,1547.56,10
7610,2831,15,2,1525.54,5
7611,2831,12,2,4879.02,10
7612,2831,67,2,2498.42,15
7613,2831,96,1,906.76,0
7614,2832,29,2,349.55,10
7615,2832,43,1,64.61,0
7616,2832,85,2,86.45,20
7617,2833,41,1,621.88,5
7618,2833,100,1,24.52,5
7619,2833,71,2,883.45,5
7620,2833,38,1,247.54,0
7621,2834,53,1,1043.79,30
7622,2834,72,1,1230.62,0
7623,2834,67,1,2498.42,15
7624,2835,96,1,906.76,0
7625,2835,26,1,346.72,0
7626,2835,63,2,2195.68,5
7627,2835,27,4,248.66,0
7628,2836,18,1,1442.78,5
7629,2836,60,1,1248.31,30
7630,2836,30,2,432.14,0
7631,2837,68,1,2338.01,0
7632,2837,97,1,432.22,0
7633,2838,66,1,2194.97,0
7634,2838,58,5,1556.29,10
7635,2838,4,1,634.09,5
7636,2839,20,1,3781.07,10
7637,2839,46,3,414.49,10
7638,2839,52,4,1438.67,20
7639,2839,33,1,797.09,15
7640,2840,54,5,784.48,0
7641,2840,64,1,1286.95,30
7642,2840,7,4,4142.44,15
7643,2840,25,1,4443.65,0
7644,2840,57,2,771.32,10
7645,2841,100,2,24.52,30
7646,2841,90,1,987.42,15
7647,2841,58,2,1556.29,0
7648,2841,72,4,1230.62,5
7649,2841,33,2,797.09,5
7650,2842,11,3,4132.08,5
7651,2842,65,1,849.57,10
7652,2842,72,2,1230.62,0
7653,2842,63,2,2195.68,0
7654,2843,60,1,1248.31,15
7655,2843,9,5,4807.46,10
7656,2843,74,1,952.76,0
7657,2844,91,1,819.85,15
7658,2844,9,2,4807.46,0
7659,2844,74,1,952.76,20
7660,2844,97,3,432.22,30
7661,2844,38,3,247.54,0
7662,2845,76,3,590.41,0
7663,2845,11,1,4132.08,5
7664,2845,7,1,4142.44,0
7665,2845,19,1,3416.16,15
7666,2846,12,1,4879.02,0
7667,2846,19,1,3416.16,20
7668,2847,80,1,257.52,0
7669,2848,18,5,1442.78,0
7670,2848,7,1,4142.44,10
7671,2849,56,2,455.89,30
7672,2849,30,5,432.14,5
7673,2849,4,1,634.09,10
7674,2849,19,2,3416.16,5
7675,2850,45,4,708.51,0
7676,2851,94,1,610.76,15
7677,2851,37,2,390.29,0
7678,2852,16,1,1547.56,0
7679,2852,78,2,198.04,0
7680,2852,67,3,2498.42,0
7681,2853,80,3,257.52,0
7682,2853,24,1,1704.83,0
7683,2853,91,4,819.85,0
7684,2853,90,3,987.42,0
7685,2854,25,1,4443.65,0
7686,2854,24,5,1704.83,15
7687,2855,21,2,4952.86,5
7688,2856,87,1,276.22,15
7689,2857,71,2,883.45,10
7690,2857,59,2,2076.49,20
7691,2858,100,4,24.52,0
7692,2859,37,1,390.29,5
7693,2859,18,1,1442.78,0
7694,2860,74,1,952.76,20
7695,2860,45,2,708.51,20
7696,2860,26,1,346.72,20
7697,2860,58,1,1556.29,15
7698,2860,19,1,3416.16,15
7699,2861,13,3,4232.32,10
7700,2862,31,4,132.24,5
7701,2862,40,1,529.21,0
7702,2862,96,2,906.76,5
7703,2863,56,2,455.89,0
7704,2864,35,3,561.28,0
7705,2864,71,3,883.45,0
7706,2864,74,1,952.76,0
7707,2864,51,2,2489.33,5
7708,2865,70,1,429.0,5
7709,2865,3,1,4514.81,0
7710,2866,89,1,836.24,0
7711,2866,42,3,447.77,0
7712,2866,14,2,3098.08,5
7713,2867,50,1,597.45,0
7714,2868,77,2,170.07,0
7715,2868,13,3,4232.32,30
7716,2868,63,1,2195.68,5
7717,2868,14,1,3098.08,0
7718,2868,80,1,257.52,10
7719,2869,38,4,247.54,0
7720,2869,42,1,447.77,5
7721,2870,67,1,2498.42,5
7722,2870,69,1,1368.41,0
7723,2870,31,1,132.24,5
7724,2871,18,2,1442.78,20
7725,2871,99,2,745.11,0
7726,2871,71,2,883.45,5
7727,2872,100,2,24.52,0
7728,2873,45,1,708.51,0
7729,2873,61,3,1903.97,10
7730,2873,71,1,883.45,10
7731,2874,21,1,4952.86,0
7732,2874,22,2,3580.76,5
7733,2874,3,2,4514.81,0
7734,2875,92,3,939.85,5
7735,2875,11,2,4132.08,5
7736,2875,93,1,120.43,10
7737,2876,40,3,529.21,10
7738,2877,99,1,745.11,15
7739,2877,72,1,1230.62,5
7740,2877,7,2,4142.44,0
7741,2877,30,1,432.14,5
7742,2878,68,1,2338.01,5
7743,2878,26,1,346.72,10
7744,2879,42,1,447.77,0
7745,2880,82,1,935.69,20
7746,2881,62,1,516.52,5
7747,2881,28,1,247.06,5
7748,2881,68,2,2338.01,10
7749,2881,72,1,1230.62,20
7750,2881,85,1,86.45,0
7751,2882,43,2,64.61,0
7752,2882,23,4,1530.72,5
7753,2882,7,2,4142.44,5
7754,2883,48,1,462.35,15
7755,2883,81,3,427.94,0
7756,2883,16,2,1547.56,15
7757,2884,44,1,673.75,5
7758,2884,8,3,3641.63,0
7759,2884,10,2,935.22,15
7760,2885,8,2,3641.63,0
7761,2886,13,4,4232.32,15
7762,2886,37,1,390.29,0
7763,2886,78,1,198.04,0
7764,2887,16,3,1547.56,5
7765,2887,64,2,1286.95,0
7766,2887,41,2,621.88,5
7767,2888,60,2,1248.31,15
7768,2888,43,2,64.61,0
7769,2888,30,1,432.14,0
7770,2888,54,2,784.48,5
7771,2889,100,3,24.52,0
7772,2890,25,2,4443.65,5
7773,2890,46,4,414.49,0
7774,2891,81,2,427.94,5
7775,2891,86,1,996.16,5
7776,2891,48,1,462.35,0
7777,2892,61,5,1903.97,0
7778,2892,55,4,803.67,15
7779,2893,14,1,3098.08,0
7780,2893,5,1,619.41,10
7781,2893,37,1,390.29,0
7782,2894,42,2,447.77,5
7783,2894,80,3,257.52,0
7784,2894,60,1,1248.31,5
7785,2895,67,1,2498.42,5
7786,2896,96,1,906.76,0
7787,2896,57,4,771.32,5
7788,2897,96,1,906.76,0
7789,2897,78,1,198.04,0
7790,2898,67,3,2498.42,0
7791,2898,14,2,3098.08,0
7792,2898,92,1,939.85,20
7793,2898,30,2,432.14,5
7794,2898,69,1,1368.41,10
7795,2899,48,2,462.35,15
7796,2900,51,1,2489.33,0
7797,2900,3,3,4514.81,10
7798,2901,65,3,849.57,10
7799,2901,57,3,771.32,5
7800,2901,9,3,4807.46,15
7801,2902,8,4,3641.63,5
7802,2903,71,2,883.45,20
7803,2903,39,2,734.47,30
7804,2903,7,1,4142.44,10
7805,2903,78,1,198.04,15
7806,2904,73,4,1522.69,15
7807,2904,4,2,634.09,15
7808,2905,97,1,432.22,0
7809,2905,77,1,170.07,15
7810,2905,59,2,2076.49,0
7811,2906,87,3,276.22,0
7812,2907,64,2,1286.95,0
7813,2908,2,3,1504.45,0
7814,2908,43,2,64.61,0
7815,2908,29,3,349.55,0
7816,2909,68,1,2338.01,0
7817,2910,32,1,366.62,10
7818,2910,100,1,24.52,5
7819,2911,49,3,367.35,20
7820,2911,46,2,414.49,5
7821,2911,7,2,4142.44,5
7822,2911,28,1,247.06,0
7823,2912,19,2,3416.16,0
7824,2913,19,4,3416.16,5
7825,2913,52,4,1438.67,10
7826,2914,92,2,939.85,10
7827,2914,64,1,1286.95,30
7828,2914,41,1,621.88,0
7829,2915,60,4,1248.31,15
7830,2915,32,2,366.62,5
7831,2915,55,1,803.67,0
7832,2915,44,2,673.75,0
7833,2916,82,1,935.69,0
7834,2916,72,1,1230.62,0
7835,2916,11,2,4132.08,0
7836,2916,64,2,1286.95,0
7837,2916,66,2,2194.97,5
7838,2917,31,5,132.24,10
7839,2917,60,1,1248.31,0
7840,2917,49,2,367.35,0
7841,2918,26,1,346.72,20
7842,2918,79,1,246.68,0
7843,2919,71,1,883.45,15
7844,2919,26,2,346.72,15
7845,2919,35,2,561.28,0
7846,2919,85,1,86.45,0
7847,2919,40,1,529.21,0
7848,2920,1,3,3377.42,5
7849,2920,25,3,4443.65,0
7850,2921,94,2,610.76,0
7851,2921,27,1,248.66,0
7852,2922,51,3,2489.33,5
7853,2923,18,2,1442.78,0
7854,2923,34,2,695.58,0
7855,2924,61,1,1903.97,0
7856,2924,83,2,250.11,0
7857,2924,88,1,881.08,20
7858,2925,97,3,432.22,0
7859,2925,64,1,1286.95,0
7860,2925,14,1,3098.08,15
7861,2925,70,1,429.0,0
7862,2925,18,1,1442.78,5
7863,2926,75,1,1492.83,5
7864,2926,11,1,4132.08,0
7865,2926,83,1,250.11,15
7866,2926,8,2,3641.63,5
7867,2927,56,1,455.89,15
7868,2927,82,2,935.69,0
7869,2927,39,1,734.47,0
7870,2927,10,5,935.22,5
7871,2928,31,3,132.24,0
7872,2928,76,3,590.41,5
7873,2929,23,1,1530.72,0
7874,2929,100,4,24.52,20
7875,2930,83,2,250.11,0
7876,2931,76,1,590.41,5
7877,2931,37,1,390.29,0
7878,2931,78,1,198.04,20
7879,2931,19,2,3416.16,15
7880,2932,98,2,774.55,30
7881,2932,56,2,455.89,0
7882,2933,70,1,429.0,0
7883,2933,12,2,4879.02,15
7884,2933,62,1,516.52,20
7885,2934,49,1,367.35,0
7886,2935,2,1,1504.45,10
7887,2936,42,2,447.77,5
7888,2936,93,1,120.43,0
7889,2937,12,1,4879.02,0
7890,2937,50,1,597.45,5
7891,2937,72,2,1230.62,5
7892,2937,6,1,2952.24,5
7893,2937,69,2,1368.41,0
7894,2938,44,2,673.75,5
7895,2938,78,4,198.04,5
7896,2939,66,1,2194.97,20
7897,2939,24,3,1704.83,5
7898,2939,36,1,530.72,0
7899,2940,90,1,987.42,5
7900,2940,3,2,4514.81,0
7901,2941,98,2,774.55,15
7902,2942,57,1,771.32,0
7903,2942,22,1,3580.76,0
7904,2942,10,1,935.22,30
7905,2942,72,5,1230.62,10
7906,2942,48,1,462.35,15
7907,2943,2,1,1504.45,0
7908,2944,31,2,132.24,0
7909,2944,42,1,447.77,0
7910,2944,58,3,1556.29,0
7911,2945,64,2,1286.95,0
7912,2945,77,1,170.07,0
7913,2945,18,2,1442.78,0
7914,2945,85,2,86.45,15
7915,2946,8,3,3641.63,5
7916,2946,64,2,1286.95,0
7917,2946,33,1,797.09,0
7918,2946,29,2,349.55,0
7919,2947,18,1,1442.78,0
7920,2947,76,1,590.41,0
7921,2948,62,2,516.52,0
7922,2948,20,1,3781.07,5
7923,2949,88,2,881.08,0
7924,2950,49,1,367.35,30
7925,2950,13,1,4232.32,10
7926,2951,10,1,935.22,5
7927,2951,59,3,2076.49,10
7928,2951,29,3,349.55,5
7929,2952,19,1,3416.16,5
7930,2952,37,5,390.29,5
7931,2952,94,1,610.76,10
7932,2952,85,1,86.45,5
7933,2952,36,2,530.72,5
7934,2953,4,3,634.09,5
7935,2954,57,1,771.32,20
7936,2954,69,1,1368.41,5
7937,2955,94,1,610.76,20
7938,2955,40,1,529.21,0
7939,2956,21,5,4952.86,0
7940,2956,30,1,432.14,30
7941,2956,27,1,248.66,15
7942,2957,70,1,429.0,0
7943,2957,44,4,673.75,20
7944,2958,28,1,247.06,0
7945,2958,15,4,1525.54,5
7946,2959,46,1,414.49,15
7947,2959,57,1,771.32,5
7948,2960,29,1,349.55,10
7949,2960,30,1,432.14,0
7950,2960,47,3,624.38,10
7951,2961,94,1,610.76,0
7952,2962,25,1,4443.65,5
7953,2962,85,1,86.45,30
7954,2963,70,3,429.0,10
7955,2963,23,1,1530.72,5
7956,2964,72,2,1230.62,0
7957,2964,90,1,987.42,30
7958,2964,96,3,906.76,5
7959,2965,77,3,170.07,0
7960,2965,96,4,906.76,5
7961,2965,79,3,246.68,20
7962,2965,66,1,2194.97,5
7963,2966,75,2,1492.83,0
7964,2966,84,2,310.5,0
7965,2966,27,1,248.66,0
7966,2967,65,1,849.57,10
7967,2967,96,1,906.76,15
7968,2968,97,3,432.22,0
7969,2968,2,1,1504.45,0
7970,2968,51,3,2489.33,15
7971,2969,49,3,367.35,0
7972,2969,40,5,529.21,15
7973,2969,88,3,881.08,20
7974,2970,78,1,198.04,20
7975,2970,19,1,3416.16,5
7976,2970,25,1,4443.65,0
7977,2970,80,1,257.52,0
7978,2971,68,3,2338.01,20
7979,2971,65,1,849.57,0
7980,2971,99,5,745.11,0
7981,2972,3,2,4514.81,5
7982,2972,47,1,624.38,10
7983,2972,28,1,247.06,0
7984,2972,72,2,1230.62,0
7985,2973,16,3,1547.56,20
7986,2973,56,4,455.89,30
7987,2973,5,2,619.41,0
7988,2974,9,3,4807.46,0
7989,2974,17,1,3360.58,20
7990,2974,96,5,906.76,5
7991,2975,39,1,734.47,5
7992,2975,73,2,1522.69,10
7993,2975,62,4,516.52,0
7994,2975,87,4,276.22,0
7995,2976,7,1,4142.44,10
7996,2976,78,2,198.04,0
7997,2976,40,1,529.21,15
7998,2976,43,1,64.61,15
7999,2976,26,1,346.72,5
8000,2977,62,3,516.52,15
8001,2977,49,5,367.35,20
8002,2978,85,1,86.45,15
8003,2979,29,1,349.55,10
8004,2979,11,2,4132.08,5
8005,2980,54,1,784.48,5
8006,2980,2,2,1504.45,0
8007,2980,10,2,935.22,0
8008,2980,51,1,2489.33,10
8009,2981,70,2,429.0,5
8010,2981,34,1,695.58,15
8011,2982,79,1,246.68,15
8012,2982,72,2,1230.62,30
8013,2982,70,1,429.0,10
8014,2982,14,3,3098.08,30
8015,2983,18,5,1442.78,0
8016,2983,28,3,247.06,0
8017,2983,36,1,530.72,0
8018,2984,19,1,3416.16,10
8019,2984,25,3,4443.65,0
8020,2984,1,3,3377.42,5
8021,2985,16,1,1547.56,0
8022,2985,63,2,2195.68,5
8023,2986,73,1,1522.69,5
8024,2986,26,1,346.72,5
8025,2986,90,3,987.42,15
8026,2986,4,2,634.09,5
8027,2987,45,2,708.51,15
8028,2987,15,2,1525.54,10
8029,2987,81,1,427.94,20
8030,2988,49,3,367.35,0
8031,2988,83,1,250.11,0
8032,2988,71,1,883.45,15
8033,2988,42,4,447.77,20
8034,2989,59,1,2076.49,10
8035,2989,90,5,987.42,0
8036,2990,41,1,621.88,15
8037,2990,60,2,1248.31,0
8038,2991,63,2,2195.68,0
8039,2992,21,1,4952.86,10
8040,2992,94,1,610.76,20
8041,2992,95,1,639.72,20
8042,2992,87,1,276.22,5
8043,2992,67,1,2498.42,15
8044,2993,49,1,367.35,15
8045,2993,64,3,1286.95,10
8046,2994,5,1,619.41,20
8047,2995,73,2,1522.69,0
8048,2995,3,1,4514.81,0
8049,2996,70,1,429.0,0
8050,2996,40,1,529.21,0
8051,2997,16,2,1547.56,0
8052,2998,47,2,624.38,0
8053,2998,37,3,390.29,10
8054,2998,36,1,530.72,10
8055,2999,86,1,996.16,0
8056,2999,100,1,24.52,0
8057,2999,92,1,939.85,0
8058,2999,54,1,784.48,10
8059,2999,42,1,447.77,5
8060,3000,97,1,432.22,0
8061,3000,68,2,2338.01,20
8062,3001,82,2,935.69,5
8063,3002,86,2,996.16,0
8064,3002,27,3,248.66,20
8065,3003,84,1,310.5,30
8066,3003,28,1,247.06,0
8067,3003,56,1,455.89,5
8068,3003,6,4,2952.24,5
8069,3003,51,1,2489.33,5
8070,3004,3,2,4514.81,15
8071,3004,58,2,1556.29,0
8072,3005,31,2,132.24,30
8073,3005,95,5,639.72,10
8074,3005,9,1,4807.46,0
8075,3006,24,2,1704.83,0
8076,3006,72,2,1230.62,0
8077,3006,57,4,771.32,0
8078,3007,80,5,257.52,0
8079,3007,34,2,695.58,0
8080,3007,93,1,120.43,0
8081,3007,45,2,708.51,10
8082,3008,11,1,4132.08,15
8083,3008,54,1,784.48,0
8084,3008,73,3,1522.69,0
8085,3008,28,1,247.06,10
8086,3009,35,3,561.28,0
8087,3009,48,5,462.35,0
8088,3010,21,2,4952.86,0
8089,3010,82,4,935.69,0
8090,3011,97,2,432.22,5
8091,3011,3,2,4514.81,10
8092,3012,89,1,836.24,5
8093,3012,4,5,634.09,0
8094,3012,55,1,803.67,10
8095,3013,22,4,3580.76,10
8096,3013,19,1,3416.16,30
8097,3013,34,1,695.58,15
8098,3014,3,3,4514.81,0
8099,3015,73,2,1522.69,20
8100,3016,54,1,784.48,5
8101,3016,39,2,734.47,0
8102,3016,83,1,250.11,0
8103,3016,57,1,771.32,0
8104,3017,48,1,462.35,15
8105,3018,81,1,427.94,15
8106,3018,4,3,634.09,0
8107,3018,23,2,1530.72,0
8108,3019,76,2,590.41,0
8109,3019,63,4,2195.68,0
8110,3020,3,2,4514.81,0
8111,3020,83,2,250.11,0
8112,3020,36,2,530.72,10
8113,3020,35,4,561.28,0
8114,3021,16,1,1547.56,0
8115,3022,45,2,708.51,5
8116,3023,26,4,346.72,10
8117,3024,81,3,427.94,0
8118,3025,89,2,836.24,5
8119,3025,39,1,734.47,5
8120,3026,17,2,3360.58,0
8121,3026,14,4,3098.08,20
8122,3026,76,1,590.41,0
8123,3026,85,1,86.45,0
8124,3026,31,3,132.24,5
8125,3027,2,2,1504.45,10
8126,3027,33,2,797.09,30
8127,3027,80,1,257.52,20
8128,3028,85,1,86.45,5
8129,3029,40,1,529.21,0
8130,3029,32,2,366.62,15
8131,3029,97,2,432.22,5
8132,3029,91,2,819.85,0
8133,3030,57,1,771.32,0
8134,3031,58,1,1556.29,5
8135,3031,54,1,784.48,5
8136,3031,36,3,530.72,10
8137,3031,23,2,1530.72,5
8138,3031,57,1,771.32,0
8139,3032,11,1,4132.08,20
8140,3032,15,1,1525.54,10
8141,3033,60,3,1248.31,0
8142,3033,31,2,132.24,5
8143,3033,22,1,3580.76,15
8144,3033,67,2,2498.42,0
8145,3033,14,3,3098.08,10
8146,3034,48,1,462.35,0
8147,3034,30,3,432.14,15
8148,3035,9,1,4807.46,0
8149,3036,79,4,246.68,0
8150,3036,73,1,1522.69,10
8151,3037,10,2,935.22,0
8152,3038,92,2,939.85,0
8153,3038,23,1,1530.72,0
8154,3039,38,2,247.54,0
8155,3040,35,1,561.28,15
8156,3040,53,3,1043.79,0
8157,3040,71,1,883.45,15
8158,3040,80,3,257.52,20
8159,3040,60,3,1248.31,5
8160,3041,52,2,1438.67,15
8161,3041,42,2,447.77,0
8162,3041,46,1,414.49,0
8163,3042,70,1,429.0,5
8164,3042,54,2,784.48,20
8165,3042,41,4,621.88,0
8166,3043,63,1,2195.68,10
8167,3043,22,1,3580.76,5
8168,3044,21,1,4952.86,10
8169,3044,99,1,745.11,30
8170,3045,80,3,257.52,30
8171,3046,67,2,2498.42,0
8172,3046,56,1,455.89,5
8173,3046,13,3,4232.32,15
8174,3046,28,1,247.06,10
8175,3047,87,2,276.22,5
8176,3047,75,4,1492.83,10
8177,3047,30,1,432.14,0
8178,3048,15,1,1525.54,0
8179,3048,80,3,257.52,0
8180,3049,30,3,432.14,15
8181,3049,51,1,2489.33,0
8182,3049,26,1,346.72,5
8183,3049,60,5,1248.31,10
8184,3050,70,1,429.0,0
8185,3050,29,1,349.55,10
8186,3051,100,4,24.52,15
8187,3051,46,1,414.49,20
8188,3052,55,1,803.67,5
8189,3052,72,1,1230.62,5
8190,3052,78,4,198.04,0
8191,3052,91,1,819.85,0
8192,3052,57,1,771.32,5
8193,3053,58,1,1556.29,10
8194,3053,33,1,797.09,15
8195,3054,37,3,390.29,0
8196,3054,74,1,952.76,0
8197,3055,93,1,120.43,0
8198,3055,20,5,3781.07,20
8199,3055,36,2,530.72,15
8200,3056,37,1,390.29,30
8201,3056,25,5,4443.65,0
8202,3056,79,3,246.68,0
8203,3057,17,2,3360.58,15
8204,3057,87,1,276.22,15
8205,3058,34,2,695.58,0
8206,3058,80,1,257.52,0
8207,3058,82,1,935.69,15
8208,3058,13,3,4232.32,10
8209,3059,38,2,247.54,0
8210,3060,29,2,349.55,5
8211,3060,39,1,734.47,0
8212,3060,93,4,120.43,0
8213,3060,59,1,2076.49,0
8214,3061,95,2,639.72,20
8215,3061,63,1,2195.68,10
8216,3061,71,1,883.45,10
8217,3061,23,4,1530.72,0
8218,3061,10,1,935.22,0
8219,3062,50,2,597.45,15
8220,3062,25,1,4443.65,0
8221,3063,37,2,390.29,0
8222,3063,94,1,610.76,20
8223,3064,29,1,349.55,0
8224,3064,16,2,1547.56,0
8225,3065,24,3,1704.83,10
8226,3065,29,2,349.55,0
8227,3066,67,1,2498.42,0
8228,3066,38,1,247.54,0
8229,3067,6,2,2952.24,5
8230,3067,98,1,774.55,20
8231,3067,92,4,939.85,0
8232,3067,14,1,3098.08,30
8233,3068,90,1,987.42,0
8234,3068,14,1,3098.08,5
8235,3069,97,1,432.22,15
8236,3069,55,1,803.67,0
8237,3069,11,1,4132.08,5
8238,3069,31,5,132.24,10
8239,3069,24,4,1704.83,5
8240,3070,11,1,4132.08,0
8241,3070,14,1,3098.08,5
8242,3070,28,1,247.06,5
8243,3071,56,2,455.89,0
8244,3071,77,1,170.07,0
8245,3071,57,3,771.32,10
8246,3072,64,1,1286.95,0
8247,3072,6,5,2952.24,15
8248,3073,86,4,996.16,0
8249,3073,93,3,120.43,15
8250,3074,78,1,198.04,5
8251,3074,52,3,1438.67,5
8252,3074,97,2,432.22,0
8253,3074,20,2,3781.07,15
8254,3074,59,2,2076.49,0
8255,3075,84,1,310.5,10
8256,3075,15,2,1525.54,0
8257,3075,17,1,3360.58,5
8258,3076,65,4,849.57,5
8259,3076,59,3,2076.49,15
8260,3076,62,3,516.52,20
8261,3076,13,2,4232.32,10
8262,3077,77,1,170.07,10
8263,3077,65,1,849.57,10
8264,3077,30,2,432.14,0
8265,3078,21,1,4952.86,10
8266,3078,16,1,1547.56,5
8267,3078,41,1,621.88,10
8268,3078,9,1,4807.46,10
8269,3079,78,3,198.04,30
8270,3079,73,1,1522.69,5
8271,3080,21,2,4952.86,0
8272,3080,54,1,784.48,0
8273,3080,97,1,432.22,5
8274,3080,40,2,529.21,0
8275,3080,56,5,455.89,10
8276,3081,52,1,1438.67,5
8277,3081,19,2,3416.16,5
8278,3081,99,1,745.11,0
8279,3081,93,5,120.43,10
8280,3082,51,1,2489.33,10
8281,3082,100,1,24.52,0
8282,3083,94,3,610.76,5
8283,3083,46,1,414.49,5
8284,3084,10,3,935.22,15
8285,3084,8,3,3641.63,0
8286,3085,52,2,1438.67,0
8287,3085,28,1,247.06,0
8288,3086,81,1,427.94,0
8289,3086,38,5,247.54,0
8290,3086,27,1,248.66,0
8291,3087,49,4,367.35,5
8292,3087,89,5,836.24,5
8293,3087,67,3,2498.42,0
8294,3087,27,3,248.66,10
8295,3088,43,1,64.61,0
8296,3089,40,1,529.21,5
8297,3089,14,2,3098.08,0
8298,3090,90,1,987.42,30
8299,3090,35,2,561.28,0
8300,3090,13,1,4232.32,0
8301,3091,81,2,427.94,5
8302,3091,32,1,366.62,0
8303,3091,100,1,24.52,15
8304,3092,52,1,1438.67,0
8305,3092,47,4,624.38,0
8306,3092,38,1,247.54,0
8307,3092,96,5,906.76,10
8308,3093,77,1,170.07,0
8309,3093,80,3,257.52,10
8310,3094,60,3,1248.31,0
8311,3095,87,1,276.22,20
8312,3095,95,1,639.72,20
8313,3096,39,2,734.47,20
8314,3096,53,4,1043.79,15
8315,3097,88,2,881.08,5
8316,3097,49,5,367.35,0
8317,3098,55,2,803.67,20
8318,3098,63,3,2195.68,5
8319,3098,2,2,1504.45,5
8320,3099,70,2,429.0,10
8321,3099,7,2,4142.44,0
8322,3100,42,1,447.77,0
8323,3100,82,1,935.69,0
8324,3100,62,1,516.52,0
8325,3101,75,2,1492.83,0
8326,3101,43,1,64.61,0
8327,3101,30,1,432.14,0
8328,3101,28,3,247.06,10
8329,3102,6,1,2952.24,10
8330,3102,97,1,432.22,10
8331,3102,79,2,246.68,0
8332,3102,1,1,3377.42,0
8333,3102,91,3,819.85,10
8334,3103,60,2,1248.31,0
8335,3103,89,3,836.24,0
8336,3103,58,3,1556.29,0
8337,3104,65,3,849.57,0
8338,3104,66,2,2194.97,10
8339,3104,3,1,4514.81,10
8340,3105,95,2,639.72,15
8341,3106,50,3,597.45,15
8342,3106,36,2,530.72,0
8343,3106,13,1,4232.32,5
8344,3107,54,2,784.48,20
8345,3107,55,1,803.67,5
8346,3107,65,3,849.57,5
8347,3107,5,2,619.41,15
8348,3107,23,1,1530.72,15
8349,3108,5,1,619.41,0
8350,3108,8,4,3641.63,10
8351,3108,45,2,708.51,20
8352,3108,53,2,1043.79,0
8353,3109,77,2,170.07,10
8354,3109,53,2,1043.79,5
8355,3109,23,1,1530.72,0
8356,3110,99,1,745.11,5
8357,3111,88,5,881.08,20
8358,3111,19,4,3416.16,0
8359,3111,16,2,1547.56,15
8360,3111,20,1,3781.07,0
8361,3112,43,1,64.61,5
8362,3112,50,1,597.45,30
8363,3112,18,2,1442.78,15
8364,3112,89,1,836.24,5
8365,3113,85,2,86.45,10
8366,3113,94,4,610.76,0
8367,3113,1,2,3377.42,0
8368,3114,28,3,247.06,15
8369,3115,18,2,1442.78,0
8370,3115,94,1,610.76,0
8371,3116,5,1,619.41,0
8372,3116,31,1,132.24,0
8373,3117,54,2,784.48,10
8374,3117,71,1,883.45,0
8375,3117,84,1,310.5,10
8376,3118,61,2,1903.97,5
8377,3119,22,1,3580.76,0
8378,3119,23,1,1530.72,0
8379,3120,34,1,695.58,10
8380,3120,26,1,346.72,20
8381,3120,37,3,390.29,0
8382,3120,74,3,952.76,0
8383,3120,12,4,4879.02,15
8384,3121,32,1,366.62,15
8385,3121,81,4,427.94,5
8386,3121,63,4,2195.68,5
8387,3121,37,2,390.29,5
8388,3121,48,2,462.35,0
8389,3122,9,1,4807.46,0
8390,3122,47,1,624.38,0
8391,3122,18,3,1442.78,0
8392,3123,45,1,708.51,0
8393,3123,38,2,247.54,15
8394,3123,8,1,3641.63,0
8395,3123,97,5,432.22,20
8396,3123,93,1,120.43,15
8397,3124,88,1,881.08,0
8398,3125,16,1,1547.56,20
8399,3125,48,1,462.35,10
8400,3126,9,2,4807.46,20
8401,3126,14,1,3098.08,5
8402,3126,44,1,673.75,5
8403,3126,17,1,3360.58,5
8404,3126,99,1,745.11,0
8405,3127,81,3,427.94,10
8406,3127,73,1,1522.69,0
8407,3127,69,1,1368.41,5
8408,3127,55,1,803.67,0
8409,3128,93,1,120.43,30
8410,3128,63,1,2195.68,5
8411,3129,56,4,455.89,0
8412,3129,4,2,634.09,0
8413,3130,70,1,429.0,0
8414,3130,11,1,4132.08,0
8415,3130,40,1,529.21,0
8416,3131,18,4,1442.78,5
8417,3131,64,1,1286.95,10
8418,3131,10,1,935.22,0
8419,3132,92,5,939.85,15
8420,3132,63,1,2195.68,10
8421,3132,66,3,2194.97,20
8422,3132,25,1,4443.65,15
8423,3133,89,1,836.24,5
8424,3133,99,1,745.11,10
8425,3133,97,1,432.22,0
8426,3134,12,3,4879.02,15
8427,3134,69,5,1368.41,0
8428,3135,8,5,3641.63,30
8429,3135,41,2,621.88,10
8430,3135,33,1,797.09,0
8431,3135,88,1,881.08,5
8432,3136,82,3,935.69,5
8433,3136,86,1,996.16,10
8434,3136,46,4,414.49,0
8435,3136,5,3,619.41,0
8436,3137,61,3,1903.97,0
8437,3137,83,1,250.11,5
8438,3137,38,1,247.54,0
8439,3138,93,1,120.43,5
8440,3138,87,1,276.22,5
8441,3138,52,1,1438.67,0
8442,3138,18,4,1442.78,5
8443,3138,50,4,597.45,0
8444,3139,33,2,797.09,10
8445,3139,36,4,530.72,10
8446,3140,14,1,3098.08,5
8447,3140,16,1,1547.56,20
8448,3140,97,3,432.22,15
8449,3140,9,1,4807.46,20
8450,3141,83,1,250.11,10
8451,3141,58,1,1556.29,0
8452,3141,54,1,784.48,10
8453,3141,18,2,1442.78,0
8454,3142,56,1,455.89,10
8455,3143,8,4,3641.63,15
8456,3144,70,2,429.0,0
8457,3144,71,1,883.45,0
8458,3144,85,1,86.45,5
8459,3144,84,1,310.5,0
8460,3145,67,1,2498.42,5
8461,3145,84,4,310.5,0
8462,3146,99,1,745.11,5
8463,3146,31,1,132.24,0
8464,3146,79,1,246.68,5
8465,3146,27,3,248.66,0
8466,3147,47,4,624.38,5
8467,3147,7,1,4142.44,5
8468,3147,60,2,1248.31,15
8469,3148,78,1,198.04,20
8470,3149,79,2,246.68,5
8471,3150,18,1,1442.78,0
8472,3150,44,3,673.75,5
8473,3150,5,4,619.41,0
8474,3150,63,1,2195.68,0
8475,3151,79,3,246.68,15
8476,3151,29,2,349.55,10
8477,3152,35,5,561.28,0
8478,3152,7,1,4142.44,0
8479,3153,87,2,276.22,5
8480,3153,25,1,4443.65,0
8481,3153,62,1,516.52,20
8482,3153,81,4,427.94,10
8483,3153,57,2,771.32,0
8484,3154,44,1,673.75,0
8485,3155,35,1,561.28,5
8486,3155,79,1,246.68,0
8487,3155,95,2,639.72,0
8488,3156,35,3,561.28,0
8489,3156,69,2,1368.41,10
8490,3157,65,1,849.57,10
8491,3157,69,2,1368.41,20
8492,3158,91,2,819.85,0
8493,3158,96,2,906.76,10
8494,3158,8,3,3641.63,15
8495,3159,46,2,414.49,0
8496,3159,17,4,3360.58,0
8497,3159,43,1,64.61,10
8498,3159,91,1,819.85,10
8499,3159,30,1,432.14,10
8500,3160,7,4,4142.44,20
8501,3160,85,4,86.45,15
8502,3160,23,1,1530.72,15
8503,3160,61,2,1903.97,0
8504,3161,91,3,819.85,15
8505,3162,55,1,803.67,0
8506,3162,60,2,1248.31,5
8507,3162,35,1,561.28,5
8508,3163,57,1,771.32,0
8509,3163,94,2,610.76,5
8510,3163,41,4,621.88,5
8511,3164,86,1,996.16,10
8512,3165,30,1,432.14,10
8513,3166,53,1,1043.79,0
8514,3167,71,1,883.45,30
8515,3167,94,1,610.76,0
8516,3168,59,1,2076.49,5
8517,3168,71,2,883.45,0
8518,3168,89,3,836.24,15
8519,3168,97,2,432.22,15
8520,3168,13,1,4232.32,5
8521,3169,13,4,4232.32,20
8522,3169,37,3,390.29,0
8523,3170,27,3,248.66,0
8524,3170,69,1,1368.41,0
8525,3171,88,2,881.08,10
8526,3171,40,2,529.21,10
8527,3172,12,1,4879.02,5
8528,3172,26,2,346.72,5
8529,3172,7,1,4142.44,0
8530,3172,63,1,2195.68,0
8531,3172,39,2,734.47,0
8532,3173,54,1,784.48,0
8533,3173,31,2,132.24,5
8534,3173,93,1,120.43,10
8535,3174,78,1,198.04,0
8536,3175,46,2,414.49,10
8537,3175,83,3,250.11,0
8538,3175,63,3,2195.68,30
8539,3176,7,2,4142.44,10
8540,3176,70,1,429.0,0
8541,3176,92,1,939.85,15
8542,3176,79,2,246.68,30
8543,3177,2,3,1504.45,15
8544,3177,37,2,390.29,15
8545,3177,8,4,3641.63,0
8546,3177,21,1,4952.86,0
8547,3177,59,2,2076.49,0
8548,3178,96,1,906.76,0
8549,3178,62,3,516.52,20
8550,3178,88,1,881.08,0
8551,3179,3,1,4514.81,0
8552,3179,62,1,516.52,0
8553,3180,9,1,4807.46,10
8554,3180,37,1,390.29,0
8555,3180,24,1,1704.83,20
8556,3181,65,1,849.57,0
8557,3181,24,1,1704.83,0
8558,3182,49,5,367.35,0
8559,3182,13,1,4232.32,5
8560,3183,66,1,2194.97,15
8561,3183,86,3,996.16,0
8562,3184,32,1,366.62,5
8563,3184,92,3,939.85,0
8564,3184,49,1,367.35,0
8565,3184,57,1,771.32,10
8566,3185,12,1,4879.02,10
8567,3185,87,1,276.22,5
8568,3185,21,2,4952.86,15
8569,3186,16,3,1547.56,15
8570,3186,27,2,248.66,10
8571,3186,2,3,1504.45,10
8572,3187,9,2,4807.46,0
8573,3188,82,2,935.69,10
8574,3188,1,2,3377.42,0
8575,3188,55,1,803.67,10
8576,3189,66,1,2194.97,0
8577,3189,4,1,634.09,5
8578,3190,39,1,734.47,0
8579,3190,70,1,429.0,0
8580,3191,11,1,4132.08,5
8581,3191,63,2,2195.68,0
8582,3191,57,2,771.32,5
8583,3191,14,1,3098.08,20
8584,3192,69,2,1368.41,5
8585,3193,83,2,250.11,0
8586,3194,20,1,3781.07,0
8587,3195,3,1,4514.81,0
8588,3196,27,1,248.66,5
8589,3196,70,2,429.0,10
8590,3197,24,1,1704.83,0
8591,3197,37,4,390.29,5
8592,3197,62,5,516.52,10
8593,3198,30,1,432.14,0
8594,3198,79,1,246.68,20
8595,3198,8,3,3641.63,5
8596,3198,25,2,4443.65,0
8597,3199,30,4,432.14,5
8598,3199,11,2,4132.08,0
8599,3199,74,2,952.76,20
8600,3199,3,2,4514.81,10
8601,3200,71,1,883.45,0
8602,3200,77,2,170.07,0
8603,3201,85,1,86.45,10
8604,3201,81,1,427.94,15
8605,3201,64,3,1286.95,15
8606,3202,93,1,120.43,5
8607,3202,42,3,447.77,5
8608,3202,89,1,836.24,10
8609,3202,30,4,432.14,0
8610,3203,61,1,1903.97,0
8611,3204,74,2,952.76,0
8612,3204,35,2,561.28,0
8613,3204,84,2,310.5,15
8614,3204,33,1,797.09,0
8615,3205,53,1,1043.79,0
8616,3205,83,4,250.11,5
8617,3205,99,3,745.11,0
8618,3205,20,1,3781.07,0
8619,3205,64,2,1286.95,0
8620,3206,45,3,708.51,5
8621,3206,87,4,276.22,0
8622,3207,16,3,1547.56,0
8623,3207,15,1,1525.54,10
8624,3207,21,1,4952.86,10
8625,3208,62,1,516.52,5
8626,3208,93,2,120.43,10
8627,3209,61,2,1903.97,5
8628,3209,84,3,310.5,0
8629,3209,47,1,624.38,30
8630,3209,78,1,198.04,5
8631,3210,61,1,1903.97,5
8632,3211,89,3,836.24,5
8633,3211,16,2,1547.56,20
8634,3211,70,1,429.0,0
8635,3211,56,1,455.89,10
8636,3211,67,1,2498.42,0
8637,3212,98,1,774.55,15
8638,3212,65,1,849.57,15
8639,3212,34,2,695.58,5
8640,3212,97,3,432.22,5
8641,3213,95,1,639.72,20
8642,3214,54,4,784.48,0
8643,3215,87,4,276.22,5
8644,3215,47,2,624.38,0
8645,3216,94,1,610.76,0
8646,3216,79,2,246.68,10
8647,3216,70,1,429.0,0
8648,3216,31,4,132.24,5
8649,3217,68,2,2338.01,0
8650,3217,78,2,198.04,20
8651,3217,89,1,836.24,0
8652,3217,44,1,673.75,15
8653,3218,60,1,1248.31,5
8654,3218,26,1,346.72,0
8655,3218,7,3,4142.44,5
8656,3218,5,4,619.41,5
8657,3219,14,4,3098.08,0
8658,3219,78,1,198.04,5
8659,3219,19,2,3416.16,5
8660,3219,80,4,257.52,10
8661,3219,38,1,247.54,0
8662,3220,2,2,1504.45,0
8663,3220,35,1,561.28,0
8664,3221,75,1,1492.83,5
8665,3221,87,2,276.22,0
8666,3222,55,3,803.67,0
8667,3222,22,1,3580.76,30
8668,3223,20,1,3781.07,0
8669,3224,66,2,2194.97,5
8670,3224,55,1,803.67,5
8671,3224,79,2,246.68,10
8672,3225,64,1,1286.95,5
8673,3225,21,2,4952.86,5
8674,3225,99,1,745.11,10
8675,3226,66,2,2194.97,0
8676,3226,85,2,86.45,0
8677,3226,10,1,935.22,5
8678,3227,82,2,935.69,5
8679,3227,28,2,247.06,15
8680,3227,6,1,2952.24,0
8681,3227,88,1,881.08,15
8682,3228,22,3,3580.76,10
8683,3228,50,2,597.45,10
8684,3228,59,2,2076.49,15
8685,3228,39,3,734.47,20
8686,3228,85,1,86.45,15
8687,3229,62,1,516.52,0
8688,3229,90,4,987.42,20
8689,3230,60,1,1248.31,0
8690,3231,25,2,4443.65,0
8691,3231,44,1,673.75,0
8692,3231,68,1,2338.01,5
8693,3231,14,1,3098.08,10
8694,3231,64,4,1286.95,15
8695,3232,81,2,427.94,0
8696,3232,44,1,673.75,0
8697,3232,61,2,1903.97,5
8698,3233,44,1,673.75,5
8699,3233,22,1,3580.76,0
8700,3234,6,1,2952.24,0
8701,3234,52,2,1438.67,0
8702,3235,52,1,1438.67,0
8703,3235,45,3,708.51,0
8704,3235,84,3,310.5,15
8705,3236,67,2,2498.42,30
8706,3236,38,1,247.54,0
8707,3237,79,1,246.68,15
8708,3238,95,2,639.72,0
8709,3238,89,1,836.24,0
8710,3238,71,2,883.45,0
8711,3239,3,2,4514.81,20
8712,3239,17,1,3360.58,10
8713,3240,28,2,247.06,15
8714,3240,81,3,427.94,0
8715,3240,46,2,414.49,5
8716,3240,64,2,1286.95,0
8717,3240,15,1,1525.54,5
8718,3241,19,2,3416.16,0
8719,3241,52,1,1438.67,0
8720,3242,45,1,708.51,0
8721,3242,5,2,619.41,10
8722,3243,59,1,2076.49,10
8723,3244,78,2,198.04,0
8724,3244,95,1,639.72,15
8725,3244,54,2,784.48,5
8726,3245,86,1,996.16,0
8727,3245,40,3,529.21,0
8728,3245,57,2,771.32,15
8729,3246,63,1,2195.68,5
8730,3247,12,2,4879.02,10
8731,3248,76,1,590.41,0
8732,3248,99,1,745.11,5
8733,3248,53,3,1043.79,0
8734,3249,98,1,774.55,0
8735,3250,78,3,198.04,15
8736,3251,45,1,708.51,0
8737,3252,61,1,1903.97,5
8738,3252,40,4,529.21,0
8739,3252,27,1,248.66,0
8740,3252,91,1,819.85,10
8741,3253,25,3,4443.65,5
8742,3253,74,3,952.76,0
8743,3254,73,3,1522.69,10
8744,3254,17,1,3360.58,10
8745,3254,89,1,836.24,15
8746,3255,30,1,432.14,10
8747,3256,69,1,1368.41,0
8748,3256,78,2,198.04,0
8749,3256,93,1,120.43,15
8750,3257,97,3,432.22,15
8751,3258,50,2,597.45,5
8752,3258,98,1,774.55,0
8753,3258,75,1,1492.83,5
8754,3258,85,1,86.45,0
8755,3259,70,1,429.0,15
8756,3260,22,2,3580.76,15
8757,3260,66,1,2194.97,0
8758,3261,95,1,639.72,10
8759,3262,7,2,4142.44,0
8760,3262,98,5,774.55,5
8761,3262,84,2,310.5,0
8762,3263,17,1,3360.58,0
8763,3263,92,3,939.85,0
8764,3264,5,1,619.41,15
8765,3265,72,1,1230.62,0
8766,3265,49,1,367.35,20
8767,3265,37,2,390.29,0
8768,3265,11,1,4132.08,20
8769,3266,34,1,695.58,10
8770,3266,75,1,1492.83,5
8771,3267,76,1,590.41,0
8772,3267,84,4,310.5,20
8773,3268,48,1,462.35,5
8774,3268,97,3,432.22,15
8775,3269,64,1,1286.95,5
8776,3270,3,2,4514.81,5
8777,3270,99,1,745.11,0
8778,3270,61,1,1903.97,0
8779,3271,20,1,3781.07,0
8780,3271,89,4,836.24,5
8781,3272,69,2,1368.41,10
8782,3273,91,2,819.85,0
8783,3274,77,4,170.07,0
8784,3274,46,2,414.49,0
8785,3275,94,2,610.76,20
8786,3275,38,1,247.54,0
8787,3276,100,3,24.52,0
8788,3276,21,1,4952.86,20
8789,3276,53,3,1043.79,0
8790,3276,29,3,349.55,5
8791,3277,77,1,170.07,10
8792,3278,50,5,597.45,10
8793,3279,69,3,1368.41,0
8794,3279,4,2,634.09,15
8795,3280,14,1,3098.08,30
8796,3281,5,1,619.41,0
8797,3281,23,1,1530.72,10
8798,3282,6,1,2952.24,5
8799,3282,20,4,3781.07,0
8800,3282,2,1,1504.45,0
8801,3282,58,1,1556.29,20
8802,3283,95,2,639.72,10
8803,3283,49,2,367.35,0
8804,3284,55,4,803.67,0
8805,3284,16,1,1547.56,5
8806,3284,24,1,1704.83,5
8807,3285,8,4,3641.63,10
8808,3285,33,4,797.09,0
8809,3285,80,1,257.52,20
8810,3285,45,4,708.51,10
8811,3286,23,3,1530.72,5
8812,3286,79,2,246.68,0
8813,3287,99,1,745.11,5
8814,3287,91,4,819.85,5
8815,3287,35,3,561.28,5
8816,3288,50,4,597.45,0
8817,3288,85,3,86.45,0
8818,3289,41,2,621.88,10
8819,3290,68,1,2338.01,0
8820,3290,41,4,621.88,5
8821,3290,11,1,4132.08,0
8822,3291,41,2,621.88,10
8823,3291,23,4,1530.72,5
8824,3292,43,1,64.61,5
8825,3293,62,2,516.52,0
8826,3293,99,1,745.11,0
8827,3293,25,1,4443.65,0
8828,3294,55,2,803.67,0
8829,3294,93,2,120.43,0
8830,3294,53,1,1043.79,0
8831,3294,62,1,516.52,15
8832,3295,39,5,734.47,5
8833,3295,57,1,771.32,0
8834,3295,52,2,1438.67,0
8835,3295,4,1,634.09,10
8836,3296,73,2,1522.69,10
8837,3296,69,1,1368.41,10
8838,3297,47,1,624.38,5
8839,3297,10,5,935.22,0
8840,3298,64,1,1286.95,10
8841,3298,92,1,939.85,0
8842,3298,8,1,3641.63,0
8843,3299,5,1,619.41,0
8844,3299,25,1,4443.65,0
8845,3299,36,1,530.72,0
8846,3300,97,4,432.22,15
8847,3301,72,1,1230.62,0
8848,3301,3,1,4514.81,0
8849,3302,85,2,86.45,15
8850,3302,37,1,390.29,5
8851,3302,11,1,4132.08,5
8852,3303,64,1,1286.95,0
8853,3303,75,2,1492.83,5
8854,3303,22,2,3580.76,0
8855,3304,30,1,432.14,0
8856,3304,25,1,4443.65,10
8857,3304,42,1,447.77,10
8858,3305,60,2,1248.31,5
8859,3305,67,2,2498.42,15
8860,3305,49,1,367.35,10
8861,3305,80,2,257.52,0
8862,3305,99,2,745.11,20
8863,3306,89,2,836.24,0
8864,3306,77,1,170.07,15
8865,3307,82,2,935.69,10
8866,3307,81,5,427.94,5
8867,3307,39,1,734.47,0
8868,3307,68,1,2338.01,20
8869,3307,61,2,1903.97,20
8870,3308,1,1,3377.42,0
8871,3309,42,1,447.77,0
8872,3309,75,2,1492.83,0
8873,3309,82,1,935.69,0
8874,3310,69,1,1368.41,0
8875,3310,24,1,1704.83,20
8876,3310,57,1,771.32,10
8877,3310,51,2,2489.33,30
8878,3310,3,1,4514.81,5
8879,3311,78,3,198.04,5
8880,3311,42,2,447.77,10
8881,3311,56,1,455.89,0
8882,3311,90,2,987.42,10
8883,3311,8,4,3641.63,5
8884,3312,28,1,247.06,15
8885,3312,16,1,1547.56,0
8886,3312,9,1,4807.46,5
8887,3313,81,2,427.94,5
8888,3313,13,1,4232.32,0
8889,3313,80,1,257.52,5
8890,3314,51,1,2489.33,0
8891,3314,32,3,366.62,10
8892,3315,33,2,797.09,15
8893,3315,20,1,3781.07,0
8894,3316,3,1,4514.81,0
8895,3316,58,1,1556.29,5
8896,3317,68,3,2338.01,0
8897,3318,61,2,1903.97,10
8898,3318,8,3,3641.63,15
8899,3319,100,1,24.52,10
8900,3319,88,1,881.08,0
8901,3319,26,1,346.72,5
8902,3319,10,1,935.22,0
8903,3319,37,2,390.29,0
8904,3320,89,1,836.24,0
8905,3320,88,2,881.08,0
8906,3320,44,3,673.75,5
8907,3320,21,1,4952.86,15
8908,3321,58,2,1556.29,0
8909,3321,91,1,819.85,0
8910,3321,96,1,906.76,0
8911,3321,3,2,4514.81,5
8912,3322,29,2,349.55,0
8913,3322,25,1,4443.65,0
8914,3323,10,2,935.22,0
8915,3323,65,2,849.57,0
8916,3323,40,3,529.21,0
8917,3323,84,1,310.5,10
8918,3323,69,2,1368.41,15
8919,3324,72,1,1230.62,0
8920,3324,95,1,639.72,0
8921,3325,40,1,529.21,0
8922,3325,61,1,1903.97,10
8923,3325,18,1,1442.78,15
8924,3325,53,4,1043.79,5
8925,3325,63,1,2195.68,5
8926,3326,57,1,771.32,5
8927,3327,69,4,1368.41,10
8928,3328,27,4,248.66,0
8929,3328,14,3,3098.08,10
8930,3328,51,2,2489.33,10
8931,3329,92,1,939.85,0
8932,3329,39,1,734.47,20
8933,3330,46,1,414.49,0
8934,3330,22,3,3580.76,20
8935,3331,91,1,819.85,0
8936,3331,70,1,429.0,15
8937,3331,1,3,3377.42,20
8938,3331,48,4,462.35,0
8939,3332,3,1,4514.81,5
8940,3333,80,3,257.52,5
8941,3334,54,1,784.48,5
8942,3334,19,3,3416.16,0
8943,3335,98,3,774.55,0
8944,3335,94,1,610.76,0
8945,3336,34,3,695.58,0
8946,3336,24,1,1704.83,5
8947,3336,33,2,797.09,15
8948,3337,40,5,529.21,5
8949,3337,55,1,803.67,0
8950,3338,15,2,1525.54,5
8951,3338,51,4,2489.33,20
8952,3338,4,1,634.09,5
8953,3338,27,1,248.66,5
8954,3338,24,1,1704.83,10
8955,3339,71,1,883.45,0
8956,3340,21,1,4952.86,15
8957,3340,28,1,247.06,0
8958,3340,13,1,4232.32,10
8959,3341,89,1,836.24,0
8960,3341,67,2,2498.42,5
8961,3341,80,1,257.52,0
8962,3342,1,2,3377.42,10
8963,3342,76,2,590.41,10
8964,3343,9,1,4807.46,20
8965,3344,68,2,2338.01,10
8966,3344,69,2,1368.41,0
8967,3345,55,4,803.67,5
8968,3346,18,4,1442.78,15
8969,3346,21,1,4952.86,0
8970,3346,31,1,132.24,10
8971,3346,30,1,432.14,0
8972,3347,9,1,4807.46,5
8973,3347,88,1,881.08,10
8974,3347,11,1,4132.08,0
8975,3348,43,3,64.61,5
8976,3349,70,1,429.0,5
8977,3349,97,2,432.22,15
8978,3349,28,1,247.06,20
8979,3349,10,1,935.22,30
8980,3349,30,4,432.14,0
8981,3350,66,3,2194.97,10
8982,3350,88,4,881.08,0
8983,3350,46,1,414.49,0
8984,3350,10,3,935.22,10
8985,3350,54,4,784.48,10
8986,3351,22,5,3580.76,0
8987,3352,21,2,4952.86,15
8988,3352,69,4,1368.41,10
8989,3353,77,1,170.07,10
8990,3353,61,1,1903.97,5
8991,3353,21,2,4952.86,0
8992,3353,86,4,996.16,20
8993,3354,75,1,1492.83,10
8994,3354,99,1,745.11,5
8995,3355,63,1,2195.68,0
8996,3356,45,2,708.51,10
8997,3356,56,1,455.89,15
8998,3357,59,2,2076.49,0
8999,3357,53,2,1043.79,15
9000,3358,12,1,4879.02,0
9001,3359,55,1,803.67,15
9002,3359,20,1,3781.07,15
9003,3360,35,4,561.28,0
9004,3360,60,1,1248.31,0
9005,3360,81,2,427.94,20
9006,3361,14,1,3098.08,0
9007,3361,80,1,257.52,10
9008,3362,79,5,246.68,0
9009,3362,73,1,1522.69,10
9010,3362,56,2,455.89,10
9011,3362,4,1,634.09,5
9012,3363,47,2,624.38,0
9013,3363,90,2,987.42,5
9014,3364,66,1,2194.97,20
9015,3364,37,1,390.29,15
9016,3365,47,5,624.38,0
9017,3365,18,5,1442.78,10
9018,3366,85,1,86.45,0
9019,3367,36,1,530.72,0
9020,3367,44,1,673.75,30
9021,3367,87,1,276.22,5
9022,3368,45,1,708.51,5
9023,3368,83,1,250.11,0
9024,3368,21,3,4952.86,0
9025,3369,54,2,784.48,15
9026,3369,97,1,432.22,5
9027,3369,72,2,1230.62,0
9028,3370,32,4,366.62,0
9029,3370,30,2,432.14,10
9030,3371,57,2,771.32,0
9031,3371,11,3,4132.08,0
9032,3371,85,1,86.45,10
9033,3371,21,1,4952.86,20
9034,3372,57,3,771.32,20
9035,3372,64,5,1286.95,15
9036,3373,54,1,784.48,0
9037,3373,65,5,849.57,0
9038,3373,20,1,3781.07,10
9039,3373,2,3,1504.45,10
9040,3373,36,2,530.72,10
9041,3374,70,2,429.0,0
9042,3375,65,1,849.57,0
9043,3375,11,1,4132.08,0
9044,3376,74,1,952.76,0
9045,3376,82,1,935.69,5
9046,3376,48,2,462.35,20
9047,3377,90,1,987.42,5
9048,3377,35,1,561.28,0
9049,3378,70,2,429.0,0
9050,3378,66,5,2194.97,20
9051,3379,5,2,619.41,15
9052,3380,73,1,1522.69,10
9053,3380,35,1,561.28,5
9054,3380,8,3,3641.63,0
9055,3381,30,3,432.14,5
9056,3381,46,2,414.49,5
9057,3381,66,2,2194.97,10
9058,3381,71,3,883.45,10
9059,3382,91,2,819.85,15
9060,3383,92,2,939.85,10
9061,3383,51,2,2489.33,15
9062,3384,49,2,367.35,15
9063,3384,32,1,366.62,0
9064,3385,52,4,1438.67,5
9065,3386,59,1,2076.49,0
9066,3386,63,1,2195.68,0
9067,3387,57,1,771.32,0
9068,3388,7,2,4142.44,0
9069,3389,86,1,996.16,15
9070,3389,32,1,366.62,0
9071,3390,94,2,610.76,0
9072,3391,24,2,1704.83,0
9073,3392,14,2,3098.08,15
9074,3392,85,2,86.45,15
9075,3393,83,2,250.11,0
9076,3393,54,4,784.48,15
9077,3393,94,1,610.76,0
9078,3393,87,2,276.22,0
9079,3393,41,2,621.88,0
9080,3394,9,4,4807.46,15
9081,3394,20,1,3781.07,10
9082,3394,40,2,529.21,0
9083,3394,79,2,246.68,0
9084,3394,8,1,3641.63,5
9085,3395,90,1,987.42,0
9086,3396,88,1,881.08,10
9087,3397,29,1,349.55,0
9088,3397,56,1,455.89,15
9089,3397,1,2,3377.42,10
9090,3398,91,1,819.85,5
9091,3399,20,2,3781.07,10
9092,3400,53,2,1043.79,0
9093,3400,62,1,516.52,0
9094,3400,14,1,3098.08,10
9095,3401,91,3,819.85,0
9096,3401,50,1,597.45,10
9097,3401,58,2,1556.29,10
9098,3402,50,3,597.45,0
9099,3402,75,1,1492.83,0
9100,3402,77,1,170.07,15
9101,3403,33,1,797.09,15
9102,3403,86,3,996.16,0
9103,3403,61,2,1903.97,0
9104,3404,82,5,935.69,15
9105,3405,38,1,247.54,10
9106,3405,81,1,427.94,0
9107,3405,31,2,132.24,15
9108,3405,59,1,2076.49,0
9109,3406,74,3,952.76,0
9110,3406,59,1,2076.49,0
9111,3406,44,1,673.75,15
9112,3407,75,5,1492.83,5
9113,3408,89,5,836.24,0
9114,3408,86,4,996.16,15
9115,3409,31,3,132.24,0
9116,3409,28,1,247.06,10
9117,3409,56,1,455.89,5
9118,3409,11,2,4132.08,0
9119,3409,71,2,883.45,0
9120,3410,39,3,734.47,15
9121,3411,66,1,2194.97,0
9122,3411,5,3,619.41,0
9123,3411,21,1,4952.86,0
9124,3412,98,2,774.55,0
9125,3412,36,1,530.72,5
9126,3412,10,1,935.22,20
9127,3413,26,1,346.72,15
9128,3413,99,2,745.11,5
9129,3414,10,1,935.22,15
9130,3414,28,4,247.06,20
9131,3414,98,2,774.55,0
9132,3415,80,1,257.52,0
9133,3415,56,1,455.89,15
9134,3416,23,4,1530.72,0
9135,3416,62,2,516.52,0
9137,3416,80,4,257.52,15
9138,3417,5,5,619.41,20
9139,3417,14,1,3098.08,5
9140,3417,38,2,247.54,15
9141,3417,55,1,803.67,0
9142,3418,22,2,3580.76,0
9143,3418,38,1,247.54,0
9144,3418,93,1,120.43,0
9145,3419,93,2,120.43,0
9146,3419,32,1,366.62,15
9147,3419,73,2,1522.69,5
9148,3419,39,1,734.47,15
9149,3419,3,2,4514.81,5
9150,3420,7,1,4142.44,0
9151,3420,11,1,4132.08,5
9152,3420,76,1,590.41,30
9153,3420,20,4,3781.07,0
9154,3421,60,1,1248.31,20
9155,3422,7,3,4142.44,0
9156,3422,68,3,2338.01,0
9157,3423,21,1,4952.86,0
9158,3423,37,3,390.29,15
9159,3424,34,1,695.58,15
9160,3424,41,1,621.88,5
9161,3424,44,1,673.75,10
9162,3425,71,2,883.45,10
9163,3425,58,1,1556.29,5
9164,3425,81,5,427.94,0
9165,3425,83,1,250.11,10
9166,3426,74,3,952.76,5
9167,3426,94,5,610.76,0
9168,3427,11,1,4132.08,20
9169,3428,13,1,4232.32,0
9170,3428,11,1,4132.08,15
9171,3429,8,2,3641.63,0
9172,3429,87,1,276.22,10
9173,3429,88,3,881.08,10
9174,3430,25,1,4443.65,10
9175,3430,56,3,455.89,20
9176,3430,3,4,4514.81,0
9177,3431,30,1,432.14,0
9178,3431,64,2,1286.95,0
9179,3431,68,2,2338.01,5
9180,3432,22,1,3580.76,10
9181,3432,9,2,4807.46,15
9182,3432,74,1,952.76,5
9183,3433,62,1,516.52,0
9184,3434,5,1,619.41,0
9185,3434,3,4,4514.81,0
9186,3434,79,2,246.68,0
9187,3434,27,2,248.66,15
9188,3435,58,1,1556.29,10
9189,3435,68,4,2338.01,10
9190,3435,75,1,1492.83,0
9191,3436,26,1,346.72,10
9192,3436,83,1,250.11,0
9193,3437,39,1,734.47,0
9194,3438,26,1,346.72,0
9195,3438,32,1,366.62,15
9196,3438,89,2,836.24,0
9197,3439,90,1,987.42,10
9198,3439,62,1,516.52,10
9199,3439,84,1,310.5,15
9200,3440,82,2,935.69,15
9201,3440,93,1,120.43,5
9202,3441,27,1,248.66,10
9203,3441,26,1,346.72,5
9204,3442,6,1,2952.24,10
9205,3442,100,2,24.52,10
9206,3443,11,1,4132.08,30
9207,3443,27,1,248.66,0
9208,3444,93,1,120.43,10
9209,3444,48,1,462.35,10
9210,3445,72,2,1230.62,20
9211,3445,97,1,432.22,0
9212,3445,37,3,390.29,0
9213,3445,46,2,414.49,10
9214,3446,57,3,771.32,0
9215,3447,78,2,198.04,0
9216,3447,17,2,3360.58,0
9217,3447,58,2,1556.29,15
9218,3447,18,1,1442.78,5
9219,3448,90,2,987.42,0
9220,3448,34,1,695.58,5
9221,3448,2,4,1504.45,0
9222,3449,78,2,198.04,0
9223,3449,87,1,276.22,0
9224,3449,68,3,2338.01,5
9225,3450,93,1,120.43,10
9226,3450,22,1,3580.76,0
9227,3451,98,1,774.55,0
9228,3451,5,1,619.41,0
9229,3451,8,1,3641.63,0
9230,3451,83,1,250.11,5
9231,3452,4,3,634.09,0
9232,3453,23,2,1530.72,30
9233,3453,42,1,447.77,0
9234,3453,46,2,414.49,0
9235,3453,51,1,2489.33,5
9236,3454,45,5,708.51,0
9237,3454,30,1,432.14,0
9238,3455,63,1,2195.68,0
9239,3455,49,1,367.35,5
9240,3455,98,4,774.55,10
9241,3456,12,1,4879.02,0
9242,3456,30,5,432.14,0
9243,3456,75,4,1492.83,0
9244,3457,39,1,734.47,5
9245,3458,72,1,1230.62,0
9246,3458,40,3,529.21,5
9247,3459,76,1,590.41,0
9248,3459,33,2,797.09,10
9249,3459,97,3,432.22,0
9250,3460,2,2,1504.45,0
9251,3460,24,1,1704.83,15
9252,3461,52,3,1438.67,10
9253,3461,35,3,561.28,5
9254,3461,71,1,883.45,5
9255,3462,18,4,1442.78,0
9256,3463,94,2,610.76,5
9257,3463,6,2,2952.24,0
9258,3463,93,3,120.43,0
9259,3464,9,2,4807.46,0
9260,3464,53,1,1043.79,0
9261,3464,74,2,952.76,15
9262,3465,88,1,881.08,20
9263,3466,53,1,1043.79,5
9264,3466,16,3,1547.56,0
9265,3467,11,1,4132.08,10
9266,3467,62,1,516.52,10
9267,3468,46,2,414.49,20
9268,3468,75,1,1492.83,0
9269,3469,54,2,784.48,5
9270,3469,91,2,819.85,10
9271,3470,78,1,198.04,0
9272,3470,95,2,639.72,5
9273,3471,58,3,1556.29,0
9274,3472,7,1,4142.44,20
9275,3472,98,2,774.55,5
9276,3473,66,2,2194.97,20
9277,3473,3,1,4514.81,5
9278,3473,8,1,3641.63,15
9279,3473,100,1,24.52,0
9280,3474,23,1,1530.72,0
9281,3474,19,2,3416.16,0
9282,3474,77,2,170.07,5
9283,3474,53,3,1043.79,5
9284,3474,8,1,3641.63,0
9285,3475,85,1,86.45,0
9286,3475,75,1,1492.83,15
9287,3475,53,1,1043.79,5
9288,3475,62,2,516.52,0
9289,3476,15,2,1525.54,10
9290,3476,11,1,4132.08,0
9291,3476,99,2,745.11,0
9292,3477,81,3,427.94,0
9293,3477,69,2,1368.41,0
9294,3478,50,2,597.45,0
9295,3478,96,4,906.76,0
9296,3479,62,1,516.52,30
9297,3479,89,3,836.24,5
9298,3480,92,5,939.85,0
9299,3480,4,2,634.09,15
9300,3480,62,1,516.52,10
9301,3480,40,1,529.21,10
9302,3480,81,2,427.94,15
9303,3481,88,1,881.08,0
9304,3481,11,1,4132.08,0
9305,3482,95,1,639.72,5
9306,3482,100,1,24.52,5
9307,3482,88,2,881.08,5
9308,3482,16,3,1547.56,0
9309,3483,25,1,4443.65,0
9310,3484,80,3,257.52,10
9311,3484,100,2,24.52,0
9312,3485,46,1,414.49,5
9313,3485,18,2,1442.78,5
9314,3485,57,1,771.32,0
9315,3486,14,3,3098.08,0
9316,3486,64,1,1286.95,5
9317,3486,83,2,250.11,10
9318,3486,6,3,2952.24,10
9319,3486,31,4,132.24,0
9320,3487,37,3,390.29,5
9321,3487,41,1,621.88,15
9322,3488,5,2,619.41,0
9323,3488,73,1,1522.69,15
9324,3489,12,1,4879.02,10
9325,3489,45,3,708.51,5
9326,3490,67,2,2498.42,10
9327,3490,54,1,784.48,0
9328,3491,72,4,1230.62,10
9329,3491,70,2,429.0,0
9330,3492,49,3,367.35,20
9331,3492,74,2,952.76,30
9332,3492,50,3,597.45,5
9333,3492,1,1,3377.42,5
9334,3493,61,4,1903.97,0
9335,3494,91,1,819.85,30
9336,3494,53,1,1043.79,0
9337,3494,30,1,432.14,10
9338,3495,37,1,390.29,5
9339,3495,41,4,621.88,5
9340,3496,3,1,4514.81,0
9341,3496,36,1,530.72,15
9342,3496,75,2,1492.83,0
9343,3497,92,2,939.85,0
9344,3497,1,1,3377.42,0
9345,3497,21,1,4952.86,10
9346,3498,55,2,803.67,0
9347,3498,92,2,939.85,0
9348,3499,20,1,3781.07,5
9349,3499,72,1,1230.62,15
9350,3500,57,1,771.32,0
9351,3500,40,5,529.21,5
9352,3501,70,2,429.0,10
9353,3502,19,1,3416.16,5
9354,3502,51,1,2489.33,10
9355,3503,80,2,257.52,15
9356,3503,77,1,170.07,20
9357,3504,28,1,247.06,5
9358,3505,99,1,745.11,0
9359,3505,46,2,414.49,5
9360,3505,4,1,634.09,5
9361,3506,31,2,132.24,0
9362,3506,29,1,349.55,0
9363,3507,93,2,120.43,0
9364,3507,68,1,2338.01,20
9365,3508,66,1,2194.97,5
9366,3508,78,2,198.04,0
9367,3508,36,1,530.72,30
9368,3508,60,2,1248.31,0
9369,3508,80,1,257.52,10
9370,3509,98,2,774.55,0
9371,3509,19,1,3416.16,10
9372,3509,88,5,881.08,0
9373,3509,27,2,248.66,0
9374,3509,71,2,883.45,15
9375,3510,69,1,1368.41,0
9376,3510,57,3,771.32,5
9377,3510,20,1,3781.07,15
9378,3511,65,1,849.57,5
9379,3511,61,3,1903.97,5
9380,3511,16,1,1547.56,0
9381,3512,17,1,3360.58,5
9382,3512,80,1,257.52,5
9383,3513,98,1,774.55,0
9384,3513,100,2,24.52,15
9385,3513,32,1,366.62,0
9386,3513,52,2,1438.67,15
9387,3514,33,2,797.09,15
9388,3514,27,1,248.66,0
9389,3514,72,3,1230.62,0
9390,3515,39,1,734.47,0
9391,3515,89,1,836.24,0
9392,3515,70,4,429.0,30
9393,3516,67,1,2498.42,10
9394,3516,39,1,734.47,5
9395,3517,24,2,1704.83,20
9396,3517,100,1,24.52,10
9397,3517,46,1,414.49,0
9398,3517,62,2,516.52,15
9399,3517,87,1,276.22,0
9400,3518,24,1,1704.83,10
9401,3518,42,2,447.77,20
9402,3518,74,4,952.76,10
9403,3518,75,2,1492.83,10
9404,3519,38,1,247.54,0
9405,3519,31,3,132.24,0
9406,3519,92,1,939.85,0
9407,3520,10,4,935.22,10
9408,3520,21,1,4952.86,10
9409,3521,93,1,120.43,0
9410,3521,81,1,427.94,0
9411,3521,65,2,849.57,5
9412,3521,21,1,4952.86,0
9413,3522,82,1,935.69,0
9414,3522,46,3,414.49,5
9415,3522,60,1,1248.31,10
9416,3523,44,2,673.75,5
9417,3524,42,3,447.77,0
9418,3524,57,2,771.32,5
9419,3524,27,1,248.66,10
9420,3524,77,1,170.07,10
9421,3525,15,2,1525.54,0
9422,3525,35,3,561.28,5
9423,3525,98,1,774.55,0
9424,3526,16,4,1547.56,0
9425,3526,60,2,1248.31,15
9426,3526,21,2,4952.86,5
9427,3527,7,1,4142.44,5
9428,3527,13,1,4232.32,0
9429,3528,12,1,4879.02,5
9430,3528,16,3,1547.56,5
9431,3528,69,2,1368.41,0
9432,3529,22,1,3580.76,5
9433,3530,42,5,447.77,0
9434,3530,60,1,1248.31,20
9435,3530,26,1,346.72,20
9436,3531,6,2,2952.24,10
9438,3532,88,2,881.08,0
9439,3532,59,1,2076.49,0
9440,3532,70,1,429.0,0
9441,3532,94,2,610.76,0
9442,3532,47,2,624.38,20
9443,3533,94,1,610.76,5
9444,3534,99,2,745.11,15
9445,3535,3,1,4514.81,0
9446,3535,51,2,2489.33,5
9447,3535,9,4,4807.46,5
9448,3535,46,1,414.49,5
9449,3536,2,1,1504.45,20
9450,3536,52,1,1438.67,5
9451,3536,24,2,1704.83,0
9452,3537,76,4,590.41,5
9453,3537,5,3,619.41,0
9454,3537,77,1,170.07,0
9455,3538,97,1,432.22,5
9456,3538,81,3,427.94,0
9457,3538,3,3,4514.81,15
9458,3538,54,1,784.48,0
9459,3538,56,2,455.89,5
9460,3539,11,2,4132.08,0
9461,3540,56,4,455.89,10
9462,3541,10,2,935.22,0
9463,3541,51,1,2489.33,15
9464,3542,78,1,198.04,10
9465,3542,61,3,1903.97,20
9466,3542,67,1,2498.42,5
9467,3543,92,2,939.85,0
9468,3543,15,1,1525.54,0
9469,3543,73,1,1522.69,10
9470,3543,13,2,4232.32,0
9471,3543,88,4,881.08,0
9472,3544,8,3,3641.63,0
9473,3545,86,3,996.16,0
9474,3545,92,1,939.85,10
9475,3545,29,1,349.55,15
9476,3546,44,1,673.75,5
9477,3546,21,1,4952.86,20
9478,3546,72,3,1230.62,20
9479,3547,49,1,367.35,5
9480,3548,68,1,2338.01,0
9481,3549,87,1,276.22,5
9482,3549,17,2,3360.58,15
9483,3549,48,2,462.35,10
9484,3549,41,5,621.88,5
9485,3550,3,1,4514.81,0
9486,3550,61,1,1903.97,0
9487,3550,28,4,247.06,5
9488,3550,38,1,247.54,10
9489,3551,73,1,1522.69,0
9490,3551,39,1,734.47,0
9491,3552,93,2,120.43,5
9492,3552,64,1,1286.95,5
9493,3553,55,1,803.67,0
9494,3553,52,2,1438.67,15
9495,3554,57,3,771.32,0
9496,3554,35,1,561.28,0
9497,3554,79,1,246.68,0
9498,3554,99,1,745.11,15
9499,3555,15,1,1525.54,20
9500,3555,53,2,1043.79,0
9501,3556,4,1,634.09,15
9502,3556,58,2,1556.29,10
9503,3556,56,2,455.89,5
9504,3556,42,1,447.77,20
9505,3557,16,4,1547.56,5
9506,3557,40,1,529.21,0
9507,3557,18,3,1442.78,10
9508,3557,41,2,621.88,0
9509,3558,42,1,447.77,0
9510,3559,14,2,3098.08,10
9511,3559,98,1,774.55,5
9512,3559,37,1,390.29,0
9513,3559,18,1,1442.78,0
9514,3560,78,1,198.04,5
9515,3560,4,2,634.09,0
9516,3561,13,2,4232.32,10
9517,3561,32,4,366.62,5
9518,3562,7,1,4142.44,15
9519,3562,87,3,276.22,15
9520,3562,58,1,1556.29,0
9521,3563,46,1,414.49,0
9522,3563,69,1,1368.41,0
9523,3563,17,1,3360.58,0
9524,3563,52,1,1438.67,10
9525,3564,28,2,247.06,10
9526,3565,64,1,1286.95,10
9527,3565,46,1,414.49,30
9528,3566,78,3,198.04,15
9529,3567,21,2,4952.86,20
9530,3567,65,5,849.57,10
9531,3567,81,1,427.94,5
9532,3567,1,3,3377.42,20
9533,3568,76,1,590.41,0
9534,3569,57,1,771.32,5
9535,3569,51,2,2489.33,30
9536,3569,56,1,455.89,15
9537,3570,37,4,390.29,15
9538,3570,28,3,247.06,20
9539,3571,24,1,1704.83,5
9540,3571,38,4,247.54,0
9541,3571,69,1,1368.41,10
9542,3572,35,1,561.28,0
9543,3572,86,1,996.16,15
9544,3573,93,4,120.43,20
9545,3574,14,1,3098.08,10
9546,3575,40,1,529.21,0
9547,3576,36,1,530.72,0
9548,3576,28,2,247.06,0
9549,3577,76,1,590.41,5
9550,3578,29,1,349.55,20
9551,3578,25,1,4443.65,0
9552,3579,78,3,198.04,10
9553,3579,11,5,4132.08,5
9554,3579,87,3,276.22,0
9555,3579,24,4,1704.83,15
9556,3580,24,1,1704.83,0
9557,3580,21,1,4952.86,0
9558,3580,31,2,132.24,0
9559,3581,4,1,634.09,20
9560,3581,80,2,257.52,5
9561,3582,52,2,1438.67,10
9562,3582,19,2,3416.16,0
9563,3583,15,2,1525.54,0
9564,3583,62,2,516.52,0
9565,3584,33,1,797.09,0
9566,3584,84,1,310.5,10
9567,3584,97,2,432.22,0
9568,3584,50,2,597.45,10
9569,3584,71,1,883.45,15
9570,3585,80,3,257.52,0
9571,3586,14,1,3098.08,10
9572,3586,13,1,4232.32,30
9573,3586,63,1,2195.68,5
9574,3587,16,2,1547.56,0
9575,3587,93,1,120.43,15
9576,3588,8,2,3641.63,0
9577,3588,81,2,427.94,0
9578,3588,11,1,4132.08,5
9579,3588,54,2,784.48,5
9580,3589,96,1,906.76,30
9581,3589,33,1,797.09,0
9582,3590,88,2,881.08,10
9583,3590,96,3,906.76,0
9584,3590,98,1,774.55,10
9585,3591,66,3,2194.97,0
9586,3591,52,5,1438.67,0
9587,3591,38,1,247.54,0
9588,3592,54,1,784.48,15
9589,3592,57,1,771.32,5
9590,3592,31,1,132.24,0
9591,3592,14,1,3098.08,0
9592,3593,48,3,462.35,0
9593,3593,4,4,634.09,0
9594,3594,76,1,590.41,30
9595,3594,63,2,2195.68,15
9596,3594,9,1,4807.46,0
9597,3595,39,1,734.47,0
9598,3596,82,1,935.69,10
9599,3596,61,1,1903.97,20
9600,3596,2,1,1504.45,15
9601,3596,3,1,4514.81,0
9602,3597,91,1,819.85,5
9603,3597,71,1,883.45,0
9604,3598,60,3,1248.31,0
9605,3598,15,1,1525.54,0
9606,3598,22,2,3580.76,0
9607,3598,9,1,4807.46,10
9608,3599,56,4,455.89,10
9609,3599,71,1,883.45,15
9610,3599,79,2,246.68,10
9611,3599,45,1,708.51,0
9612,3600,67,1,2498.42,0
9613,3600,81,3,427.94,10
9614,3601,51,1,2489.33,0
9615,3601,8,4,3641.63,0
9616,3601,58,1,1556.29,0
9617,3602,97,3,432.22,5
9618,3602,90,4,987.42,5
9619,3602,7,1,4142.44,0
9620,3603,34,2,695.58,10
9621,3603,51,1,2489.33,20
9622,3603,48,2,462.35,0
9623,3603,67,3,2498.42,5
9624,3603,76,3,590.41,10
9625,3604,58,5,1556.29,20
9626,3604,60,1,1248.31,15
9627,3605,59,4,2076.49,30
9628,3605,96,4,906.76,10
9629,3606,7,1,4142.44,0
9630,3606,68,2,2338.01,0
9631,3606,64,2,1286.95,15
9632,3606,77,1,170.07,0
9633,3606,70,1,429.0,30
9634,3607,95,2,639.72,10
9635,3608,78,2,198.04,0
9636,3608,42,2,447.77,10
9637,3608,33,1,797.09,0
9638,3608,81,3,427.94,0
9639,3609,14,4,3098.08,5
9640,3609,97,2,432.22,30
9641,3610,6,2,2952.24,10
9642,3610,13,4,4232.32,5
9643,3610,60,2,1248.31,0
9644,3610,4,1,634.09,5
9645,3610,49,3,367.35,10
9646,3611,34,1,695.58,10
9647,3611,82,2,935.69,10
9648,3611,28,1,247.06,10
9649,3611,53,1,1043.79,0
9650,3611,33,1,797.09,15
9651,3612,64,1,1286.95,30
9652,3613,95,1,639.72,0
9653,3613,4,1,634.09,5
9654,3614,8,3,3641.63,0
9655,3614,82,1,935.69,10
9656,3614,61,2,1903.97,0
9657,3615,32,3,366.62,0
9658,3615,33,1,797.09,0
9659,3615,69,4,1368.41,0
9660,3616,47,1,624.38,15
9661,3616,26,1,346.72,0
9662,3617,88,2,881.08,15
9663,3617,86,1,996.16,0
9664,3618,70,3,429.0,15
9665,3618,89,1,836.24,0
9666,3618,31,3,132.24,5
9667,3618,37,1,390.29,5
9668,3619,78,1,198.04,5
9669,3619,14,2,3098.08,5
9670,3620,12,4,4879.02,0
9671,3620,49,1,367.35,0
9672,3621,44,1,673.75,15
9673,3621,16,3,1547.56,0
9674,3621,23,1,1530.72,0
9675,3621,42,2,447.77,0
9676,3622,35,1,561.28,5
9677,3622,23,2,1530.72,10
9678,3623,7,2,4142.44,5
9679,3623,8,3,3641.63,20
9680,3623,91,1,819.85,5
9681,3623,63,4,2195.68,0
9682,3624,10,1,935.22,0
9683,3624,15,5,1525.54,10
9684,3625,2,1,1504.45,0
9685,3625,32,1,366.62,5
9686,3625,24,1,1704.83,5
9687,3626,90,1,987.42,0
9688,3626,40,1,529.21,10
9689,3627,37,1,390.29,0
9690,3627,1,1,3377.42,5
9691,3627,39,4,734.47,15
9692,3627,32,3,366.62,15
9693,3628,6,5,2952.24,0
9694,3628,48,1,462.35,5
9695,3629,48,1,462.35,0
9696,3629,27,1,248.66,0
9697,3630,54,2,784.48,30
9698,3630,18,2,1442.78,0
9699,3631,43,2,64.61,0
9700,3631,40,1,529.21,0
9701,3632,20,1,3781.07,10
9702,3632,86,5,996.16,15
9703,3632,13,3,4232.32,5
9704,3632,41,4,621.88,5
9705,3633,73,1,1522.69,0
9706,3633,17,1,3360.58,10
9707,3633,64,2,1286.95,15
9708,3633,11,1,4132.08,30
9709,3633,71,4,883.45,5
9710,3634,13,5,4232.32,5
9711,3634,59,1,2076.49,0
9712,3634,66,2,2194.97,10
9713,3634,54,3,784.48,0
9714,3635,4,1,634.09,0
9715,3635,17,1,3360.58,20
9716,3636,34,4,695.58,0
9717,3637,76,1,590.41,0
9718,3637,93,4,120.43,5
9719,3637,30,1,432.14,10
9720,3637,32,3,366.62,5
9721,3638,15,4,1525.54,0
9722,3638,6,3,2952.24,0
9723,3639,14,2,3098.08,15
9724,3639,1,1,3377.42,0
9725,3639,32,1,366.62,5
9726,3640,85,1,86.45,20
9727,3640,52,1,1438.67,0
9728,3641,65,1,849.57,0
9729,3641,76,4,590.41,0
9730,3641,11,1,4132.08,0
9731,3641,14,1,3098.08,10
9732,3642,54,3,784.48,30
9733,3643,3,2,4514.81,5
9734,3644,43,1,64.61,0
9735,3644,50,1,597.45,5
9736,3644,68,3,2338.01,0
9737,3644,12,1,4879.02,5
9738,3645,27,3,248.66,15
9739,3645,47,1,624.38,10
9740,3645,91,1,819.85,15
9741,3645,79,1,246.68,10
9742,3646,54,1,784.48,30
9743,3646,41,3,621.88,0
9744,3646,22,1,3580.76,0
9745,3647,51,1,2489.33,0
9746,3648,22,1,3580.76,0
9747,3648,86,3,996.16,20
9748,3648,46,1,414.49,0
9749,3648,85,4,86.45,5
9750,3649,91,3,819.85,0
9751,3649,41,1,621.88,0
9752,3650,38,1,247.54,0
9753,3650,34,1,695.58,5
9754,3651,72,1,1230.62,0
9755,3651,24,1,1704.83,5
9756,3652,26,1,346.72,0
9757,3652,50,3,597.45,0
9758,3652,35,1,561.28,0
9759,3652,39,2,734.47,0
9760,3653,53,1,1043.79,10
9761,3653,39,1,734.47,0
9762,3653,40,5,529.21,0
9763,3653,48,3,462.35,10
9764,3653,9,4,4807.46,0
9765,3654,6,1,2952.24,0
9766,3654,61,2,1903.97,15
9767,3655,92,1,939.85,0
9768,3656,7,1,4142.44,30
9769,3657,74,1,952.76,20
9770,3657,62,2,516.52,20
9771,3658,39,1,734.47,15
9772,3658,18,2,1442.78,5
9773,3658,86,3,996.16,0
9774,3659,59,1,2076.49,15
9775,3659,75,1,1492.83,15
9776,3660,61,2,1903.97,10
9777,3660,17,2,3360.58,10
9778,3660,86,1,996.16,0
9779,3660,26,1,346.72,30
9780,3661,96,1,906.76,0
9781,3662,48,1,462.35,5
9782,3663,66,1,2194.97,15
9783,3663,5,1,619.41,5
9784,3663,91,3,819.85,0
9785,3664,74,1,952.76,15
9786,3664,50,1,597.45,15
9787,3664,92,1,939.85,5
9788,3665,48,2,462.35,0
9789,3666,19,1,3416.16,0
9790,3667,59,4,2076.49,0
9791,3668,91,1,819.85,5
9792,3668,68,3,2338.01,0
9793,3668,67,1,2498.42,10
9794,3668,100,2,24.52,10
9795,3668,27,1,248.66,10
9796,3669,91,1,819.85,5
9797,3669,62,1,516.52,10
9798,3670,76,1,590.41,0
9799,3670,38,1,247.54,5
9800,3670,72,2,1230.62,0
9801,3671,57,1,771.32,0
9802,3671,6,1,2952.24,15
9803,3672,56,1,455.89,0
9804,3672,76,2,590.41,10
9805,3672,37,1,390.29,10
9806,3672,82,3,935.69,20
9807,3672,95,1,639.72,20
9808,3673,66,1,2194.97,0
9809,3674,12,1,4879.02,0
9810,3674,74,4,952.76,0
9811,3674,39,2,734.47,0
9812,3675,81,5,427.94,0
9813,3675,29,2,349.55,0
9814,3675,8,1,3641.63,15
9815,3675,25,2,4443.65,15
9816,3675,19,1,3416.16,10
9817,3676,18,3,1442.78,15
9818,3676,1,2,3377.42,15
9819,3676,78,1,198.04,20
9820,3676,23,1,1530.72,0
9821,3676,19,1,3416.16,10
9822,3677,1,1,3377.42,0
9823,3677,29,1,349.55,0
9824,3677,18,1,1442.78,0
9825,3678,90,3,987.42,10
9826,3678,43,3,64.61,0
9827,3678,52,1,1438.67,0
9828,3678,5,1,619.41,20
9829,3679,30,4,432.14,0
9830,3680,69,2,1368.41,10
9831,3680,34,1,695.58,0
9832,3680,28,1,247.06,0
9833,3681,1,2,3377.42,0
9834,3681,45,3,708.51,5
9835,3681,13,1,4232.32,15
9836,3681,46,1,414.49,5
9837,3682,47,1,624.38,20
9838,3682,94,2,610.76,10
9839,3682,85,1,86.45,0
9840,3683,84,2,310.5,10
9841,3683,36,1,530.72,10
9842,3684,2,3,1504.45,5
9843,3684,7,1,4142.44,0
9844,3684,94,2,610.76,5
9845,3685,87,2,276.22,0
9846,3685,24,3,1704.83,20
9847,3685,35,1,561.28,5
9848,3685,52,2,1438.67,0
9849,3685,91,1,819.85,5
9850,3686,7,1,4142.44,20
9851,3686,5,3,619.41,5
9852,3686,41,1,621.88,0
9853,3687,66,1,2194.97,0
9854,3687,25,1,4443.65,20
9855,3687,20,1,3781.07,0
9856,3688,78,3,198.04,0
9857,3688,59,2,2076.49,0
9858,3689,17,2,3360.58,0
9859,3690,15,3,1525.54,10
9860,3690,92,2,939.85,30
9861,3690,24,1,1704.83,0
9862,3690,36,2,530.72,0
9863,3691,62,1,516.52,0
9864,3691,80,1,257.52,15
9865,3692,85,2,86.45,15
9866,3693,64,1,1286.95,5
9867,3693,96,1,906.76,10
9868,3693,68,3,2338.01,5
9869,3694,32,2,366.62,0
9870,3695,2,3,1504.45,15
9871,3695,83,4,250.11,0
9872,3695,45,1,708.51,5
9873,3696,24,1,1704.83,15
9874,3696,36,2,530.72,5
9875,3697,64,2,1286.95,0
9876,3697,38,1,247.54,10
9877,3697,74,1,952.76,5
9878,3697,26,1,346.72,0
9879,3698,26,1,346.72,0
9880,3698,27,1,248.66,10
9881,3698,18,2,1442.78,20
9882,3699,65,1,849.57,5
9883,3699,97,1,432.22,0
9884,3699,5,2,619.41,0
9885,3699,50,1,597.45,10
9886,3700,32,2,366.62,0
9887,3700,2,2,1504.45,0
9888,3701,64,1,1286.95,5
9889,3701,61,2,1903.97,0
9890,3702,47,1,624.38,10
9891,3702,31,2,132.24,20
9892,3703,84,5,310.5,20
9893,3703,32,2,366.62,10
9894,3704,26,2,346.72,0
9895,3704,93,1,120.43,5
9896,3704,42,1,447.77,0
9897,3704,3,2,4514.81,0
9898,3704,51,5,2489.33,10
9899,3705,97,2,432.22,20
9900,3705,40,3,529.21,10
9901,3706,77,1,170.07,0
9902,3706,22,1,3580.76,10
9903,3707,13,1,4232.32,0
9904,3708,29,1,349.55,10
9905,3708,93,2,120.43,0
9906,3709,14,2,3098.08,0
9907,3709,43,1,64.61,0
9908,3709,35,5,561.28,5
9909,3710,82,2,935.69,15
9910,3711,9,1,4807.46,0
9911,3711,35,1,561.28,0
9912,3711,92,1,939.85,0
9913,3711,5,2,619.41,20
9914,3712,93,2,120.43,5
9915,3712,5,1,619.41,0
9916,3712,84,1,310.5,0
9917,3713,91,1,819.85,0
9918,3714,38,2,247.54,15
9919,3714,64,4,1286.95,0
9920,3714,54,1,784.48,0
9921,3715,11,1,4132.08,0
9922,3716,87,1,276.22,0
9923,3716,75,1,1492.83,0
9924,3716,56,3,455.89,0
9925,3717,47,3,624.38,0
9926,3717,85,1,86.45,5
9927,3718,49,1,367.35,0
9928,3718,57,1,771.32,0
9929,3718,12,3,4879.02,15
9930,3718,52,2,1438.67,5
9931,3719,85,2,86.45,5
9932,3719,95,1,639.72,5
9933,3719,83,1,250.11,0
9934,3720,100,1,24.52,5
9935,3720,42,5,447.77,5
9936,3720,67,1,2498.42,30
9937,3720,95,2,639.72,5
9938,3721,34,1,695.58,0
9939,3721,45,1,708.51,0
9940,3722,89,1,836.24,0
9941,3722,24,2,1704.83,0
9942,3722,83,4,250.11,5
9943,3722,70,1,429.0,10
9944,3723,41,1,621.88,0
9945,3723,2,1,1504.45,0
9946,3724,66,4,2194.97,5
9947,3724,58,2,1556.29,10
9948,3724,86,1,996.16,15
9949,3724,9,1,4807.46,5
9950,3725,97,3,432.22,0
9951,3725,80,1,257.52,5
9952,3726,33,1,797.09,5
9953,3726,94,2,610.76,5
9954,3727,44,3,673.75,0
9955,3728,2,1,1504.45,0
9956,3729,44,1,673.75,10
9957,3729,93,1,120.43,10
9958,3729,98,2,774.55,20
9959,3730,98,1,774.55,10
9960,3730,47,2,624.38,0
9961,3730,29,1,349.55,0
9962,3731,19,2,3416.16,20
9963,3732,38,1,247.54,15
9964,3732,31,2,132.24,10
9965,3732,68,3,2338.01,0
9966,3733,23,1,1530.72,20
9967,3733,93,2,120.43,0
9968,3733,54,2,784.48,0
9969,3733,3,2,4514.81,30
9970,3734,4,1,634.09,0
9971,3735,65,4,849.57,10
9972,3735,17,1,3360.58,10
9973,3735,86,1,996.16,0
9974,3736,25,3,4443.65,5
9975,3737,23,1,1530.72,0
9976,3737,46,3,414.49,5
9977,3738,53,1,1043.79,10
9978,3738,59,1,2076.49,5
9979,3738,20,2,3781.07,15
9980,3739,65,5,849.57,10
9981,3740,56,1,455.89,5
9982,3741,36,2,530.72,10
9983,3741,69,1,1368.41,10
9984,3742,23,1,1530.72,0
9985,3742,1,2,3377.42,5
9986,3743,63,1,2195.68,0
9987,3743,28,2,247.06,10
9988,3744,34,1,695.58,10
9989,3744,26,1,346.72,10
9990,3745,16,1,1547.56,5
9991,3745,38,1,247.54,5
9992,3746,2,1,1504.45,0
9993,3746,79,1,246.68,10
9994,3746,12,1,4879.02,0
9995,3747,58,2,1556.29,10
9998,3748,69,1,1368.41,0
9999,3748,60,2,1248.31,15
10000,3748,23,2,1530.72,10
10001,3748,77,1,170.07,0
10002,3749,37,2,390.29,5
10003,3749,81,1,427.94,5
10004,3749,27,5,248.66,0
10005,3749,79,3,246.68,0
10006,3750,21,1,4952.86,10
10007,3750,26,1,346.72,0
10008,3751,82,1,935.69,0
10009,3751,66,1,2194.97,5
10010,3751,100,1,24.52,0
10011,3751,21,3,4952.86,5
10012,3752,20,1,3781.07,20
10013,3752,32,4,366.62,5
10014,3752,46,2,414.49,0
10015,3753,77,2,170.07,0
10016,3753,6,1,2952.24,20
10017,3753,39,2,734.47,0
10018,3753,66,3,2194.97,0
10019,3754,56,1,455.89,0
10020,3754,77,1,170.07,0
10021,3754,51,2,2489.33,0
10022,3755,59,1,2076.49,0
10023,3756,3,1,4514.81,15
10024,3756,41,1,621.88,0
10025,3756,40,1,529.21,5
10026,3757,75,1,1492.83,0
10027,3757,74,2,952.76,0
10028,3758,48,2,462.35,0
10029,3758,86,3,996.16,0
10030,3759,66,2,2194.97,15
10031,3759,76,1,590.41,5
10032,3759,87,1,276.22,30
10033,3760,31,1,132.24,10
10034,3760,34,2,695.58,10
10035,3760,63,1,2195.68,0
10036,3760,68,1,2338.01,0
10037,3760,56,3,455.89,5
10038,3761,64,4,1286.95,20
10039,3761,69,1,1368.41,0
10040,3761,100,1,24.52,10
10041,3761,52,1,1438.67,0
10042,3761,9,1,4807.46,10
10043,3762,49,5,367.35,0
10044,3762,20,1,3781.07,5
10045,3762,18,3,1442.78,20
10046,3762,85,2,86.45,10
10047,3763,2,2,1504.45,0
10048,3763,10,1,935.22,0
10049,3763,51,1,2489.33,5
10050,3764,89,3,836.24,5
10051,3764,4,1,634.09,0
10052,3765,89,2,836.24,0
10053,3765,15,1,1525.54,15
10054,3766,12,1,4879.02,0
10055,3766,88,1,881.08,20
10056,3767,52,1,1438.67,0
10057,3767,78,2,198.04,0
10058,3767,11,1,4132.08,10
10059,3768,82,1,935.69,0
10060,3769,75,1,1492.83,10
10061,3769,65,1,849.57,5
10062,3770,26,1,346.72,10
10063,3771,77,3,170.07,5
10064,3771,44,5,673.75,15
10065,3771,32,2,366.62,5
10066,3772,10,3,935.22,20
10067,3772,64,2,1286.95,0
10068,3773,96,1,906.76,10
10069,3773,66,1,2194.97,15
10070,3773,22,1,3580.76,10
10071,3774,94,2,610.76,0
10072,3774,24,1,1704.83,5
10073,3774,69,2,1368.41,20
10074,3774,68,4,2338.01,0
10075,3775,90,2,987.42,0
10076,3775,46,4,414.49,10
10077,3776,24,5,1704.83,10
10078,3776,23,1,1530.72,10
10079,3776,8,1,3641.63,5
10080,3777,91,2,819.85,10
10081,3777,35,1,561.28,5
10082,3777,94,1,610.76,0
10083,3778,48,4,462.35,5
10084,3778,13,1,4232.32,0
10085,3778,95,2,639.72,5
10086,3779,37,1,390.29,0
10087,3779,10,1,935.22,0
10088,3779,45,3,708.51,0
10089,3779,86,2,996.16,10
10090,3780,2,1,1504.45,0
10091,3781,13,3,4232.32,20
10092,3781,23,1,1530.72,10
10093,3782,98,3,774.55,5
10094,3782,50,1,597.45,20
10095,3782,15,1,1525.54,5
10096,3782,70,1,429.0,10
10097,3783,40,1,529.21,10
10098,3783,59,3,2076.49,10
10099,3783,48,1,462.35,0
10100,3784,73,3,1522.69,10
10101,3784,1,2,3377.42,5
10102,3785,81,2,427.94,20
10103,3785,46,1,414.49,15
10104,3786,48,2,462.35,0
10105,3786,10,2,935.22,20
10106,3786,14,1,3098.08,5
10107,3786,6,2,2952.24,0
10108,3787,35,3,561.28,10
10109,3788,45,3,708.51,15
10110,3788,17,1,3360.58,5
10111,3789,62,1,516.52,5
10112,3789,95,2,639.72,0
10113,3789,40,1,529.21,0
10114,3789,34,2,695.58,0
10115,3790,73,1,1522.69,0
10116,3790,16,2,1547.56,5
10117,3790,49,1,367.35,0
10118,3790,4,4,634.09,10
10119,3791,97,1,432.22,30
10120,3791,44,3,673.75,0
10121,3792,43,1,64.61,15
10122,3792,29,3,349.55,5
10123,3792,4,4,634.09,0
10124,3792,36,4,530.72,0
10125,3792,39,1,734.47,10
10126,3793,41,1,621.88,20
10127,3793,2,1,1504.45,10
10128,3793,69,1,1368.41,10
10129,3793,84,2,310.5,20
10130,3793,46,1,414.49,0
10131,3794,74,2,952.76,0
10132,3794,73,5,1522.69,5
10133,3795,48,1,462.35,0
10134,3795,51,1,2489.33,10
10135,3796,51,3,2489.33,30
10136,3796,12,1,4879.02,0
10137,3797,15,2,1525.54,10
10138,3797,3,1,4514.81,5
10139,3797,17,1,3360.58,5
10140,3798,95,2,639.72,0
10141,3799,69,2,1368.41,0
10142,3799,41,2,621.88,0
10143,3799,59,2,2076.49,0
10144,3800,59,5,2076.49,0
10145,3800,64,1,1286.95,15
10146,3800,38,4,247.54,10
10147,3800,67,2,2498.42,0
10148,3801,20,1,3781.07,0
10149,3801,57,3,771.32,5
10150,3801,32,1,366.62,0
10151,3802,67,3,2498.42,0
10152,3802,47,2,624.38,0
10153,3802,22,3,3580.76,0
10154,3802,97,1,432.22,10
10155,3803,77,1,170.07,15
10156,3803,99,1,745.11,20
10157,3803,56,2,455.89,5
10158,3804,52,1,1438.67,5
10159,3804,65,2,849.57,15
10160,3804,6,2,2952.24,10
10161,3805,16,1,1547.56,0
10162,3805,78,1,198.04,0
10163,3805,46,1,414.49,15
10164,3806,18,1,1442.78,20
10165,3806,47,1,624.38,5
10166,3806,63,2,2195.68,0
10167,3806,55,1,803.67,20
10168,3806,98,1,774.55,5
10169,3807,14,1,3098.08,5
10170,3807,83,4,250.11,0
10171,3807,47,2,624.38,10
10172,3807,88,2,881.08,0
10173,3808,37,1,390.29,5
10174,3809,80,1,257.52,10
10175,3809,60,3,1248.31,15
10176,3809,96,1,906.76,10
10177,3810,87,2,276.22,5
10178,3810,6,1,2952.24,10
10179,3811,73,1,1522.69,0
10180,3811,30,3,432.14,0
10181,3811,36,3,530.72,0
10182,3811,61,1,1903.97,0
10183,3812,64,4,1286.95,5
10184,3813,97,1,432.22,0
10185,3813,49,1,367.35,5
10186,3814,78,1,198.04,20
10187,3814,25,1,4443.65,0
10188,3814,38,5,247.54,0
10189,3814,4,1,634.09,10
10190,3814,81,3,427.94,0
10191,3815,65,1,849.57,0
10192,3816,100,1,24.52,0
10193,3816,50,2,597.45,0
10194,3816,68,4,2338.01,0
10195,3817,64,1,1286.95,0
10196,3817,39,1,734.47,5
10197,3817,22,1,3580.76,10
10198,3817,1,1,3377.42,0
10199,3817,45,2,708.51,15
10200,3818,1,2,3377.42,10
10201,3818,96,1,906.76,0
10202,3818,94,2,610.76,10
10203,3819,40,1,529.21,10
10204,3819,44,2,673.75,0
10205,3820,45,3,708.51,0
10206,3821,30,2,432.14,10
10207,3822,53,4,1043.79,15
10208,3823,28,1,247.06,20
10209,3823,20,2,3781.07,0
10210,3824,6,3,2952.24,0
10211,3824,16,2,1547.56,0
10212,3824,44,1,673.75,10
10213,3824,59,2,2076.49,5
10214,3825,35,1,561.28,5
10215,3825,62,2,516.52,10
10216,3825,83,1,250.11,5
10217,3826,82,1,935.69,0
10218,3827,86,2,996.16,5
10219,3827,15,1,1525.54,0
10220,3827,47,2,624.38,5
10221,3827,43,1,64.61,0
10222,3828,14,1,3098.08,0
10223,3828,82,3,935.69,5
10224,3828,22,1,3580.76,0
10225,3828,68,1,2338.01,5
10226,3828,81,2,427.94,15
10227,3829,22,2,3580.76,0
10228,3829,45,1,708.51,5
10229,3830,91,1,819.85,5
10230,3831,84,5,310.5,5
10231,3831,85,2,86.45,10
10232,3831,36,1,530.72,0
10233,3831,1,1,3377.42,10
10234,3831,71,2,883.45,0
10235,3832,31,2,132.24,30
10236,3833,44,1,673.75,5
10237,3834,81,2,427.94,15
10238,3835,5,2,619.41,5
10239,3835,23,1,1530.72,5
10240,3835,50,1,597.45,15
10241,3835,29,1,349.55,5
10242,3835,77,1,170.07,10
10243,3836,16,1,1547.56,30
10244,3837,63,5,2195.68,5
10245,3837,40,1,529.21,0
10246,3837,28,5,247.06,0
10247,3838,60,1,1248.31,0
10248,3838,74,1,952.76,5
10249,3838,71,1,883.45,0
10250,3838,98,5,774.55,10
10251,3839,46,1,414.49,10
10252,3839,65,2,849.57,0
10253,3840,37,2,390.29,5
10254,3840,83,3,250.11,5
10255,3840,76,1,590.41,15
10256,3841,68,1,2338.01,0
10257,3841,4,1,634.09,0
10258,3841,47,2,624.38,0
10259,3841,7,4,4142.44,0
10260,3841,89,1,836.24,0
10261,3842,85,5,86.45,0
10262,3842,61,1,1903.97,5
10263,3842,42,3,447.77,15
10264,3843,31,5,132.24,0
10265,3843,55,1,803.67,10
10266,3843,97,2,432.22,10
10267,3844,65,1,849.57,5
10268,3845,95,3,639.72,0
10269,3845,22,2,3580.76,5
10270,3846,17,1,3360.58,0
10271,3846,15,1,1525.54,15
10272,3846,63,5,2195.68,0
10273,3846,87,1,276.22,0
10274,3847,58,1,1556.29,0
10275,3847,25,3,4443.65,10
10276,3848,21,3,4952.86,0
10277,3849,47,1,624.38,0
10278,3849,50,4,597.45,30
10279,3849,74,4,952.76,30
10280,3850,7,1,4142.44,15
10281,3850,43,3,64.61,5
10282,3851,90,1,987.42,15
10283,3851,37,3,390.29,5
10284,3852,84,1,310.5,10
10285,3852,50,3,597.45,0
10286,3852,100,1,24.52,0
10287,3852,73,2,1522.69,0
10288,3853,88,1,881.08,15
10289,3853,65,1,849.57,0
10290,3853,58,2,1556.29,0
10291,3854,76,3,590.41,20
10292,3854,88,2,881.08,20
10293,3854,65,4,849.57,0
10294,3854,92,2,939.85,15
10295,3854,57,1,771.32,0
10296,3855,90,2,987.42,20
10297,3855,52,1,1438.67,0
10298,3855,38,2,247.54,5
10299,3855,37,2,390.29,0
10300,3855,84,2,310.5,0
10301,3856,95,1,639.72,15
10302,3857,17,5,3360.58,10
10303,3857,26,1,346.72,10
10304,3858,66,3,2194.97,0
10305,3858,77,1,170.07,0
10306,3859,58,1,1556.29,0
10307,3860,44,2,673.75,10
10308,3860,36,4,530.72,10
10309,3861,47,1,624.38,0
10310,3862,48,2,462.35,20
10311,3862,96,1,906.76,0
10312,3862,2,1,1504.45,0
10313,3863,3,2,4514.81,0
10314,3863,84,1,310.5,10
10315,3863,30,4,432.14,0
10316,3864,77,2,170.07,5
10317,3864,55,2,803.67,0
10318,3865,5,2,619.41,0
10319,3865,13,1,4232.32,15
10320,3866,56,5,455.89,5
10321,3866,26,4,346.72,30
10322,3867,84,5,310.5,0
10323,3867,45,3,708.51,5
10324,3867,32,3,366.62,5
10325,3867,47,1,624.38,0
10326,3868,72,2,1230.62,10
10327,3868,69,1,1368.41,0
10328,3868,22,3,3580.76,0
10329,3869,55,1,803.67,5
10330,3869,57,1,771.32,0
10331,3870,94,1,610.76,15
10332,3871,56,1,455.89,0
10333,3871,2,4,1504.45,0
10334,3871,6,2,2952.24,10
10335,3872,66,1,2194.97,5
10336,3873,25,3,4443.65,15
10337,3873,78,2,198.04,0
10338,3873,88,1,881.08,0
10339,3874,51,1,2489.33,0
10340,3874,36,1,530.72,0
10341,3874,71,4,883.45,10
10342,3875,85,1,86.45,0
10343,3876,99,3,745.11,5
10344,3876,9,1,4807.46,0
10345,3876,25,3,4443.65,5
10346,3876,65,1,849.57,20
10347,3876,57,2,771.32,5
10348,3877,15,1,1525.54,15
10349,3877,55,1,803.67,0
10350,3878,26,1,346.72,5
10351,3878,33,2,797.09,0
10352,3878,47,3,624.38,0
10353,3879,74,1,952.76,0
10354,3880,77,3,170.07,0
10355,3880,72,1,1230.62,10
10356,3880,26,1,346.72,5
10357,3881,31,1,132.24,5
10358,3881,51,1,2489.33,0
10359,3881,36,5,530.72,0
10360,3881,92,2,939.85,0
10361,3882,42,4,447.77,0
10362,3882,40,1,529.21,5
10363,3882,61,2,1903.97,5
10364,3882,62,1,516.52,0
10365,3882,72,1,1230.62,0
10366,3883,92,3,939.85,5
10367,3883,88,1,881.08,0
10368,3883,52,3,1438.67,10
10369,3884,34,2,695.58,15
10370,3885,15,3,1525.54,0
10371,3885,98,2,774.55,0
10372,3885,33,3,797.09,0
10373,3886,70,1,429.0,0
10374,3886,20,1,3781.07,0
10375,3886,62,2,516.52,0
10376,3886,28,3,247.06,0
10377,3887,8,1,3641.63,15
10378,3887,2,2,1504.45,30
10379,3887,50,1,597.45,0
10380,3888,28,4,247.06,5
10381,3888,81,1,427.94,0
10382,3889,77,1,170.07,10
10383,3889,23,1,1530.72,0
10384,3889,41,1,621.88,15
10385,3890,58,1,1556.29,0
10386,3890,63,1,2195.68,5
10387,3890,30,1,432.14,0
10388,3890,93,1,120.43,15
10389,3891,93,2,120.43,5
10390,3891,53,2,1043.79,0
10391,3892,44,1,673.75,20
10392,3893,7,1,4142.44,0
10393,3893,89,1,836.24,5
10394,3894,88,2,881.08,5
10395,3894,63,1,2195.68,10
10396,3894,40,4,529.21,30
10397,3895,70,3,429.0,10
10398,3896,96,1,906.76,0
10399,3897,82,4,935.69,20
10400,3897,20,2,3781.07,15
10401,3898,24,2,1704.83,5
10402,3898,19,5,3416.16,15
10403,3899,17,2,3360.58,0
10404,3899,8,1,3641.63,0
10405,3899,38,2,247.54,15
10406,3900,83,1,250.11,15
10407,3900,8,5,3641.63,0
10408,3901,21,1,4952.86,10
10409,3901,83,1,250.11,15
10410,3902,68,3,2338.01,10
10411,3902,6,2,2952.24,5
10412,3903,73,1,1522.69,0
10413,3903,98,1,774.55,0
10414,3903,53,3,1043.79,0
10415,3904,88,1,881.08,0
10416,3904,10,1,935.22,0
10417,3904,85,2,86.45,15
10418,3905,36,2,530.72,0
10419,3905,64,1,1286.95,0
10420,3905,85,1,86.45,30
10421,3905,87,1,276.22,5
10422,3906,28,1,247.06,5
10423,3906,46,3,414.49,5
10424,3907,35,2,561.28,0
10425,3908,60,3,1248.31,0
10426,3908,23,1,1530.72,10
10427,3908,7,1,4142.44,10
10428,3908,67,4,2498.42,0
10429,3908,74,1,952.76,5
10430,3909,32,5,366.62,5
10431,3909,53,1,1043.79,0
10432,3910,67,4,2498.42,30
10433,3910,99,1,745.11,15
10434,3911,9,3,4807.46,0
10435,3911,51,1,2489.33,0
10436,3911,92,5,939.85,0
10437,3912,88,1,881.08,0
10438,3912,56,2,455.89,0
10439,3913,43,1,64.61,0
10440,3913,84,1,310.5,0
10441,3914,14,3,3098.08,0
10442,3914,42,3,447.77,0
10443,3914,89,3,836.24,10
10444,3914,18,1,1442.78,10
10445,3914,58,1,1556.29,10
10446,3915,30,2,432.14,5
10447,3915,17,5,3360.58,10
10448,3915,23,4,1530.72,20
10449,3916,32,2,366.62,0
10450,3916,77,1,170.07,0
10451,3917,57,2,771.32,0
10452,3917,92,1,939.85,5
10453,3917,86,2,996.16,20
10454,3918,60,3,1248.31,15
10455,3919,73,2,1522.69,15
10456,3919,26,1,346.72,10
10457,3919,35,1,561.28,15
10458,3920,82,2,935.69,20
10459,3921,38,1,247.54,20
10460,3921,23,1,1530.72,0
10461,3921,82,5,935.69,5
10462,3922,57,3,771.32,0
10463,3922,96,1,906.76,15
10464,3923,11,4,4132.08,5
10465,3923,60,5,1248.31,20
10466,3923,41,1,621.88,0
10467,3923,77,2,170.07,5
10468,3924,51,1,2489.33,0
10469,3924,6,1,2952.24,10
10470,3924,22,4,3580.76,0
10471,3924,97,1,432.22,0
10472,3925,74,4,952.76,5
10473,3925,18,1,1442.78,20
10474,3925,20,2,3781.07,20
10475,3926,32,4,366.62,20
10476,3926,31,4,132.24,15
10477,3926,20,1,3781.07,0
10478,3926,73,1,1522.69,0
10479,3926,26,1,346.72,5
10480,3927,68,1,2338.01,15
10481,3927,52,2,1438.67,10
10482,3928,89,2,836.24,20
10483,3928,56,2,455.89,0
10484,3929,91,2,819.85,15
10485,3929,78,3,198.04,20
10486,3930,82,4,935.69,10
10487,3931,80,2,257.52,5
10488,3931,17,1,3360.58,0
10489,3931,59,2,2076.49,20
10490,3932,29,1,349.55,0
10491,3932,57,2,771.32,0
10492,3933,69,1,1368.41,10
10493,3933,45,1,708.51,20
10494,3933,54,1,784.48,5
10495,3933,38,3,247.54,20
10496,3933,26,5,346.72,0
10497,3934,99,1,745.11,10
10498,3934,100,1,24.52,15
10499,3934,39,1,734.47,20
10500,3934,44,1,673.75,0
10501,3934,58,1,1556.29,15
10502,3935,77,1,170.07,30
10503,3935,86,2,996.16,0
10504,3935,60,3,1248.31,10
10505,3936,84,1,310.5,5
10506,3936,8,2,3641.63,5
10507,3937,58,3,1556.29,0
10508,3938,71,2,883.45,10
10509,3938,99,3,745.11,10
10510,3938,61,1,1903.97,0
10511,3939,91,1,819.85,0
10512,3940,72,2,1230.62,5
10513,3940,54,4,784.48,0
10514,3941,21,1,4952.86,10
10515,3942,67,2,2498.42,0
10516,3942,24,1,1704.83,0
10517,3942,8,2,3641.63,5
10518,3942,7,1,4142.44,20
10519,3942,2,1,1504.45,15
10520,3943,66,1,2194.97,5
10521,3943,14,2,3098.08,0
10522,3943,43,5,64.61,15
10523,3944,23,1,1530.72,0
10524,3944,95,4,639.72,0
10525,3944,37,1,390.29,0
10526,3944,18,1,1442.78,0
10527,3944,77,2,170.07,0
10528,3945,18,1,1442.78,0
10529,3945,91,2,819.85,0
10530,3945,67,3,2498.42,0
10531,3946,38,1,247.54,0
10532,3946,51,1,2489.33,0
10533,3946,52,2,1438.67,10
10534,3946,8,1,3641.63,20
10535,3947,56,2,455.89,5
10536,3947,83,1,250.11,0
10537,3947,8,1,3641.63,20
10538,3947,78,2,198.04,0
10539,3947,57,2,771.32,0
10540,3948,29,3,349.55,0
10541,3949,71,3,883.45,0
10542,3950,33,2,797.09,0
10543,3950,23,1,1530.72,10
10544,3951,95,1,639.72,5
10545,3951,74,2,952.76,5
10546,3952,85,1,86.45,0
10547,3952,43,1,64.61,5
10548,3952,64,1,1286.95,5
10549,3953,91,3,819.85,0
10550,3953,26,1,346.72,0
10551,3954,86,2,996.16,0
10552,3954,81,1,427.94,10
10553,3954,26,2,346.72,0
10554,3954,90,3,987.42,10
10555,3954,98,1,774.55,0
10556,3955,97,3,432.22,5
10557,3955,51,1,2489.33,5
10558,3955,100,3,24.52,15
10559,3955,96,1,906.76,5
10560,3956,66,5,2194.97,10
10561,3956,75,1,1492.83,20
10562,3957,26,2,346.72,10
10563,3957,92,3,939.85,0
10564,3958,20,2,3781.07,10
10565,3958,41,2,621.88,0
10566,3958,98,2,774.55,0
10567,3958,72,1,1230.62,0
10568,3959,43,5,64.61,0
10569,3959,28,3,247.06,10
10570,3959,9,1,4807.46,0
10571,3960,31,3,132.24,15
10572,3960,99,4,745.11,0
10573,3961,58,1,1556.29,0
10574,3961,100,1,24.52,20
10575,3961,89,2,836.24,0
10576,3961,32,1,366.62,30
10577,3961,14,2,3098.08,15
10578,3962,55,1,803.67,0
10579,3963,44,1,673.75,5
10580,3963,21,4,4952.86,20
10581,3964,43,1,64.61,15
10582,3964,6,3,2952.24,0
10583,3964,68,3,2338.01,10
10584,3964,47,1,624.38,0
10585,3965,69,4,1368.41,5
10586,3965,60,1,1248.31,0
10587,3966,40,1,529.21,0
10588,3966,82,3,935.69,20
10589,3966,18,1,1442.78,5
10590,3966,89,2,836.24,5
10591,3967,75,1,1492.83,10
10592,3967,35,1,561.28,0
10593,3967,92,1,939.85,5
10594,3967,86,3,996.16,10
10595,3968,61,1,1903.97,0
10596,3968,89,1,836.24,0
10597,3969,88,3,881.08,0
10598,3969,51,1,2489.33,15
10599,3969,33,1,797.09,0
10600,3969,36,2,530.72,0
10601,3970,26,1,346.72,10
10602,3970,41,2,621.88,10
10603,3970,1,1,3377.42,5
10604,3970,80,1,257.52,5
10605,3971,34,2,695.58,0
10606,3971,36,2,530.72,10
10607,3971,9,1,4807.46,5
10608,3972,75,1,1492.83,10
10609,3972,40,1,529.21,10
10610,3973,85,2,86.45,0
10611,3973,74,1,952.76,0
10612,3973,3,1,4514.81,5
10613,3973,21,1,4952.86,0
10614,3974,2,1,1504.45,0
10615,3974,11,1,4132.08,0
10616,3975,41,1,621.88,10
10617,3975,54,2,784.48,0
10618,3975,63,2,2195.68,15
10619,3976,42,1,447.77,0
10620,3976,43,2,64.61,30
10621,3976,40,2,529.21,0
10622,3976,1,1,3377.42,0
10623,3976,80,3,257.52,0
10624,3977,93,1,120.43,5
10625,3977,82,2,935.69,15
10626,3977,78,1,198.04,0
10627,3978,17,1,3360.58,15
10628,3979,3,1,4514.81,0
10629,3979,89,1,836.24,0
10630,3980,25,1,4443.65,5
10631,3980,78,1,198.04,0
10632,3980,46,2,414.49,5
10633,3981,53,2,1043.79,0
10634,3982,31,3,132.24,10
10635,3983,48,3,462.35,0
10636,3983,12,1,4879.02,0
10637,3984,77,3,170.07,5
10638,3984,2,1,1504.45,0
10639,3985,35,1,561.28,20
10640,3985,28,4,247.06,10
10641,3986,78,3,198.04,20
10642,3987,10,1,935.22,10
10644,3988,80,2,257.52,15
10645,3989,54,1,784.48,0
10646,3990,23,3,1530.72,0
10647,3991,63,2,2195.68,0
10648,3991,14,5,3098.08,5
10649,3991,19,2,3416.16,10
10650,3992,56,3,455.89,0
10651,3993,64,3,1286.95,0
10652,3993,34,1,695.58,10
10653,3993,92,3,939.85,5
10654,3994,76,1,590.41,0
10655,3994,72,1,1230.62,0
10656,3994,4,3,634.09,0
10657,3995,82,1,935.69,5
10658,3995,3,1,4514.81,5
10659,3996,89,1,836.24,0
10660,3996,76,1,590.41,5
10661,3996,47,2,624.38,0
10662,3996,80,1,257.52,5
10663,3996,8,2,3641.63,0
10664,3997,6,1,2952.24,5
10665,3997,80,1,257.52,0
10666,3997,57,1,771.32,20
10667,3997,37,2,390.29,30
10668,3997,8,2,3641.63,15
10669,3998,68,2,2338.01,10
10670,3998,88,2,881.08,0
10671,3998,42,2,447.77,5
10672,3999,74,2,952.76,0
10673,3999,7,1,4142.44,10
10674,3999,6,2,2952.24,5
10675,4000,83,4,250.11,10
10676,4001,68,1,2338.01,0
10677,4001,51,3,2489.33,0
10678,4002,3,4,4514.81,0
10679,4002,63,2,2195.68,0
10680,4002,82,1,935.69,30
10681,4002,94,2,610.76,0
10682,4003,81,2,427.94,10
10683,4003,25,1,4443.65,15
10684,4003,72,3,1230.62,0
10685,4003,89,1,836.24,10
10686,4004,38,2,247.54,15
10687,4004,50,4,597.45,15
10688,4004,49,2,367.35,5
10689,4005,77,1,170.07,10
10690,4006,17,1,3360.58,0
10691,4006,76,1,590.41,0
10692,4006,86,1,996.16,0
10693,4007,37,2,390.29,0
10694,4007,93,1,120.43,15
10695,4007,31,3,132.24,0
10696,4007,11,1,4132.08,15
10697,4008,6,2,2952.24,5
10698,4008,18,4,1442.78,5
10699,4008,75,1,1492.83,0
10700,4009,86,3,996.16,5
10701,4010,73,3,1522.69,0
10702,4010,16,1,1547.56,10
10703,4011,19,4,3416.16,0
10704,4011,28,2,247.06,0
10705,4012,62,1,516.52,0
10706,4012,56,1,455.89,0
10707,4012,12,2,4879.02,10
10708,4012,17,1,3360.58,5
10709,4012,36,2,530.72,5
10710,4013,81,1,427.94,15
10711,4013,8,2,3641.63,0
10712,4013,97,3,432.22,15
10713,4014,30,1,432.14,5
10714,4014,97,1,432.22,10
10715,4014,91,1,819.85,10
10716,4014,83,2,250.11,20
10717,4015,29,2,349.55,0
10718,4015,39,1,734.47,5
10719,4016,77,3,170.07,0
10720,4017,32,2,366.62,20
10721,4017,54,1,784.48,15
10722,4017,94,1,610.76,0
10723,4018,57,1,771.32,0
10724,4018,60,3,1248.31,5
10725,4019,88,4,881.08,0
10726,4019,39,1,734.47,0
10727,4020,26,3,346.72,30
10728,4021,57,1,771.32,5
10729,4021,34,1,695.58,0
10730,4021,65,1,849.57,0
10731,4021,8,1,3641.63,5
10732,4022,84,1,310.5,0
10733,4022,7,2,4142.44,20
10734,4022,74,1,952.76,5
10735,4022,50,1,597.45,5
10736,4022,59,5,2076.49,10
10737,4023,80,2,257.52,0
10738,4023,87,4,276.22,20
10739,4023,11,2,4132.08,0
10740,4024,25,2,4443.65,0
10741,4024,56,2,455.89,0
10742,4024,77,3,170.07,15
10743,4024,100,3,24.52,0
10744,4025,100,1,24.52,5
10745,4025,89,4,836.24,0
10746,4026,79,3,246.68,0
10747,4026,57,1,771.32,5
10748,4026,87,1,276.22,5
10749,4027,12,3,4879.02,10
10750,4027,53,2,1043.79,15
10751,4027,56,4,455.89,0
10752,4028,66,1,2194.97,0
10753,4029,87,5,276.22,30
10754,4029,38,1,247.54,0
10755,4030,99,2,745.11,5
10756,4030,26,1,346.72,0
10757,4030,44,1,673.75,0
10758,4031,63,1,2195.68,0
10759,4032,69,1,1368.41,0
10760,4032,26,1,346.72,10
10761,4032,8,1,3641.63,5
10762,4033,32,2,366.62,0
10763,4033,61,3,1903.97,0
10764,4034,8,2,3641.63,0
10765,4034,91,1,819.85,5
10766,4034,52,2,1438.67,0
10767,4034,78,1,198.04,20
10768,4034,19,1,3416.16,0
10769,4035,41,2,621.88,10
10770,4035,42,3,447.77,30
10771,4035,8,2,3641.63,5
10772,4035,27,1,248.66,20
10773,4036,58,1,1556.29,20
10774,4036,20,1,3781.07,0
10775,4037,74,1,952.76,0
10776,4037,60,1,1248.31,0
10777,4038,10,2,935.22,10
10778,4038,49,1,367.35,10
10779,4038,26,4,346.72,0
10780,4038,37,1,390.29,20
10781,4039,11,3,4132.08,10
10782,4040,50,4,597.45,0
10783,4040,15,1,1525.54,0
10784,4040,90,1,987.42,0
10785,4040,21,2,4952.86,15
10786,4041,58,2,1556.29,0
10787,4041,49,2,367.35,0
10788,4041,22,1,3580.76,10
10789,4042,69,3,1368.41,20
10790,4043,41,1,621.88,5
10791,4043,97,1,432.22,5
10792,4044,6,3,2952.24,15
10793,4044,51,1,2489.33,5
10794,4044,90,3,987.42,0
10795,4045,40,4,529.21,0
10796,4045,12,2,4879.02,0
10797,4045,31,1,132.24,0
10798,4045,60,2,1248.31,20
10799,4046,8,1,3641.63,0
10800,4046,53,3,1043.79,0
10801,4046,67,1,2498.42,20
10802,4047,14,3,3098.08,30
10803,4048,63,2,2195.68,5
10804,4048,99,3,745.11,20
10805,4048,20,3,3781.07,0
10806,4048,31,4,132.24,0
10807,4049,6,1,2952.24,20
10808,4049,73,1,1522.69,10
10809,4050,90,1,987.42,0
10810,4050,35,1,561.28,0
10811,4051,17,3,3360.58,0
10812,4051,16,2,1547.56,0
10813,4051,8,1,3641.63,0
10814,4052,63,2,2195.68,15
10815,4052,96,1,906.76,5
10816,4053,38,1,247.54,15
10817,4053,2,3,1504.45,5
10818,4054,40,1,529.21,15
10819,4054,87,2,276.22,0
10820,4054,99,1,745.11,5
10821,4054,85,2,86.45,0
10822,4055,19,1,3416.16,15
10823,4055,36,1,530.72,15
10824,4055,9,2,4807.46,20
10825,4055,13,2,4232.32,0
10826,4056,21,4,4952.86,0
10827,4056,47,3,624.38,5
10828,4056,93,1,120.43,0
10829,4057,43,1,64.61,10
10830,4057,85,2,86.45,20
10831,4057,2,2,1504.45,5
10832,4058,21,1,4952.86,0
10833,4058,70,2,429.0,0
10834,4058,51,1,2489.33,5
10835,4059,29,3,349.55,10
10836,4059,37,1,390.29,0
10837,4059,15,2,1525.54,0
10838,4059,2,1,1504.45,5
10839,4059,20,2,3781.07,5
10840,4060,68,1,2338.01,0
10841,4060,52,2,1438.67,10
10842,4061,12,1,4879.02,20
10843,4061,24,2,1704.83,20
10844,4061,22,1,3580.76,10
10845,4061,11,1,4132.08,0
10846,4061,77,2,170.07,10
10847,4062,49,1,367.35,0
10848,4062,97,1,432.22,0
10849,4062,79,2,246.68,0
10850,4063,5,1,619.41,5
10851,4063,30,3,432.14,20
10852,4063,22,1,3580.76,0
10853,4064,36,3,530.72,0
10854,4064,55,2,803.67,0
10855,4064,34,2,695.58,0
10856,4064,98,1,774.55,5
10857,4065,63,2,2195.68,5
10858,4065,74,4,952.76,5
10859,4065,6,1,2952.24,0
10860,4065,90,1,987.42,5
10861,4066,57,4,771.32,0
10862,4067,73,1,1522.69,0
10863,4067,21,4,4952.86,20
10864,4067,14,2,3098.08,5
10865,4068,37,4,390.29,10
10866,4068,99,3,745.11,5
10867,4068,65,3,849.57,0
10868,4069,30,3,432.14,0
10869,4069,5,2,619.41,5
10870,4069,31,3,132.24,10
10871,4070,12,2,4879.02,5
10872,4070,59,3,2076.49,0
10873,4070,3,1,4514.81,15
10874,4070,79,1,246.68,0
10875,4071,91,2,819.85,20
10876,4072,10,1,935.22,30
10877,4072,8,3,3641.63,30
10878,4073,91,2,819.85,0
10879,4074,61,1,1903.97,10
10880,4074,62,3,516.52,10
10881,4074,32,1,366.62,10
10882,4074,21,2,4952.86,0
10883,4075,71,1,883.45,30
10884,4075,55,1,803.67,0
10885,4075,30,1,432.14,0
10886,4076,1,1,3377.42,20
10887,4076,42,1,447.77,0
10888,4076,95,3,639.72,0
10889,4077,82,1,935.69,0
10890,4077,41,3,621.88,5
10891,4078,75,4,1492.83,5
10892,4078,56,2,455.89,0
10893,4078,73,5,1522.69,5
10894,4079,52,1,1438.67,10
10895,4079,2,1,1504.45,0
10896,4079,34,2,695.58,5
10897,4079,15,1,1525.54,0
10898,4079,98,1,774.55,0
10899,4080,97,3,432.22,5
10900,4080,82,1,935.69,5
10901,4081,3,1,4514.81,0
10902,4081,65,1,849.57,5
10903,4082,20,1,3781.07,30
10904,4082,4,1,634.09,0
10905,4082,16,1,1547.56,0
10906,4082,26,1,346.72,10
10907,4082,6,1,2952.24,5
10908,4083,71,3,883.45,20
10909,4083,10,2,935.22,5
10910,4083,17,3,3360.58,15
10911,4084,42,1,447.77,0
10912,4084,85,2,86.45,0
10913,4084,37,1,390.29,0
10914,4084,73,2,1522.69,15
10915,4084,49,1,367.35,0
10916,4085,14,1,3098.08,5
10917,4085,88,1,881.08,5
10918,4086,83,2,250.11,0
10919,4087,30,4,432.14,15
10920,4087,95,2,639.72,15
10921,4088,6,2,2952.24,5
10922,4089,92,1,939.85,0
10923,4089,95,2,639.72,0
10924,4089,30,1,432.14,0
10925,4089,23,1,1530.72,0
10926,4089,69,1,1368.41,5
10927,4090,22,1,3580.76,5
10928,4090,54,1,784.48,15
10929,4090,20,4,3781.07,0
10930,4090,79,1,246.68,20
10931,4090,99,2,745.11,0
10932,4091,87,2,276.22,0
10933,4091,60,2,1248.31,0
10934,4092,37,2,390.29,15
10935,4092,5,1,619.41,5
10936,4093,79,1,246.68,0
10937,4094,51,1,2489.33,10
10938,4094,54,5,784.48,0
10939,4094,13,4,4232.32,0
10940,4094,47,1,624.38,0
10941,4095,2,1,1504.45,0
10942,4096,31,2,132.24,10
10943,4096,52,1,1438.67,0
10944,4096,40,2,529.21,0
10945,4097,66,4,2194.97,0
10946,4098,33,1,797.09,15
10947,4098,14,1,3098.08,15
10948,4098,34,4,695.58,15
10949,4098,32,1,366.62,0
10950,4099,6,1,2952.24,5
10951,4099,91,1,819.85,0
10952,4100,42,2,447.77,0
10953,4101,62,1,516.52,0
10954,4101,56,2,455.89,20
10955,4101,77,5,170.07,15
10956,4102,61,1,1903.97,0
10957,4102,20,1,3781.07,0
10958,4102,66,1,2194.97,5
10959,4103,63,3,2195.68,0
10960,4103,69,1,1368.41,5
10961,4103,26,3,346.72,0
10962,4104,44,2,673.75,20
10963,4104,17,4,3360.58,0
10964,4105,85,1,86.45,0
10965,4105,63,3,2195.68,5
10966,4106,44,1,673.75,5
10967,4106,89,2,836.24,0
10968,4106,9,2,4807.46,5
10969,4106,58,1,1556.29,0
10970,4107,87,2,276.22,0
10971,4107,42,3,447.77,0
10972,4108,27,3,248.66,5
10973,4108,18,2,1442.78,15
10974,4109,64,2,1286.95,0
10975,4110,56,1,455.89,5
10976,4110,90,1,987.42,0
10977,4110,32,1,366.62,0
10978,4110,86,1,996.16,0
10979,4111,89,1,836.24,0
10980,4111,34,2,695.58,30
10981,4112,21,1,4952.86,0
10982,4112,100,5,24.52,15
10983,4112,6,1,2952.24,10
10984,4113,86,1,996.16,0
10985,4113,79,5,246.68,10
10986,4113,21,2,4952.86,10
10987,4113,91,1,819.85,0
10988,4114,68,3,2338.01,15
10989,4114,44,2,673.75,0
10990,4115,56,1,455.89,20
10991,4116,47,2,624.38,0
10992,4116,55,1,803.67,0
10993,4117,57,3,771.32,10
10994,4117,60,2,1248.31,10
10995,4117,85,5,86.45,0
10996,4117,94,1,610.76,10
10997,4117,72,3,1230.62,15
10998,4118,13,1,4232.32,0
10999,4118,77,3,170.07,10
11000,4118,18,1,1442.78,0
11001,4119,59,1,2076.49,20
11002,4119,99,4,745.11,20
11003,4119,7,2,4142.44,0
11004,4119,82,1,935.69,5
11005,4120,31,3,132.24,5
11006,4120,37,1,390.29,0
11007,4120,39,1,734.47,5
11008,4120,25,1,4443.65,0
11009,4120,23,2,1530.72,0
11010,4121,28,1,247.06,20
11011,4121,39,3,734.47,10
11012,4122,18,1,1442.78,10
11013,4122,65,1,849.57,0
11014,4122,10,1,935.22,5
11015,4122,64,2,1286.95,20
11016,4123,50,2,597.45,0
11017,4123,19,1,3416.16,10
11018,4124,21,3,4952.86,5
11019,4124,96,1,906.76,5
11020,4125,81,3,427.94,0
11021,4125,96,1,906.76,5
11022,4125,98,3,774.55,0
11023,4125,87,1,276.22,0
11024,4126,15,1,1525.54,0
11025,4126,51,3,2489.33,15
11026,4126,73,1,1522.69,0
11027,4127,42,3,447.77,10
11028,4127,52,1,1438.67,0
11029,4128,64,1,1286.95,0
11030,4128,55,5,803.67,0
11031,4128,83,1,250.11,0
11032,4129,38,3,247.54,15
11033,4129,91,3,819.85,5
11034,4129,67,1,2498.42,10
11035,4130,42,2,447.77,0
11036,4131,6,1,2952.24,0
11037,4131,48,1,462.35,5
11038,4132,16,2,1547.56,0
11039,4132,44,2,673.75,5
11040,4133,72,1,1230.62,0
11041,4133,77,1,170.07,0
11042,4134,67,2,2498.42,0
11043,4134,78,2,198.04,0
11044,4134,15,1,1525.54,0
11045,4134,40,1,529.21,30
11046,4135,74,3,952.76,15
11047,4135,6,2,2952.24,0
11048,4135,68,1,2338.01,10
11049,4135,85,1,86.45,15
11050,4135,2,1,1504.45,30
11051,4136,42,1,447.77,0
11052,4136,22,1,3580.76,15
11053,4137,79,2,246.68,5
11054,4137,30,3,432.14,20
11055,4138,90,1,987.42,0
11056,4138,18,1,1442.78,0
11057,4138,5,3,619.41,5
11058,4138,35,3,561.28,10
11059,4139,65,4,849.57,20
11060,4139,40,1,529.21,0
11061,4139,50,2,597.45,0
11062,4139,81,1,427.94,5
11063,4139,67,1,2498.42,5
11064,4140,73,2,1522.69,5
11065,4141,84,2,310.5,0
11066,4141,86,5,996.16,10
11067,4141,14,4,3098.08,0
11068,4142,75,1,1492.83,0
11069,4142,25,1,4443.65,0
11070,4142,47,3,624.38,0
11071,4142,67,1,2498.42,10
11072,4143,91,1,819.85,10
11073,4143,16,2,1547.56,0
11074,4144,32,3,366.62,20
11075,4144,92,2,939.85,0
11076,4145,31,4,132.24,10
11077,4146,93,2,120.43,30
11078,4146,41,2,621.88,10
11079,4147,7,3,4142.44,0
11080,4148,83,1,250.11,5
11081,4149,33,2,797.09,20
11082,4149,12,2,4879.02,10
11083,4149,19,1,3416.16,0
11084,4149,47,2,624.38,0
11085,4150,70,2,429.0,0
11086,4151,67,2,2498.42,0
11087,4151,100,1,24.52,0
11088,4152,57,2,771.32,20
11089,4153,24,1,1704.83,20
11090,4153,58,3,1556.29,0
11091,4154,35,1,561.28,0
11092,4154,75,1,1492.83,0
11093,4154,45,3,708.51,0
11094,4155,71,3,883.45,0
11095,4155,66,1,2194.97,15
11096,4155,83,2,250.11,10
11097,4156,80,2,257.52,0
11098,4156,20,1,3781.07,10
11099,4156,50,1,597.45,0
11100,4156,90,1,987.42,0
11101,4156,97,1,432.22,10
11102,4157,18,2,1442.78,10
11103,4157,77,1,170.07,0
11104,4157,57,1,771.32,5
11105,4158,51,3,2489.33,0
11106,4158,56,1,455.89,0
11107,4159,38,1,247.54,30
11108,4159,43,3,64.61,5
11109,4159,23,3,1530.72,0
11110,4160,92,3,939.85,10
11111,4161,5,1,619.41,0
11112,4161,25,1,4443.65,0
11113,4161,21,4,4952.86,10
11114,4161,58,1,1556.29,0
11115,4162,43,1,64.61,5
11116,4162,68,3,2338.01,5
11117,4162,76,1,590.41,10
11118,4162,81,1,427.94,0
11119,4163,25,2,4443.65,0
11120,4163,40,2,529.21,0
11121,4164,66,1,2194.97,0
11122,4164,1,2,3377.42,5
11123,4164,27,2,248.66,0
11124,4164,90,2,987.42,5
11125,4164,88,1,881.08,20
11126,4165,71,2,883.45,0
11127,4165,3,2,4514.81,5
11128,4165,2,3,1504.45,0
11129,4165,22,2,3580.76,10
11130,4166,96,1,906.76,15
11131,4167,80,2,257.52,0
11132,4167,8,1,3641.63,0
11133,4167,60,2,1248.31,15
11134,4168,44,1,673.75,0
11135,4168,75,2,1492.83,5
11136,4168,28,3,247.06,0
11137,4169,76,3,590.41,15
11138,4170,16,1,1547.56,0
11139,4170,66,4,2194.97,10
11140,4170,99,1,745.11,0
11141,4171,26,1,346.72,0
11142,4171,15,2,1525.54,0
11143,4172,77,1,170.07,5
11144,4172,88,4,881.08,20
11145,4173,31,1,132.24,0
11146,4173,34,1,695.58,0
11147,4174,90,1,987.42,20
11148,4174,27,2,248.66,20
11149,4174,58,1,1556.29,0
11150,4175,72,1,1230.62,10
11151,4176,73,1,1522.69,0
11152,4176,97,3,432.22,5
11153,4177,17,1,3360.58,30
11154,4178,81,3,427.94,5
11155,4179,84,1,310.5,5
11156,4179,63,1,2195.68,0
11157,4179,93,3,120.43,10
11158,4180,48,1,462.35,0
11159,4180,37,1,390.29,30
11160,4180,66,4,2194.97,5
11161,4180,96,1,906.76,0
11162,4180,30,2,432.14,0
11163,4181,76,2,590.41,10
11164,4181,81,4,427.94,0
11165,4181,30,2,432.14,10
11166,4181,14,4,3098.08,10
11167,4181,44,1,673.75,0
11168,4182,15,2,1525.54,5
11169,4182,72,2,1230.62,20
11170,4182,89,1,836.24,5
11171,4183,96,5,906.76,0
11172,4184,73,1,1522.69,0
11173,4184,51,4,2489.33,30
11174,4185,1,1,3377.42,0
11175,4185,58,1,1556.29,0
11176,4186,55,1,803.67,5
11177,4186,78,1,198.04,5
11178,4187,75,3,1492.83,10
11179,4187,94,4,610.76,0
11180,4188,1,5,3377.42,15
11181,4188,64,4,1286.95,0
11182,4189,92,1,939.85,0
11183,4189,85,2,86.45,10
11184,4189,21,3,4952.86,5
11185,4190,5,3,619.41,20
11186,4190,43,1,64.61,0
11187,4190,42,1,447.77,5
11188,4191,14,1,3098.08,20
11189,4191,18,1,1442.78,20
11190,4191,88,2,881.08,0
11191,4191,10,1,935.22,10
11192,4192,69,2,1368.41,5
11193,4192,34,1,695.58,0
11194,4193,35,1,561.28,0
11195,4193,100,2,24.52,0
11196,4193,67,3,2498.42,10
11197,4194,80,1,257.52,0
11198,4194,71,1,883.45,5
11199,4194,73,1,1522.69,20
11200,4194,31,3,132.24,0
11201,4194,84,3,310.5,0
11202,4195,17,3,3360.58,5
11203,4195,27,1,248.66,5
11204,4195,19,1,3416.16,0
11205,4196,63,1,2195.68,0
11206,4196,8,1,3641.63,10
11207,4197,99,1,745.11,5
11208,4198,74,2,952.76,20
11209,4198,16,1,1547.56,0
11210,4198,86,2,996.16,0
11211,4199,78,1,198.04,20
11212,4200,38,2,247.54,0
11213,4200,17,1,3360.58,0
11214,4200,77,1,170.07,0
11215,4200,60,1,1248.31,15
11216,4201,36,2,530.72,0
11217,4201,11,1,4132.08,10
11218,4201,93,2,120.43,20
11219,4202,9,1,4807.46,20
11220,4203,29,2,349.55,5
11221,4203,36,1,530.72,5
11222,4204,65,1,849.57,15
11223,4204,24,2,1704.83,30
11224,4204,8,1,3641.63,0
11225,4205,50,2,597.45,20
11226,4205,36,3,530.72,0
11227,4205,69,3,1368.41,0
11228,4206,63,1,2195.68,0
11229,4206,36,1,530.72,15
11230,4206,65,1,849.57,0
11231,4207,73,3,1522.69,30
11232,4208,41,1,621.88,0
11233,4208,25,2,4443.65,15
11234,4208,83,2,250.11,15
11235,4209,49,3,367.35,0
11236,4209,3,1,4514.81,0
11237,4210,59,2,2076.49,0
11238,4211,24,1,1704.83,5
11239,4212,57,2,771.32,0
11240,4213,87,1,276.22,0
11241,4214,16,1,1547.56,10
11242,4215,69,2,1368.41,5
11243,4215,64,1,1286.95,5
11244,4216,50,2,597.45,0
11245,4216,7,3,4142.44,0
11246,4216,79,1,246.68,5
11247,4217,31,2,132.24,15
11248,4217,20,1,3781.07,0
11249,4218,10,1,935.22,0
11250,4218,57,1,771.32,15
11251,4219,73,1,1522.69,20
11252,4219,94,1,610.76,0
11253,4219,41,1,621.88,5
11254,4220,30,1,432.14,10
11255,4220,57,1,771.32,0
11256,4220,37,3,390.29,0
11257,4220,90,3,987.42,0
11258,4221,49,1,367.35,0
11259,4221,92,2,939.85,30
11260,4221,51,2,2489.33,0
11261,4222,1,1,3377.42,15
11262,4222,36,4,530.72,0
11263,4222,51,1,2489.33,0
11264,4223,18,3,1442.78,0
11265,4224,43,1,64.61,10
11266,4224,21,2,4952.86,5
11267,4224,1,2,3377.42,10
11268,4224,51,3,2489.33,5
11269,4225,66,1,2194.97,15
11270,4225,78,3,198.04,0
11271,4226,76,1,590.41,0
11272,4226,12,4,4879.02,0
11273,4226,41,2,621.88,0
11274,4227,79,3,246.68,5
11275,4227,67,1,2498.42,10
11276,4227,25,2,4443.65,5
11277,4227,41,3,621.88,0
11278,4227,53,1,1043.79,15
11279,4228,61,1,1903.97,0
11280,4228,45,2,708.51,10
11281,4228,85,3,86.45,0
11282,4229,17,4,3360.58,15
11283,4229,13,3,4232.32,0
11284,4230,78,1,198.04,0
11285,4230,90,2,987.42,20
11286,4231,75,2,1492.83,5
11287,4231,38,4,247.54,0
11288,4232,100,5,24.52,0
11289,4232,83,2,250.11,5
11290,4233,98,1,774.55,0
11291,4233,9,2,4807.46,20
11292,4233,91,3,819.85,5
11293,4234,80,3,257.52,0
11294,4235,17,3,3360.58,0
11295,4236,48,2,462.35,0
11296,4236,99,1,745.11,5
11297,4236,88,1,881.08,0
11298,4236,93,5,120.43,5
11299,4236,79,3,246.68,5
11300,4237,13,2,4232.32,0
11301,4237,38,1,247.54,0
11302,4238,33,1,797.09,20
11303,4238,94,1,610.76,20
11304,4239,6,2,2952.24,0
11305,4239,35,1,561.28,0
11306,4239,61,2,1903.97,10
11307,4240,67,2,2498.42,10
11308,4240,20,3,3781.07,10
11309,4241,5,3,619.41,5
11310,4241,49,1,367.35,5
11311,4241,40,2,529.21,5
11312,4241,64,1,1286.95,0
11313,4242,47,1,624.38,0
11314,4242,83,5,250.11,0
11315,4242,69,1,1368.41,10
11316,4243,35,1,561.28,0
11317,4243,86,3,996.16,10
11318,4243,28,3,247.06,10
11319,4243,50,1,597.45,0
11320,4244,99,2,745.11,0
11321,4244,90,1,987.42,5
11322,4245,21,1,4952.86,0
11323,4245,14,3,3098.08,15
11324,4245,43,2,64.61,5
11325,4246,70,2,429.0,0
11326,4246,95,3,639.72,15
11327,4246,92,4,939.85,0
11328,4246,15,1,1525.54,5
11329,4247,27,1,248.66,0
11330,4247,28,2,247.06,0
11331,4248,36,2,530.72,0
11332,4248,25,2,4443.65,0
11333,4248,6,1,2952.24,0
11334,4249,61,3,1903.97,0
11335,4249,13,1,4232.32,10
11336,4250,6,1,2952.24,0
11337,4250,56,1,455.89,15
11338,4250,77,2,170.07,5
11339,4250,47,1,624.38,10
11340,4251,4,2,634.09,0
11341,4251,54,2,784.48,5
11342,4252,71,1,883.45,20
11343,4252,66,1,2194.97,10
11344,4252,17,1,3360.58,5
11345,4252,19,3,3416.16,0
11346,4253,14,2,3098.08,20
11347,4254,67,2,2498.42,0
11348,4254,82,1,935.69,5
11349,4254,89,1,836.24,0
11350,4254,61,4,1903.97,0
11351,4254,33,1,797.09,15
11352,4255,1,2,3377.42,15
11353,4256,51,2,2489.33,5
11354,4256,11,1,4132.08,5
11355,4256,99,3,745.11,5
11356,4257,14,1,3098.08,20
11357,4258,89,1,836.24,5
11358,4259,5,1,619.41,10
11359,4259,80,1,257.52,0
11360,4259,83,3,250.11,5
11361,4260,36,4,530.72,10
11362,4261,18,4,1442.78,5
11363,4261,43,2,64.61,0
11364,4261,6,3,2952.24,5
11365,4262,85,1,86.45,5
11366,4262,81,2,427.94,0
11367,4263,72,5,1230.62,10
11368,4263,63,4,2195.68,0
11369,4264,54,1,784.48,0
11370,4264,75,1,1492.83,10
11371,4265,37,2,390.29,5
11372,4265,51,1,2489.33,5
11373,4265,33,2,797.09,10
11374,4266,3,2,4514.81,0
11375,4266,74,5,952.76,0
11376,4267,1,3,3377.42,0
11377,4267,18,1,1442.78,0
11378,4267,16,1,1547.56,30
11379,4268,17,1,3360.58,5
11380,4268,21,1,4952.86,0
11381,4268,43,1,64.61,10
11382,4269,4,1,634.09,20
11383,4269,28,1,247.06,10
11384,4270,5,5,619.41,10
11385,4270,27,3,248.66,5
11386,4270,58,4,1556.29,10
11387,4271,56,1,455.89,10
11388,4271,87,2,276.22,5
11389,4271,28,3,247.06,10
11390,4271,16,2,1547.56,10
11391,4271,96,2,906.76,0
11392,4272,99,1,745.11,0
11393,4272,55,1,803.67,10
11394,4273,68,1,2338.01,5
11395,4273,86,3,996.16,20
11396,4274,27,2,248.66,0
11397,4274,34,1,695.58,0
11398,4275,95,2,639.72,0
11399,4275,53,1,1043.79,5
11400,4276,27,1,248.66,0
11401,4277,21,2,4952.86,30
11402,4277,85,3,86.45,0
11403,4278,55,2,803.67,10
11404,4278,1,3,3377.42,0
11405,4278,37,1,390.29,5
11406,4279,95,2,639.72,20
11407,4279,18,1,1442.78,10
11408,4279,77,5,170.07,20
11409,4279,19,2,3416.16,0
11410,4280,87,4,276.22,0
11411,4280,92,1,939.85,5
11412,4280,66,2,2194.97,20
11413,4281,14,3,3098.08,0
11414,4282,60,2,1248.31,0
11415,4282,22,1,3580.76,5
11416,4283,84,2,310.5,0
11417,4283,42,1,447.77,15
11418,4283,30,2,432.14,0
11419,4284,16,4,1547.56,30
11420,4284,10,1,935.22,5
11421,4285,92,1,939.85,0
11422,4285,36,1,530.72,0
11423,4285,24,1,1704.83,5
11424,4286,78,1,198.04,0
11425,4286,96,1,906.76,10
11426,4286,28,1,247.06,0
11427,4287,80,1,257.52,0
11428,4287,64,4,1286.95,20
11429,4288,85,1,86.45,5
11430,4288,81,4,427.94,5
11431,4288,94,1,610.76,0
11432,4288,86,3,996.16,0
11433,4289,23,1,1530.72,5
11434,4289,11,1,4132.08,20
11435,4290,91,1,819.85,0
11436,4290,56,1,455.89,5
11437,4290,54,1,784.48,0
11438,4290,90,4,987.42,30
11439,4290,60,1,1248.31,0
11440,4291,28,1,247.06,5
11441,4291,19,3,3416.16,0
11442,4291,56,1,455.89,0
11443,4291,75,2,1492.83,0
11444,4291,6,1,2952.24,0
11445,4292,10,2,935.22,30
11446,4292,52,1,1438.67,15
11447,4293,33,1,797.09,0
11448,4293,70,5,429.0,5
11449,4293,77,1,170.07,10
11450,4294,19,3,3416.16,0
11451,4295,48,2,462.35,5
11452,4295,40,3,529.21,30
11453,4296,63,2,2195.68,10
11454,4296,32,2,366.62,5
11455,4297,37,2,390.29,0
11456,4297,36,1,530.72,0
11457,4298,94,3,610.76,0
11458,4298,55,1,803.67,5
11459,4298,41,1,621.88,30
11460,4298,88,2,881.08,0
11461,4298,92,3,939.85,0
11462,4299,4,5,634.09,10
11463,4299,54,2,784.48,20
11464,4299,70,1,429.0,15
11465,4300,43,2,64.61,0
11466,4301,12,1,4879.02,0
11467,4301,46,3,414.49,5
11468,4302,15,4,1525.54,0
11469,4302,63,1,2195.68,0
11470,4303,79,1,246.68,0
11471,4303,75,2,1492.83,20
11472,4303,11,3,4132.08,10
11473,4304,83,4,250.11,0
11474,4305,78,1,198.04,5
11475,4305,79,2,246.68,10
11476,4305,67,4,2498.42,0
11477,4305,50,1,597.45,0
11478,4306,43,1,64.61,0
11479,4306,2,4,1504.45,0
11480,4306,25,2,4443.65,0
11481,4306,81,4,427.94,0
11482,4306,13,3,4232.32,0
11483,4307,26,3,346.72,0
11484,4307,64,2,1286.95,0
11485,4307,54,1,784.48,0
11486,4307,83,1,250.11,0
11487,4307,76,2,590.41,10
11488,4308,29,1,349.55,5
11489,4308,75,1,1492.83,5
11490,4309,36,2,530.72,0
11491,4309,37,2,390.29,0
11492,4310,40,2,529.21,10
11493,4310,21,1,4952.86,5
11494,4310,25,1,4443.65,0
11495,4310,20,1,3781.07,5
11496,4310,71,1,883.45,0
11497,4311,93,1,120.43,5
11498,4311,92,1,939.85,0
11499,4311,16,1,1547.56,5
11500,4311,95,1,639.72,0
11501,4312,48,1,462.35,0
11502,4312,86,2,996.16,0
11503,4312,38,1,247.54,10
11504,4312,12,2,4879.02,5
11505,4313,33,3,797.09,0
11506,4314,93,2,120.43,0
11507,4314,18,1,1442.78,0
11508,4314,33,1,797.09,0
11509,4314,74,1,952.76,5
11510,4315,41,1,621.88,15
11511,4315,87,1,276.22,0
11512,4316,83,2,250.11,0
11513,4316,81,1,427.94,15
11514,4316,92,2,939.85,20
11515,4317,64,2,1286.95,5
11516,4317,46,1,414.49,0
11517,4317,4,1,634.09,10
11518,4317,20,1,3781.07,0
11519,4318,58,1,1556.29,0
11520,4318,86,1,996.16,5
11521,4319,27,1,248.66,15
11522,4319,91,2,819.85,0
11523,4320,37,1,390.29,10
11524,4321,79,1,246.68,10
11525,4321,9,3,4807.46,0
11526,4322,44,1,673.75,5
11527,4322,7,1,4142.44,20
11528,4322,24,3,1704.83,10
11529,4323,20,1,3781.07,30
11530,4323,33,1,797.09,5
11531,4324,57,1,771.32,20
11532,4325,21,1,4952.86,20
11533,4325,100,3,24.52,0
11534,4326,37,1,390.29,0
11535,4326,70,1,429.0,15
11536,4326,82,3,935.69,5
11537,4326,36,1,530.72,10
11538,4327,6,2,2952.24,10
11539,4327,46,3,414.49,0
11540,4327,60,2,1248.31,5
11541,4328,90,1,987.42,10
11542,4328,21,3,4952.86,20
11543,4328,26,1,346.72,0
11544,4329,32,2,366.62,30
11545,4329,20,3,3781.07,0
11546,4329,7,1,4142.44,0
11547,4329,11,2,4132.08,0
11548,4330,9,3,4807.46,0
11549,4330,29,2,349.55,0
11550,4330,84,3,310.5,0
11551,4331,2,3,1504.45,5
11552,4331,88,1,881.08,20
11553,4331,7,5,4142.44,15
11554,4332,84,1,310.5,10
11555,4332,29,1,349.55,5
11556,4333,29,2,349.55,5
11557,4334,54,1,784.48,0
11558,4335,100,1,24.52,5
11559,4335,4,2,634.09,0
11560,4336,2,2,1504.45,10
11561,4336,18,1,1442.78,0
11562,4336,29,1,349.55,0
11563,4337,23,1,1530.72,10
11564,4337,17,4,3360.58,0
11565,4337,74,2,952.76,0
11566,4337,53,1,1043.79,0
11567,4337,46,2,414.49,10
11568,4338,52,1,1438.67,0
11569,4338,7,2,4142.44,10
11570,4338,49,1,367.35,0
11571,4338,24,1,1704.83,0
11572,4339,60,3,1248.31,0
11573,4339,10,1,935.22,0
11574,4339,4,4,634.09,0
11575,4339,75,1,1492.83,0
11576,4340,48,4,462.35,0
11577,4340,56,2,455.89,0
11578,4341,46,1,414.49,0
11579,4341,70,4,429.0,20
11580,4341,84,1,310.5,20
11581,4342,70,1,429.0,0
11582,4343,79,3,246.68,20
11583,4343,100,3,24.52,0
11584,4344,67,1,2498.42,0
11585,4344,79,2,246.68,5
11586,4344,93,2,120.43,0
11587,4345,61,1,1903.97,0
11588,4346,90,3,987.42,0
11589,4346,20,1,3781.07,5
11590,4346,25,4,4443.65,5
11591,4346,33,1,797.09,15
11592,4347,92,3,939.85,20
11593,4347,54,1,784.48,0
11594,4347,24,2,1704.83,0
11595,4348,60,1,1248.31,0
11596,4348,85,3,86.45,0
11597,4349,83,1,250.11,0
11598,4349,47,5,624.38,15
11599,4349,87,4,276.22,0
11600,4350,73,1,1522.69,20
11601,4351,27,1,248.66,0
11602,4351,26,2,346.72,5
11603,4352,20,1,3781.07,0
11604,4352,63,2,2195.68,0
11605,4352,96,2,906.76,15
11606,4353,99,2,745.11,0
11607,4353,6,1,2952.24,0
11608,4353,53,1,1043.79,0
11609,4353,90,1,987.42,0
11610,4354,40,2,529.21,0
11611,4354,73,3,1522.69,0
11612,4354,18,3,1442.78,0
11613,4355,43,2,64.61,15
11614,4355,90,1,987.42,15
11615,4355,13,1,4232.32,5
11616,4356,38,2,247.54,10
11617,4356,53,3,1043.79,5
11618,4356,90,2,987.42,0
11619,4357,36,2,530.72,0
11620,4357,41,1,621.88,0
11621,4357,32,2,366.62,0
11622,4357,16,1,1547.56,5
11623,4358,36,1,530.72,0
11624,4358,31,1,132.24,10
11625,4359,35,1,561.28,0
11626,4359,98,4,774.55,0
11627,4359,28,3,247.06,0
11628,4360,58,1,1556.29,15
11629,4361,21,1,4952.86,20
11630,4361,62,2,516.52,0
11631,4362,84,2,310.5,0
11632,4363,60,2,1248.31,15
11633,4363,41,1,621.88,0
11634,4364,47,1,624.38,5
11635,4364,16,1,1547.56,0
11636,4364,6,1,2952.24,5
11637,4364,90,2,987.42,5
11638,4364,72,3,1230.62,0
11639,4365,60,1,1248.31,15
11640,4365,79,2,246.68,0
11641,4365,62,1,516.52,0
11642,4366,71,1,883.45,0
11643,4366,80,1,257.52,10
11644,4366,20,1,3781.07,5
11645,4366,56,1,455.89,15
11646,4366,38,1,247.54,0
11647,4367,94,1,610.76,10
11648,4368,28,2,247.06,0
11649,4368,74,1,952.76,20
11650,4369,40,2,529.21,0
11651,4369,49,1,367.35,5
11652,4369,18,1,1442.78,0
11653,4370,100,4,24.52,5
11654,4370,97,5,432.22,5
11655,4370,39,1,734.47,15
11656,4371,92,2,939.85,10
11657,4371,55,2,803.67,0
11658,4371,70,2,429.0,5
11659,4372,57,2,771.32,15
11660,4372,90,5,987.42,0
11661,4372,51,3,2489.33,0
11662,4373,88,1,881.08,0
11663,4373,12,3,4879.02,20
11664,4373,100,1,24.52,10
11665,4373,68,3,2338.01,0
11666,4373,54,1,784.48,0
11667,4374,22,3,3580.76,0
11668,4374,30,1,432.14,20
11669,4374,89,3,836.24,0
11670,4375,98,1,774.55,0
11671,4376,1,1,3377.42,0
11672,4376,4,1,634.09,0
11673,4376,80,1,257.52,5
11674,4376,5,4,619.41,0
11675,4376,30,2,432.14,0
11676,4377,8,1,3641.63,0
11677,4377,4,2,634.09,5
11678,4378,44,1,673.75,0
11679,4378,49,4,367.35,0
11680,4379,48,1,462.35,10
11681,4379,77,1,170.07,5
11682,4379,60,3,1248.31,20
11683,4379,90,2,987.42,5
11684,4380,46,2,414.49,5
11685,4380,12,1,4879.02,15
11686,4380,48,2,462.35,10
11687,4381,84,2,310.5,5
11688,4382,97,4,432.22,0
11689,4382,65,1,849.57,0
11690,4383,45,1,708.51,0
11691,4383,57,1,771.32,5
11692,4383,25,2,4443.65,5
11693,4383,14,2,3098.08,0
11694,4383,30,5,432.14,10
11695,4384,71,2,883.45,5
11696,4384,90,4,987.42,5
11697,4384,58,1,1556.29,5
11698,4385,44,1,673.75,0
11699,4385,18,1,1442.78,0
11700,4385,76,1,590.41,10
11701,4385,12,2,4879.02,10
11702,4385,94,1,610.76,5
11703,4386,92,3,939.85,10
11704,4386,70,2,429.0,0
11705,4386,96,2,906.76,0
11706,4387,67,1,2498.42,0
11707,4388,51,1,2489.33,5
11708,4388,33,1,797.09,0
11709,4389,97,2,432.22,0
11710,4389,2,2,1504.45,0
11711,4389,87,3,276.22,0
11712,4390,11,1,4132.08,10
11713,4390,22,2,3580.76,0
11714,4390,37,1,390.29,20
11715,4391,92,1,939.85,0
11716,4391,35,1,561.28,15
11717,4391,66,2,2194.97,30
11718,4392,42,2,447.77,0
11719,4392,11,1,4132.08,0
11720,4393,17,2,3360.58,0
11721,4393,36,3,530.72,30
11722,4393,67,1,2498.42,0
11723,4393,30,5,432.14,10
11724,4393,39,1,734.47,0
11725,4394,14,2,3098.08,10
11726,4394,29,2,349.55,20
11727,4395,34,3,695.58,5
11728,4395,54,2,784.48,0
11729,4395,68,3,2338.01,0
11730,4395,37,2,390.29,10
11731,4395,67,1,2498.42,15
11732,4396,80,2,257.52,0
11733,4396,65,1,849.57,10
11734,4396,83,3,250.11,10
11735,4396,22,3,3580.76,15
11736,4396,41,1,621.88,0
11737,4397,60,2,1248.31,30
11738,4397,90,1,987.42,0
11739,4397,13,3,4232.32,10
11740,4398,19,3,3416.16,0
11741,4398,67,2,2498.42,15
11742,4398,24,2,1704.83,10
11743,4399,75,2,1492.83,10
11744,4399,84,2,310.5,15
11745,4399,87,1,276.22,0
11746,4400,43,1,64.61,0
11747,4401,73,2,1522.69,0
11748,4401,75,1,1492.83,0
11749,4401,62,2,516.52,20
11750,4402,38,1,247.54,20
11751,4402,35,2,561.28,0
11752,4402,59,2,2076.49,10
11753,4403,42,2,447.77,0
11754,4403,1,1,3377.42,5
11755,4403,75,2,1492.83,0
11756,4404,34,3,695.58,15
11757,4404,16,3,1547.56,30
11758,4404,41,3,621.88,20
11759,4404,14,1,3098.08,5
11760,4405,24,4,1704.83,0
11761,4405,59,4,2076.49,0
11762,4405,1,1,3377.42,20
11763,4405,77,2,170.07,5
11764,4406,76,1,590.41,0
11765,4406,48,3,462.35,5
11766,4406,44,1,673.75,0
11767,4407,69,2,1368.41,0
11768,4407,25,1,4443.65,10
11769,4407,19,1,3416.16,0
11770,4407,30,1,432.14,0
11771,4408,32,3,366.62,0
11772,4409,25,1,4443.65,0
11773,4409,19,1,3416.16,20
11774,4410,45,3,708.51,5
11775,4410,54,1,784.48,20
11776,4410,65,1,849.57,15
11777,4410,66,1,2194.97,0
11778,4411,63,2,2195.68,0
11779,4411,75,3,1492.83,10
11780,4411,67,1,2498.42,5
11781,4412,2,1,1504.45,0
11782,4412,67,3,2498.42,5
11783,4413,67,4,2498.42,20
11784,4413,54,2,784.48,20
11785,4413,18,1,1442.78,30
11786,4414,99,1,745.11,0
11787,4414,75,1,1492.83,30
11788,4414,98,3,774.55,15
11789,4414,90,2,987.42,0
11790,4415,81,1,427.94,0
11791,4416,58,2,1556.29,15
11792,4416,39,2,734.47,5
11793,4417,37,1,390.29,10
11794,4417,59,5,2076.49,0
11795,4417,14,3,3098.08,5
11796,4418,35,1,561.28,0
11797,4418,99,1,745.11,15
11798,4419,92,1,939.85,20
11799,4419,99,1,745.11,20
11800,4420,50,2,597.45,0
11801,4420,64,1,1286.95,0
11802,4420,10,1,935.22,0
11803,4421,49,1,367.35,5
11804,4421,2,2,1504.45,0
11805,4421,39,1,734.47,0
11806,4421,99,5,745.11,0
11807,4421,50,1,597.45,15
11808,4422,4,2,634.09,10
11809,4422,11,1,4132.08,0
11810,4423,70,2,429.0,20
11811,4423,81,1,427.94,5
11812,4424,89,3,836.24,0
11813,4424,73,1,1522.69,30
11814,4424,78,1,198.04,0
11815,4424,11,3,4132.08,10
11816,4425,14,1,3098.08,0
11817,4425,11,2,4132.08,10
11818,4425,70,3,429.0,0
11819,4425,41,1,621.88,0
11820,4426,67,1,2498.42,5
11821,4426,59,1,2076.49,0
11822,4426,33,2,797.09,0
11823,4427,92,1,939.85,5
11824,4427,15,1,1525.54,30
11825,4427,10,4,935.22,5
11826,4427,74,1,952.76,15
11827,4428,74,3,952.76,0
11828,4429,71,1,883.45,10
11829,4429,54,4,784.48,0
11830,4429,75,3,1492.83,5
11831,4430,94,3,610.76,5
11832,4431,99,1,745.11,10
11833,4431,17,1,3360.58,10
11834,4431,9,1,4807.46,15
11835,4432,49,1,367.35,0
11836,4432,44,1,673.75,0
11837,4433,42,1,447.77,0
11838,4433,71,3,883.45,0
11839,4433,20,1,3781.07,0
11840,4434,90,1,987.42,5
11841,4435,80,3,257.52,0
11842,4435,71,4,883.45,30
11843,4435,65,1,849.57,20
11844,4435,91,2,819.85,0
11845,4435,92,1,939.85,0
11846,4436,46,1,414.49,5
11847,4436,57,2,771.32,0
11848,4437,67,2,2498.42,0
11849,4437,27,2,248.66,15
11850,4438,77,3,170.07,15
11851,4439,21,4,4952.86,0
11852,4439,11,5,4132.08,0
11853,4440,1,1,3377.42,0
11854,4440,61,1,1903.97,5
11855,4440,36,1,530.72,20
11856,4440,65,2,849.57,15
11857,4440,60,1,1248.31,20
11858,4441,85,1,86.45,0
11859,4442,39,1,734.47,5
11860,4442,51,1,2489.33,0
11861,4442,53,3,1043.79,5
11862,4442,57,1,771.32,20
11863,4443,90,2,987.42,15
11864,4443,66,3,2194.97,15
11865,4443,79,1,246.68,15
11866,4443,60,1,1248.31,0
11867,4444,34,2,695.58,0
11868,4444,67,1,2498.42,15
11869,4445,58,3,1556.29,10
11870,4445,27,1,248.66,0
11871,4445,4,3,634.09,0
11872,4445,33,1,797.09,0
11873,4446,63,4,2195.68,20
11874,4446,50,2,597.45,0
11875,4446,10,1,935.22,0
11876,4446,92,4,939.85,15
11877,4447,92,1,939.85,15
11878,4447,72,3,1230.62,5
11879,4447,66,4,2194.97,0
11880,4448,53,2,1043.79,0
11881,4448,31,1,132.24,0
11882,4448,35,4,561.28,15
11883,4448,23,1,1530.72,0
11884,4449,49,1,367.35,0
11885,4449,42,1,447.77,5
11886,4449,46,1,414.49,0
11887,4450,55,3,803.67,10
11888,4450,81,1,427.94,10
11889,4450,64,3,1286.95,0
11890,4450,91,3,819.85,5
11891,4451,50,1,597.45,15
11892,4451,49,3,367.35,0
11893,4451,72,1,1230.62,0
11894,4452,98,3,774.55,30
11895,4452,54,4,784.48,0
11896,4453,18,1,1442.78,0
11897,4453,48,3,462.35,5
11898,4453,17,4,3360.58,0
11899,4454,55,2,803.67,15
11900,4454,80,2,257.52,15
11901,4454,57,1,771.32,15
11902,4454,59,1,2076.49,0
11903,4455,23,1,1530.72,10
11904,4455,62,4,516.52,10
11905,4455,31,2,132.24,5
11906,4456,60,2,1248.31,5
11907,4456,11,3,4132.08,0
11908,4456,4,2,634.09,0
11909,4457,18,3,1442.78,5
11910,4458,68,2,2338.01,5
11911,4458,75,3,1492.83,5
11912,4458,46,1,414.49,0
11913,4459,57,3,771.32,0
11914,4460,54,1,784.48,20
11915,4460,95,1,639.72,20
11916,4460,59,3,2076.49,10
11917,4460,12,1,4879.02,15
11918,4461,66,1,2194.97,10
11919,4461,33,1,797.09,10
11920,4461,48,2,462.35,0
11921,4461,91,3,819.85,0
11922,4462,70,2,429.0,30
11923,4462,84,1,310.5,10
11924,4462,78,2,198.04,0
11925,4463,53,1,1043.79,5
11926,4463,17,1,3360.58,0
11927,4464,50,1,597.45,5
11928,4464,84,3,310.5,0
11929,4465,21,1,4952.86,0
11930,4465,8,1,3641.63,0
11931,4465,27,1,248.66,5
11932,4466,68,1,2338.01,5
11933,4467,97,1,432.22,5
11934,4467,32,1,366.62,0
11935,4467,72,1,1230.62,0
11936,4468,82,2,935.69,0
11937,4469,69,4,1368.41,0
11938,4469,12,1,4879.02,20
11939,4469,46,2,414.49,10
11940,4469,78,2,198.04,0
11941,4470,90,1,987.42,10
11942,4470,37,2,390.29,10
11943,4470,44,2,673.75,5
11944,4470,11,3,4132.08,5
11945,4470,87,3,276.22,0
11946,4471,42,1,447.77,5
11947,4471,78,1,198.04,20
11948,4471,86,3,996.16,5
11949,4471,66,1,2194.97,5
11950,4471,58,1,1556.29,5
11951,4472,28,2,247.06,20
11952,4473,50,2,597.45,5
11953,4473,68,3,2338.01,0
11954,4474,40,2,529.21,0
11955,4474,89,2,836.24,0
11956,4475,47,5,624.38,10
11957,4475,54,2,784.48,5
11958,4475,31,4,132.24,15
11959,4476,10,4,935.22,0
11960,4476,25,1,4443.65,0
11961,4476,82,1,935.69,0
11962,4477,99,3,745.11,0
11963,4477,59,1,2076.49,0
11964,4477,58,1,1556.29,5
11965,4478,66,2,2194.97,15
11966,4478,34,3,695.58,0
11967,4479,92,1,939.85,0
11968,4479,17,2,3360.58,10
11969,4480,66,1,2194.97,0
11970,4480,29,1,349.55,0
11971,4481,12,1,4879.02,0
11972,4482,29,4,349.55,5
11973,4482,11,1,4132.08,0
11974,4482,21,3,4952.86,0
11975,4482,76,2,590.41,10
11976,4483,39,1,734.47,0
11977,4483,20,1,3781.07,0
11978,4483,66,1,2194.97,0
11979,4484,19,1,3416.16,0
11980,4484,82,2,935.69,15
11981,4485,25,2,4443.65,10
11982,4485,98,1,774.55,10
11983,4486,70,1,429.0,0
11984,4486,20,3,3781.07,0
11985,4486,57,1,771.32,20
11986,4487,13,3,4232.32,20
11987,4487,4,1,634.09,5
11988,4487,66,2,2194.97,0
11989,4487,95,4,639.72,5
11990,4488,14,3,3098.08,0
11991,4488,44,1,673.75,10
11992,4489,66,2,2194.97,0
11993,4490,17,1,3360.58,5
11994,4490,9,1,4807.46,15
11995,4490,19,4,3416.16,10
11996,4490,85,2,86.45,0
11997,4490,37,1,390.29,0
11998,4491,54,2,784.48,10
11999,4491,100,2,24.52,30
12000,4491,90,2,987.42,5
12001,4491,71,2,883.45,0
12002,4491,1,4,3377.42,5
12003,4492,46,5,414.49,15
12004,4492,28,2,247.06,0
12005,4493,89,1,836.24,0
12006,4493,64,1,1286.95,0
12007,4493,28,3,247.06,0
12008,4493,56,1,455.89,0
12009,4494,96,1,906.76,20
12010,4494,11,4,4132.08,0
12011,4494,4,1,634.09,0
12012,4495,81,3,427.94,10
12013,4495,26,1,346.72,0
12014,4495,24,3,1704.83,0
12015,4495,94,2,610.76,10
12016,4495,68,1,2338.01,10
12017,4496,68,2,2338.01,10
12018,4496,18,3,1442.78,5
12019,4497,62,1,516.52,20
12020,4497,79,3,246.68,5
12021,4497,50,2,597.45,0
12022,4497,92,1,939.85,10
12023,4498,26,3,346.72,0
12024,4498,46,1,414.49,10
12025,4498,19,2,3416.16,0
12026,4498,91,1,819.85,10
12027,4498,39,2,734.47,0
12028,4499,67,3,2498.42,15
12029,4500,13,1,4232.32,0
12030,4500,45,2,708.51,0
12031,4501,19,1,3416.16,30
12032,4501,77,1,170.07,5
12033,4501,99,2,745.11,5
12034,4502,75,3,1492.83,0
12035,4502,20,2,3781.07,0
12036,4503,31,1,132.24,0
12037,4503,88,1,881.08,0
12038,4503,18,2,1442.78,0
12039,4504,100,1,24.52,0
12040,4504,29,2,349.55,0
12041,4504,83,3,250.11,30
12042,4505,12,1,4879.02,0
12043,4506,80,2,257.52,0
12044,4507,34,3,695.58,0
12045,4507,59,1,2076.49,5
12046,4507,39,1,734.47,20
12047,4508,66,2,2194.97,0
12048,4508,31,2,132.24,5
12049,4508,45,1,708.51,15
12050,4508,96,2,906.76,5
12051,4509,23,1,1530.72,10
12052,4509,29,1,349.55,0
12053,4509,38,3,247.54,0
12054,4510,64,3,1286.95,15
12055,4510,19,5,3416.16,5
12056,4510,85,1,86.45,0
12057,4510,31,3,132.24,5
12058,4511,31,3,132.24,0
12059,4511,63,1,2195.68,15
12060,4512,56,1,455.89,10
12061,4513,5,4,619.41,30
12062,4513,20,3,3781.07,0
12063,4514,30,1,432.14,5
12064,4514,76,1,590.41,0
12065,4515,39,1,734.47,0
12066,4515,89,1,836.24,5
12067,4515,53,1,1043.79,0
12068,4516,29,1,349.55,15
12069,4517,38,2,247.54,30
12070,4517,97,1,432.22,0
12071,4518,61,1,1903.97,0
12072,4518,83,4,250.11,5
12073,4518,93,2,120.43,5
12074,4519,97,2,432.22,20
12075,4519,7,2,4142.44,0
12076,4520,54,2,784.48,0
12077,4520,27,2,248.66,10
12078,4521,85,2,86.45,10
12079,4521,10,2,935.22,0
12080,4521,60,1,1248.31,0
12081,4521,74,1,952.76,5
12082,4521,45,1,708.51,0
12083,4522,12,1,4879.02,0
12084,4522,62,4,516.52,5
12085,4522,76,1,590.41,0
12086,4522,37,1,390.29,15
12087,4522,52,3,1438.67,5
12088,4523,33,1,797.09,5
12089,4524,95,1,639.72,0
12090,4524,98,2,774.55,5
12091,4525,78,1,198.04,0
12092,4525,80,1,257.52,15
12093,4526,97,5,432.22,20
12094,4526,95,3,639.72,5
12095,4527,67,4,2498.42,0
12096,4528,57,1,771.32,15
12097,4528,75,1,1492.83,10
12098,4528,55,3,803.67,0
12099,4528,32,1,366.62,15
12100,4529,22,2,3580.76,0
12101,4529,79,3,246.68,20
12102,4529,64,1,1286.95,0
12103,4530,79,3,246.68,10
12104,4531,87,3,276.22,30
12105,4531,75,2,1492.83,10
12106,4531,70,1,429.0,5
12107,4531,77,2,170.07,0
12108,4532,7,1,4142.44,10
12109,4532,27,2,248.66,0
12110,4532,60,3,1248.31,0
12111,4533,76,1,590.41,0
12112,4533,1,3,3377.42,0
12113,4534,38,1,247.54,10
12114,4534,42,2,447.77,0
12115,4535,54,1,784.48,5
12116,4535,18,1,1442.78,10
12117,4536,14,1,3098.08,5
12118,4536,67,1,2498.42,20
12119,4536,83,2,250.11,0
12120,4536,50,4,597.45,30
12121,4536,33,1,797.09,15
12122,4537,56,1,455.89,0
12123,4537,74,1,952.76,20
12124,4537,96,1,906.76,0
12125,4538,28,2,247.06,10
12126,4538,7,5,4142.44,5
12127,4539,50,4,597.45,5
12128,4539,45,1,708.51,0
12129,4540,65,2,849.57,0
12130,4540,19,2,3416.16,15
12131,4540,26,2,346.72,5
12132,4541,65,2,849.57,20
12133,4541,20,2,3781.07,0
12134,4542,26,2,346.72,0
12135,4542,62,3,516.52,30
12136,4542,32,2,366.62,5
12137,4543,88,3,881.08,0
12138,4543,87,1,276.22,0
12139,4544,60,1,1248.31,0
12140,4544,17,2,3360.58,0
12141,4545,53,1,1043.79,5
12142,4545,74,3,952.76,0
12143,4545,30,1,432.14,20
12144,4545,29,2,349.55,5
12145,4546,70,1,429.0,10
12146,4546,88,1,881.08,0
12147,4547,22,2,3580.76,0
12148,4547,21,1,4952.86,15
12149,4547,75,2,1492.83,10
12150,4547,42,1,447.77,0
12151,4548,78,1,198.04,15
12152,4548,92,5,939.85,0
12153,4549,37,1,390.29,5
12154,4549,80,3,257.52,15
12155,4550,13,1,4232.32,0
12156,4551,24,1,1704.83,5
12157,4551,96,1,906.76,0
12158,4551,4,2,634.09,5
12159,4552,49,1,367.35,5
12160,4552,96,1,906.76,15
12161,4553,10,1,935.22,0
12162,4553,91,1,819.85,0
12163,4554,79,3,246.68,0
12164,4554,81,1,427.94,0
12165,4555,52,1,1438.67,20
12166,4555,98,2,774.55,5
12167,4555,89,1,836.24,10
12168,4555,15,2,1525.54,30
12169,4555,13,1,4232.32,15
12170,4556,25,1,4443.65,5
12171,4556,73,1,1522.69,0
12172,4556,44,1,673.75,5
12173,4556,20,2,3781.07,15
12174,4557,68,3,2338.01,0
12175,4557,30,1,432.14,0
12176,4558,85,1,86.45,10
12177,4558,27,2,248.66,20
12178,4559,56,1,455.89,10
12179,4560,56,2,455.89,20
12180,4560,75,1,1492.83,5
12181,4561,21,1,4952.86,0
12182,4561,31,1,132.24,0
12183,4561,98,2,774.55,0
12184,4562,72,1,1230.62,0
12185,4562,78,1,198.04,0
12186,4563,85,5,86.45,0
12187,4563,67,2,2498.42,0
12188,4563,73,3,1522.69,10
12189,4564,37,2,390.29,20
12190,4564,55,1,803.67,5
12191,4564,16,2,1547.56,5
12192,4564,57,2,771.32,5
12193,4564,45,1,708.51,10
12194,4565,70,2,429.0,5
12195,4565,16,3,1547.56,0
12196,4565,67,4,2498.42,0
12197,4566,65,1,849.57,10
12198,4566,91,1,819.85,0
12199,4566,11,1,4132.08,0
12200,4566,40,2,529.21,5
12201,4566,55,4,803.67,5
12202,4567,50,1,597.45,5
12203,4568,99,2,745.11,10
12204,4568,13,1,4232.32,0
12205,4568,12,1,4879.02,0
12206,4569,49,2,367.35,0
12207,4569,52,2,1438.67,15
12208,4569,84,1,310.5,15
12209,4569,44,1,673.75,0
12210,4570,31,1,132.24,15
12211,4570,97,1,432.22,20
12212,4570,92,1,939.85,5
12213,4570,18,2,1442.78,20
12214,4571,33,2,797.09,5
12215,4571,89,2,836.24,15
12216,4571,76,1,590.41,5
12217,4571,46,1,414.49,0
12218,4571,22,2,3580.76,20
12219,4572,61,1,1903.97,10
12220,4572,100,2,24.52,0
12221,4572,45,3,708.51,20
12222,4572,16,2,1547.56,20
12223,4573,24,2,1704.83,5
12224,4574,37,2,390.29,20
12225,4574,51,1,2489.33,0
12226,4574,96,3,906.76,0
12227,4575,82,1,935.69,5
12228,4575,41,1,621.88,5
12229,4575,37,4,390.29,5
12230,4576,30,3,432.14,10
12231,4577,30,4,432.14,0
12232,4577,41,2,621.88,0
12233,4577,55,4,803.67,0
12234,4578,51,1,2489.33,0
12235,4578,42,1,447.77,5
12236,4579,27,3,248.66,0
12237,4579,60,2,1248.31,0
12238,4579,14,1,3098.08,5
12239,4579,90,1,987.42,0
12240,4580,50,2,597.45,10
12241,4580,6,2,2952.24,0
12242,4581,22,1,3580.76,0
12243,4581,57,3,771.32,5
12244,4581,18,2,1442.78,5
12245,4581,51,1,2489.33,5
12246,4582,23,2,1530.72,5
12247,4583,44,1,673.75,10
12248,4583,97,1,432.22,10
12249,4583,12,1,4879.02,0
12250,4583,88,1,881.08,0
12251,4583,11,3,4132.08,10
12252,4584,23,1,1530.72,15
12253,4585,27,1,248.66,5
12254,4585,14,4,3098.08,0
12255,4586,90,1,987.42,5
12256,4586,43,1,64.61,0
12257,4586,53,2,1043.79,0
12258,4587,84,1,310.5,10
12259,4587,46,1,414.49,0
12260,4588,63,1,2195.68,0
12261,4588,90,2,987.42,10
12262,4588,70,2,429.0,15
12263,4589,53,1,1043.79,5
12264,4589,76,3,590.41,0
12265,4589,77,4,170.07,5
12266,4590,63,3,2195.68,0
12267,4590,34,1,695.58,10
12268,4591,82,1,935.69,0
12269,4591,37,2,390.29,15
12270,4592,93,1,120.43,5
12271,4593,11,1,4132.08,5
12272,4594,16,1,1547.56,10
12273,4594,6,1,2952.24,30
12274,4594,43,1,64.61,0
12275,4595,61,1,1903.97,20
12276,4595,3,1,4514.81,0
12277,4596,18,1,1442.78,0
12278,4596,97,1,432.22,5
12279,4597,94,3,610.76,0
12280,4597,35,1,561.28,5
12281,4597,1,1,3377.42,5
12282,4597,38,5,247.54,20
12283,4598,34,3,695.58,0
12284,4598,9,1,4807.46,15
12285,4598,85,3,86.45,10
12286,4599,8,5,3641.63,0
12287,4599,94,1,610.76,0
12288,4599,4,3,634.09,15
12289,4600,46,1,414.49,10
12290,4600,92,1,939.85,20
12291,4600,97,4,432.22,0
12292,4600,77,3,170.07,5
12293,4600,50,1,597.45,15
12294,4601,31,2,132.24,0
12295,4602,77,1,170.07,0
12296,4602,53,1,1043.79,0
12297,4603,36,2,530.72,5
12298,4603,73,1,1522.69,15
12299,4604,85,1,86.45,0
12300,4604,40,4,529.21,10
12301,4604,82,1,935.69,0
12302,4605,62,4,516.52,5
12303,4605,66,2,2194.97,0
12304,4606,48,1,462.35,15
12305,4606,62,2,516.52,30
12306,4606,11,1,4132.08,0
12307,4606,38,2,247.54,15
12308,4607,49,1,367.35,15
12309,4607,100,1,24.52,0
12310,4608,32,2,366.62,5
12311,4608,8,2,3641.63,5
12312,4609,99,2,745.11,0
12313,4609,49,3,367.35,20
12314,4609,8,3,3641.63,5
12315,4609,96,1,906.76,5
12316,4610,55,2,803.67,0
12317,4610,29,1,349.55,0
12318,4610,56,1,455.89,0
12319,4611,92,1,939.85,0
12320,4611,68,1,2338.01,0
12321,4612,32,1,366.62,5
12322,4612,10,1,935.22,0
12323,4612,52,1,1438.67,5
12324,4612,35,1,561.28,0
12325,4612,4,1,634.09,10
12326,4613,40,1,529.21,0
12327,4614,46,2,414.49,0
12328,4614,82,1,935.69,15
12329,4614,43,1,64.61,5
12330,4614,80,3,257.52,10
12331,4614,32,1,366.62,0
12332,4615,56,1,455.89,5
12333,4615,31,1,132.24,15
12334,4616,4,2,634.09,30
12335,4616,69,5,1368.41,0
12336,4617,42,1,447.77,15
12337,4617,23,2,1530.72,0
12338,4617,90,3,987.42,5
12339,4617,62,1,516.52,5
12340,4617,54,1,784.48,0
12341,4618,3,2,4514.81,10
12342,4618,34,3,695.58,0
12343,4619,77,1,170.07,0
12344,4619,88,1,881.08,0
12345,4620,36,4,530.72,0
12346,4620,60,4,1248.31,0
12347,4620,29,1,349.55,5
12348,4621,86,3,996.16,0
12349,4621,76,2,590.41,0
12350,4622,78,1,198.04,0
12351,4622,61,3,1903.97,0
12352,4623,64,2,1286.95,0
12353,4623,65,1,849.57,20
12354,4623,21,1,4952.86,10
12355,4623,36,1,530.72,0
12356,4623,66,1,2194.97,10
12357,4624,53,2,1043.79,5
12358,4624,81,1,427.94,10
12359,4624,83,3,250.11,5
12360,4625,41,2,621.88,0
12361,4625,70,1,429.0,0
12362,4626,43,1,64.61,0
12363,4627,34,2,695.58,20
12364,4627,79,2,246.68,0
12365,4628,81,2,427.94,15
12366,4628,74,1,952.76,0
12367,4628,13,1,4232.32,15
12368,4629,87,2,276.22,5
12369,4629,66,1,2194.97,5
12370,4630,35,1,561.28,10
12371,4630,32,2,366.62,15
12372,4630,38,1,247.54,0
12373,4631,39,1,734.47,20
12374,4631,62,1,516.52,0
12375,4632,61,1,1903.97,10
12376,4633,42,2,447.77,15
12377,4633,16,3,1547.56,10
12378,4633,75,2,1492.83,0
12379,4633,69,3,1368.41,5
12380,4634,68,2,2338.01,20
12381,4634,73,3,1522.69,5
12382,4634,64,3,1286.95,20
12383,4635,10,2,935.22,5
12384,4635,93,1,120.43,15
12385,4635,52,2,1438.67,0
12386,4636,51,2,2489.33,0
12387,4636,22,1,3580.76,0
12388,4636,76,1,590.41,10
12389,4636,57,1,771.32,0
12390,4637,83,3,250.11,10
12391,4637,32,2,366.62,0
12392,4637,98,1,774.55,0
12393,4637,2,1,1504.45,0
12394,4637,76,1,590.41,15
12395,4638,38,1,247.54,0
12396,4638,53,1,1043.79,0
12397,4638,63,1,2195.68,20
12398,4638,49,1,367.35,0
12399,4639,9,1,4807.46,0
12400,4639,40,2,529.21,5
12401,4639,35,1,561.28,15
12402,4639,93,1,120.43,5
12403,4639,21,1,4952.86,5
12404,4640,2,1,1504.45,30
12405,4641,27,2,248.66,0
12406,4641,89,3,836.24,0
12407,4641,67,1,2498.42,30
12408,4642,9,2,4807.46,0
12409,4643,26,2,346.72,0
12410,4644,93,1,120.43,0
12411,4644,75,5,1492.83,20
12412,4645,17,2,3360.58,5
12413,4645,2,2,1504.45,0
12414,4645,72,1,1230.62,0
12415,4646,74,1,952.76,0
12416,4646,22,1,3580.76,20
12417,4647,76,1,590.41,0
12418,4648,97,1,432.22,0
12419,4648,57,3,771.32,0
12420,4649,32,1,366.62,30
12421,4649,92,1,939.85,20
12422,4650,16,1,1547.56,10
12423,4651,74,1,952.76,15
12424,4651,89,1,836.24,0
12425,4651,19,1,3416.16,0
12426,4651,91,1,819.85,0
12427,4651,88,2,881.08,0
12428,4652,47,1,624.38,5
12429,4652,89,1,836.24,10
12430,4652,33,1,797.09,0
12431,4652,72,4,1230.62,0
12432,4653,64,2,1286.95,0
12433,4653,32,4,366.62,15
12434,4654,29,1,349.55,0
12435,4655,95,3,639.72,0
12436,4655,55,4,803.67,15
12437,4656,96,2,906.76,20
12438,4656,92,3,939.85,5
12439,4656,49,3,367.35,20
12440,4656,71,1,883.45,20
12441,4656,20,3,3781.07,20
12442,4657,73,4,1522.69,5
12443,4657,67,1,2498.42,0
12444,4658,41,2,621.88,5
12445,4658,36,1,530.72,10
12446,4658,63,1,2195.68,0
12447,4659,10,2,935.22,0
12448,4659,80,1,257.52,10
12449,4659,69,1,1368.41,30
12450,4659,92,2,939.85,20
12451,4659,14,3,3098.08,0
12452,4660,88,2,881.08,20
12453,4660,20,2,3781.07,5
12454,4660,26,3,346.72,0
12455,4661,32,1,366.62,15
12456,4661,71,1,883.45,5
12457,4661,51,2,2489.33,10
12458,4662,26,2,346.72,30
12459,4662,65,1,849.57,10
12460,4662,9,2,4807.46,5
12461,4662,20,4,3781.07,0
12462,4663,21,3,4952.86,0
12463,4663,47,4,624.38,0
12464,4663,77,2,170.07,10
12465,4663,85,1,86.45,10
12466,4663,49,4,367.35,15
12467,4664,26,3,346.72,10
12468,4664,21,2,4952.86,0
12469,4664,83,3,250.11,15
12470,4664,8,4,3641.63,0
12471,4664,55,1,803.67,0
12472,4665,19,1,3416.16,0
12473,4665,16,1,1547.56,10
12474,4666,29,2,349.55,15
12475,4666,92,3,939.85,0
12476,4667,62,5,516.52,20
12477,4668,43,1,64.61,0
12478,4669,83,1,250.11,0
12479,4669,76,3,590.41,5
12480,4669,35,1,561.28,0
12481,4669,9,3,4807.46,0
12482,4670,8,1,3641.63,0
12483,4670,15,1,1525.54,0
12484,4671,18,3,1442.78,10
12485,4671,22,1,3580.76,0
12486,4671,12,1,4879.02,0
12487,4671,34,1,695.58,15
12488,4672,80,1,257.52,0
12489,4672,94,1,610.76,15
12490,4672,42,3,447.77,5
12491,4672,37,3,390.29,0
12492,4673,98,1,774.55,30
12493,4673,43,1,64.61,5
12494,4673,84,2,310.5,0
12495,4673,41,2,621.88,0
12496,4673,10,1,935.22,0
12497,4674,54,1,784.48,5
12498,4675,23,2,1530.72,0
12499,4675,21,2,4952.86,0
12500,4676,16,1,1547.56,0
12501,4676,57,2,771.32,0
12502,4676,99,1,745.11,5
12503,4677,55,1,803.67,10
12504,4677,78,3,198.04,10
12505,4677,16,1,1547.56,5
12506,4678,81,1,427.94,0
12507,4679,31,1,132.24,0
12508,4680,35,1,561.28,0
12509,4680,74,3,952.76,5
12510,4680,12,1,4879.02,20
12511,4681,88,3,881.08,0
12512,4681,83,1,250.11,15
12513,4681,20,4,3781.07,0
12514,4681,36,2,530.72,0
12515,4681,81,1,427.94,10
12516,4682,29,4,349.55,0
12517,4682,86,4,996.16,10
12518,4682,26,1,346.72,5
12519,4682,35,2,561.28,0
12520,4683,47,1,624.38,0
12521,4683,88,2,881.08,10
12522,4684,94,1,610.76,5
12523,4684,75,1,1492.83,0
12524,4684,56,4,455.89,0
12525,4685,20,1,3781.07,15
12526,4686,45,4,708.51,15
12527,4686,27,2,248.66,0
12528,4687,47,1,624.38,15
12529,4687,29,3,349.55,20
12530,4688,43,2,64.61,15
12531,4688,71,2,883.45,5
12532,4689,62,3,516.52,5
12533,4689,81,2,427.94,10
12534,4690,34,1,695.58,0
12535,4690,97,1,432.22,5
12536,4691,27,3,248.66,0
12537,4691,36,1,530.72,10
12538,4691,85,1,86.45,0
12539,4691,58,4,1556.29,5
12540,4692,63,2,2195.68,30
12541,4692,55,2,803.67,10
12542,4692,3,3,4514.81,0
12543,4692,88,2,881.08,0
12544,4692,51,3,2489.33,5
12545,4693,5,1,619.41,15
12546,4693,3,1,4514.81,0
12547,4693,45,1,708.51,0
12548,4693,35,1,561.28,20
12549,4694,56,3,455.89,10
12550,4694,92,1,939.85,0
12551,4694,54,1,784.48,15
12552,4694,3,2,4514.81,5
12553,4695,26,1,346.72,10
12554,4696,89,2,836.24,0
12555,4696,59,1,2076.49,0
12556,4697,87,2,276.22,5
12557,4698,43,1,64.61,10
12558,4698,20,2,3781.07,5
12559,4698,74,2,952.76,0
12560,4699,91,1,819.85,0
12561,4700,37,1,390.29,10
12562,4700,8,1,3641.63,0
12563,4701,47,3,624.38,10
12564,4701,91,3,819.85,5
12565,4701,71,1,883.45,10
12566,4701,8,2,3641.63,10
12567,4701,66,1,2194.97,10
12568,4702,26,1,346.72,5
12569,4703,79,1,246.68,0
12570,4703,42,4,447.77,0
12571,4704,6,3,2952.24,5
12572,4705,32,1,366.62,10
12573,4705,26,1,346.72,5
12574,4705,94,3,610.76,0
12575,4706,67,1,2498.42,5
12576,4706,6,2,2952.24,0
12577,4706,2,1,1504.45,0
12578,4706,52,1,1438.67,5
12579,4707,69,1,1368.41,5
12580,4707,23,1,1530.72,10
12581,4708,44,1,673.75,0
12582,4708,82,2,935.69,0
12583,4709,94,5,610.76,5
12584,4709,12,2,4879.02,0
12585,4709,80,5,257.52,5
12586,4710,9,4,4807.46,10
12587,4710,82,1,935.69,5
12588,4710,83,3,250.11,5
12589,4710,14,2,3098.08,10
12590,4711,2,2,1504.45,0
12591,4711,36,1,530.72,0
12592,4711,21,1,4952.86,5
12593,4711,37,1,390.29,0
12594,4711,3,1,4514.81,5
12595,4712,11,2,4132.08,0
12596,4712,94,3,610.76,20
12597,4712,29,1,349.55,0
12598,4713,64,2,1286.95,0
12599,4713,26,1,346.72,10
12600,4713,3,3,4514.81,10
12601,4713,7,1,4142.44,5
12602,4714,60,1,1248.31,5
12603,4714,33,1,797.09,5
12604,4714,51,1,2489.33,30
12605,4714,32,2,366.62,0
12606,4715,43,2,64.61,20
12607,4715,35,1,561.28,5
12608,4715,29,2,349.55,5
12609,4716,96,5,906.76,0
12610,4716,54,4,784.48,0
12611,4716,27,2,248.66,10
12612,4716,35,1,561.28,15
12613,4716,42,3,447.77,5
12614,4717,5,1,619.41,20
12615,4717,63,4,2195.68,5
12616,4717,55,1,803.67,0
12617,4717,51,2,2489.33,5
12618,4718,81,1,427.94,0
12619,4719,58,4,1556.29,0
12620,4719,56,1,455.89,5
12621,4719,39,4,734.47,0
12622,4719,22,1,3580.76,20
12623,4720,69,4,1368.41,5
12624,4720,19,1,3416.16,10
12625,4720,61,4,1903.97,5
12626,4721,66,1,2194.97,0
12627,4722,67,2,2498.42,0
12628,4722,21,4,4952.86,20
12629,4722,7,2,4142.44,5
12630,4722,99,1,745.11,5
12631,4723,12,1,4879.02,0
12632,4724,28,2,247.06,20
12633,4724,97,2,432.22,30
12634,4725,75,1,1492.83,0
12635,4725,54,1,784.48,10
12636,4726,64,4,1286.95,0
12637,4726,24,3,1704.83,0
12638,4726,7,1,4142.44,5
12639,4727,79,5,246.68,10
12640,4727,98,4,774.55,5
12641,4727,69,1,1368.41,0
12642,4728,37,2,390.29,0
12643,4728,100,1,24.52,0
12644,4729,40,1,529.21,0
12645,4729,77,4,170.07,0
12646,4729,66,2,2194.97,5
12647,4730,45,2,708.51,5
12648,4730,3,5,4514.81,10
12649,4730,63,1,2195.68,20
12650,4730,61,3,1903.97,5
12651,4731,94,3,610.76,10
12652,4731,92,1,939.85,10
12653,4732,46,3,414.49,5
12654,4732,20,5,3781.07,30
12655,4733,1,2,3377.42,10
12656,4733,96,1,906.76,0
12657,4734,14,1,3098.08,15
12658,4734,32,1,366.62,0
12659,4734,6,4,2952.24,0
12660,4735,94,3,610.76,0
12661,4736,16,1,1547.56,5
12662,4736,52,1,1438.67,20
12663,4736,47,4,624.38,0
12664,4737,40,1,529.21,5
12665,4737,2,5,1504.45,0
12666,4737,55,2,803.67,5
12667,4738,34,1,695.58,0
12668,4738,14,2,3098.08,20
12669,4738,78,4,198.04,0
12670,4739,98,3,774.55,20
12671,4740,21,5,4952.86,15
12672,4740,13,4,4232.32,20
12673,4741,78,2,198.04,15
12674,4741,63,1,2195.68,15
12675,4741,6,1,2952.24,30
12676,4742,99,2,745.11,0
12677,4742,49,4,367.35,0
12678,4743,10,3,935.22,30
12679,4743,15,3,1525.54,0
12680,4743,16,2,1547.56,5
12681,4744,39,1,734.47,15
12682,4744,11,3,4132.08,0
12683,4744,53,2,1043.79,0
12684,4745,99,5,745.11,0
12685,4745,94,1,610.76,5
12686,4746,64,3,1286.95,15
12687,4746,50,3,597.45,15
12688,4746,62,1,516.52,0
12689,4747,99,3,745.11,15
12690,4748,48,1,462.35,5
12691,4748,32,1,366.62,20
12692,4748,8,4,3641.63,5
12693,4748,84,1,310.5,30
12694,4748,92,3,939.85,0
12695,4749,53,1,1043.79,5
12696,4750,88,2,881.08,0
12697,4750,85,1,86.45,0
12698,4750,60,1,1248.31,10
12699,4750,82,2,935.69,15
12700,4751,16,1,1547.56,0
12701,4752,83,2,250.11,0
12702,4752,85,1,86.45,0
12703,4752,94,3,610.76,20
12704,4753,77,1,170.07,0
12705,4753,93,3,120.43,0
12706,4753,57,3,771.32,10
12707,4754,79,3,246.68,10
12708,4754,60,1,1248.31,10
12709,4754,97,5,432.22,0
12710,4754,49,4,367.35,10
12711,4754,21,2,4952.86,0
12712,4755,39,2,734.47,15
12713,4755,94,2,610.76,10
12714,4755,72,1,1230.62,0
12715,4756,66,2,2194.97,5
12716,4756,56,2,455.89,0
12717,4757,79,2,246.68,20
12718,4758,37,2,390.29,0
12719,4759,60,2,1248.31,0
12720,4759,14,1,3098.08,15
12721,4759,27,3,248.66,0
12722,4760,44,3,673.75,0
12723,4760,3,2,4514.81,5
12724,4760,67,3,2498.42,5
12725,4761,14,2,3098.08,5
12726,4761,58,4,1556.29,30
12727,4762,88,3,881.08,0
12728,4762,59,4,2076.49,0
12729,4763,59,1,2076.49,5
12730,4764,82,3,935.69,0
12731,4764,87,2,276.22,0
12732,4764,9,3,4807.46,5
12733,4764,47,2,624.38,0
12734,4764,59,2,2076.49,0
12735,4765,48,3,462.35,0
12736,4765,41,5,621.88,5
12737,4766,67,4,2498.42,0
12738,4766,64,3,1286.95,10
12739,4766,2,3,1504.45,10
12740,4767,14,2,3098.08,10
12741,4767,95,1,639.72,5
12742,4767,55,3,803.67,0
12743,4767,99,1,745.11,0
12744,4767,15,1,1525.54,10
12745,4768,66,2,2194.97,10
12746,4769,20,1,3781.07,15
12747,4769,76,2,590.41,10
12748,4770,6,3,2952.24,0
12749,4770,71,1,883.45,10
12750,4770,25,4,4443.65,10
12751,4771,36,1,530.72,20
12752,4771,10,4,935.22,5
12753,4771,49,1,367.35,0
12754,4771,48,1,462.35,10
12755,4772,24,2,1704.83,0
12756,4772,55,2,803.67,0
12757,4773,54,2,784.48,15
12758,4774,94,3,610.76,5
12759,4774,100,3,24.52,5
12760,4774,25,2,4443.65,20
12761,4774,57,2,771.32,10
12762,4774,74,1,952.76,5
12763,4775,17,1,3360.58,0
12764,4776,25,1,4443.65,0
12765,4776,87,1,276.22,0
12766,4777,67,1,2498.42,0
12767,4777,86,2,996.16,10
12768,4778,62,2,516.52,0
12769,4779,37,1,390.29,0
12770,4779,90,3,987.42,10
12771,4780,32,1,366.62,0
12772,4780,66,1,2194.97,0
12773,4780,23,1,1530.72,5
12774,4780,90,3,987.42,5
12775,4780,68,1,2338.01,15
12776,4781,5,2,619.41,0
12777,4781,25,3,4443.65,5
12778,4781,44,1,673.75,0
12779,4781,53,4,1043.79,5
12780,4782,53,2,1043.79,5
12781,4782,18,1,1442.78,5
12782,4782,47,2,624.38,15
12783,4782,58,2,1556.29,0
12784,4783,19,1,3416.16,0
12785,4783,70,2,429.0,0
12786,4783,9,1,4807.46,15
12787,4784,71,2,883.45,20
12788,4784,49,1,367.35,0
12789,4785,85,1,86.45,5
12790,4785,15,1,1525.54,0
12791,4785,93,1,120.43,0
12792,4785,11,1,4132.08,0
12793,4785,30,1,432.14,0
12794,4786,62,1,516.52,15
12795,4786,8,1,3641.63,0
12796,4786,9,3,4807.46,15
12797,4786,34,4,695.58,0
12798,4787,90,1,987.42,10
12799,4788,46,1,414.49,5
12800,4788,59,2,2076.49,5
12801,4789,97,2,432.22,20
12802,4789,36,5,530.72,5
12803,4789,45,1,708.51,0
12804,4790,2,1,1504.45,10
12805,4790,76,2,590.41,0
12806,4790,43,1,64.61,0
12807,4791,64,3,1286.95,15
12808,4792,84,1,310.5,10
12809,4792,52,1,1438.67,5
12810,4793,11,1,4132.08,5
12811,4793,85,1,86.45,0
12812,4793,27,2,248.66,0
12813,4793,53,1,1043.79,15
12814,4793,95,3,639.72,10
12815,4794,82,3,935.69,10
12816,4794,48,1,462.35,0
12817,4795,55,2,803.67,0
12818,4795,68,1,2338.01,0
12819,4795,76,1,590.41,0
12820,4796,58,1,1556.29,5
12821,4796,4,2,634.09,10
12822,4796,2,3,1504.45,5
12823,4796,86,1,996.16,15
12824,4796,7,1,4142.44,5
12825,4797,51,1,2489.33,0
12826,4797,5,3,619.41,10
12827,4798,33,1,797.09,15
12828,4798,36,2,530.72,20
12829,4799,45,1,708.51,5
12830,4799,98,1,774.55,5
12831,4799,58,1,1556.29,0
12832,4799,8,2,3641.63,10
12833,4800,41,1,621.88,10
12834,4800,68,1,2338.01,0
12835,4800,13,2,4232.32,0
12836,4800,38,4,247.54,0
12837,4801,22,2,3580.76,15
12838,4801,26,2,346.72,20
12839,4801,73,1,1522.69,0
12840,4802,59,1,2076.49,15
12841,4802,9,1,4807.46,15
12842,4803,52,1,1438.67,5
12843,4803,26,1,346.72,5
12844,4803,37,2,390.29,15
12845,4803,9,2,4807.46,10
12846,4804,22,2,3580.76,10
12847,4804,69,1,1368.41,10
12848,4804,11,3,4132.08,15
12849,4804,51,3,2489.33,0
12850,4804,59,1,2076.49,20
12851,4805,8,3,3641.63,5
12852,4805,85,2,86.45,20
12853,4805,63,2,2195.68,0
12854,4805,81,1,427.94,20
12855,4805,30,2,432.14,0
12856,4806,46,1,414.49,0
12857,4806,20,1,3781.07,5
12858,4806,70,3,429.0,5
12859,4806,38,5,247.54,5
12860,4807,19,2,3416.16,5
12861,4808,75,1,1492.83,0
12862,4808,42,2,447.77,0
12863,4808,2,3,1504.45,0
12864,4809,74,4,952.76,5
12865,4809,27,2,248.66,10
12866,4809,23,2,1530.72,0
12867,4810,53,1,1043.79,15
12868,4810,92,1,939.85,30
12869,4811,59,2,2076.49,0
12870,4811,89,3,836.24,15
12871,4811,97,1,432.22,5
12872,4811,69,4,1368.41,0
12873,4811,76,4,590.41,20
12874,4812,58,2,1556.29,5
12875,4812,93,1,120.43,10
12876,4813,19,2,3416.16,0
12877,4813,43,3,64.61,15
12878,4814,46,3,414.49,0
12879,4814,87,2,276.22,5
12880,4814,20,2,3781.07,0
12881,4815,48,5,462.35,15
12882,4815,19,1,3416.16,0
12883,4815,32,1,366.62,5
12884,4816,81,2,427.94,20
12885,4816,23,1,1530.72,0
12886,4816,56,1,455.89,0
12887,4817,39,3,734.47,0
12888,4817,38,3,247.54,0
12889,4817,32,2,366.62,20
12890,4817,84,4,310.5,10
12891,4818,69,1,1368.41,10
12892,4819,24,2,1704.83,5
12893,4819,82,1,935.69,15
12894,4819,55,2,803.67,15
12895,4820,43,1,64.61,10
12896,4820,24,3,1704.83,15
12897,4820,12,1,4879.02,0
12898,4821,37,1,390.29,0
12899,4821,7,2,4142.44,5
12900,4821,10,4,935.22,0
12901,4821,14,4,3098.08,5
12902,4821,98,3,774.55,0
12903,4822,93,1,120.43,0
12904,4822,7,4,4142.44,10
12905,4822,47,1,624.38,0
12906,4823,24,2,1704.83,0
12907,4823,73,1,1522.69,5
12908,4824,22,1,3580.76,5
12909,4824,40,1,529.21,5
12910,4824,63,1,2195.68,0
12911,4824,96,1,906.76,0
12912,4825,23,3,1530.72,0
12913,4825,44,3,673.75,0
12914,4825,74,4,952.76,0
12915,4825,50,1,597.45,0
12916,4825,24,1,1704.83,20
12917,4826,64,2,1286.95,0
12918,4826,56,1,455.89,0
12919,4826,23,2,1530.72,30
12920,4826,81,1,427.94,0
12921,4827,27,1,248.66,5
12922,4827,60,3,1248.31,0
12923,4828,96,2,906.76,0
12924,4828,94,1,610.76,0
12925,4828,3,4,4514.81,0
12926,4829,7,2,4142.44,10
12927,4829,34,1,695.58,0
12928,4829,46,1,414.49,15
12929,4829,87,4,276.22,10
12930,4830,76,4,590.41,5
12931,4831,10,1,935.22,5
12932,4831,77,2,170.07,0
12933,4831,9,1,4807.46,0
12934,4832,12,1,4879.02,15
12935,4833,51,2,2489.33,0
12936,4833,3,3,4514.81,5
12937,4833,30,1,432.14,0
12938,4834,10,1,935.22,10
12939,4834,29,2,349.55,0
12940,4834,91,2,819.85,5
12941,4834,34,1,695.58,5
12942,4835,49,1,367.35,15
12943,4835,92,3,939.85,5
12944,4836,91,1,819.85,0
12945,4836,30,1,432.14,15
12946,4837,46,1,414.49,15
12947,4837,66,1,2194.97,0
12948,4838,65,1,849.57,0
12949,4838,77,1,170.07,0
12950,4838,86,1,996.16,0
12951,4839,65,1,849.57,0
12952,4839,21,1,4952.86,5
12953,4839,80,2,257.52,0
12954,4840,44,2,673.75,0
12955,4840,93,3,120.43,20
12956,4841,67,2,2498.42,0
12957,4841,12,2,4879.02,0
12958,4842,13,5,4232.32,5
12959,4842,32,1,366.62,0
12960,4842,61,1,1903.97,0
12961,4843,19,1,3416.16,10
12962,4844,78,2,198.04,5
12963,4844,76,3,590.41,15
12964,4845,86,1,996.16,5
12965,4845,14,5,3098.08,0
12966,4846,43,1,64.61,0
12967,4846,65,1,849.57,0
12968,4847,36,1,530.72,30
12969,4847,5,1,619.41,10
12970,4847,66,2,2194.97,15
12971,4848,43,1,64.61,5
12972,4848,77,2,170.07,20
12973,4848,75,2,1492.83,30
12974,4848,55,2,803.67,0
12975,4848,30,2,432.14,0
12976,4849,65,1,849.57,0
12977,4849,50,1,597.45,10
12978,4849,8,2,3641.63,0
12979,4850,43,1,64.61,20
12980,4850,62,1,516.52,5
12981,4851,73,1,1522.69,0
12982,4851,8,1,3641.63,10
12983,4851,99,4,745.11,5
12984,4852,86,1,996.16,0
12985,4852,22,2,3580.76,20
12986,4852,76,2,590.41,10
12987,4853,32,1,366.62,0
12988,4853,57,1,771.32,0
12989,4854,57,4,771.32,5
12990,4855,99,2,745.11,0
12991,4855,88,1,881.08,10
12992,4856,89,5,836.24,15
12993,4857,97,1,432.22,15
12994,4857,78,2,198.04,0
12995,4857,44,2,673.75,10
12996,4857,67,1,2498.42,0
12997,4858,15,1,1525.54,0
12998,4858,11,2,4132.08,10
12999,4858,56,1,455.89,10
13000,4858,85,1,86.45,5
13001,4859,89,1,836.24,10
13002,4859,7,4,4142.44,5
13003,4860,7,1,4142.44,5
13004,4861,79,2,246.68,0
13005,4861,38,2,247.54,0
13006,4862,63,1,2195.68,15
13007,4863,66,1,2194.97,0
13008,4863,45,4,708.51,0
13009,4863,37,3,390.29,0
13010,4863,31,1,132.24,15
13011,4864,8,1,3641.63,10
13012,4865,84,1,310.5,0
13013,4865,77,1,170.07,5
13014,4866,63,2,2195.68,15
13015,4866,44,2,673.75,0
13016,4867,15,1,1525.54,0
13017,4867,54,1,784.48,10
13018,4868,95,1,639.72,5
13019,4868,63,2,2195.68,10
13020,4868,37,2,390.29,0
13021,4868,91,3,819.85,0
13022,4869,74,4,952.76,10
13023,4869,80,1,257.52,15
13024,4869,71,1,883.45,20
13025,4870,49,2,367.35,10
13026,4870,65,1,849.57,20
13027,4870,96,2,906.76,0
13028,4870,95,1,639.72,10
13029,4871,32,2,366.62,10
13030,4871,44,4,673.75,20
13031,4871,94,2,610.76,5
13032,4872,16,5,1547.56,0
13033,4872,65,2,849.57,0
13034,4872,32,1,366.62,30
13035,4873,55,2,803.67,0
13036,4873,28,1,247.06,10
13037,4874,58,3,1556.29,20
13038,4874,75,4,1492.83,20
13039,4874,45,2,708.51,0
13040,4875,45,4,708.51,10
13041,4875,78,3,198.04,5
13042,4876,57,1,771.32,0
13043,4876,6,1,2952.24,10
13044,4877,22,2,3580.76,0
13045,4877,92,4,939.85,0
13046,4877,29,1,349.55,5
13047,4878,66,1,2194.97,5
13048,4879,20,2,3781.07,5
13049,4879,68,1,2338.01,0
13050,4879,90,4,987.42,0
13051,4880,90,1,987.42,5
13052,4880,2,2,1504.45,20
13053,4881,69,5,1368.41,5
13054,4881,97,1,432.22,15
13055,4881,35,1,561.28,5
13056,4882,13,2,4232.32,0
13057,4883,37,1,390.29,5
13058,4883,51,2,2489.33,20
13059,4883,20,3,3781.07,15
13060,4883,7,1,4142.44,0
13061,4883,78,1,198.04,0
13062,4884,44,1,673.75,15
13063,4884,100,1,24.52,5
13064,4884,69,2,1368.41,0
13065,4884,91,1,819.85,0
13066,4885,68,1,2338.01,5
13067,4885,51,3,2489.33,0
13068,4885,71,3,883.45,0
13069,4886,23,1,1530.72,15
13070,4886,10,1,935.22,5
13071,4886,59,2,2076.49,0
13072,4887,4,1,634.09,5
13073,4887,49,1,367.35,15
13074,4887,16,1,1547.56,5
13075,4887,82,3,935.69,0
13076,4888,92,1,939.85,0
13077,4888,66,2,2194.97,5
13078,4889,91,1,819.85,0
13079,4889,6,5,2952.24,0
13080,4890,64,3,1286.95,0
13081,4890,35,1,561.28,5
13082,4890,99,1,745.11,0
13083,4890,75,2,1492.83,5
13084,4890,78,1,198.04,0
13085,4891,59,1,2076.49,10
13086,4892,23,2,1530.72,0
13087,4892,71,2,883.45,15
13088,4892,97,4,432.22,0
13089,4893,9,1,4807.46,5
13090,4893,40,3,529.21,5
13091,4893,46,3,414.49,0
13092,4894,1,3,3377.42,0
13093,4895,67,2,2498.42,10
13094,4896,92,1,939.85,0
13095,4896,65,1,849.57,0
13096,4896,40,1,529.21,0
13097,4897,84,1,310.5,0
13098,4897,34,1,695.58,0
13099,4898,98,3,774.55,0
13100,4898,76,2,590.41,5
13101,4899,10,1,935.22,10
13102,4900,48,2,462.35,5
13103,4900,60,5,1248.31,0
13104,4900,58,3,1556.29,5
13105,4900,32,1,366.62,15
13106,4901,14,1,3098.08,0
13107,4902,19,1,3416.16,0
13108,4902,87,1,276.22,10
13109,4902,77,4,170.07,0
13110,4903,20,1,3781.07,20
13111,4903,96,1,906.76,0
13112,4903,92,1,939.85,0
13113,4903,2,3,1504.45,0
13114,4904,7,3,4142.44,0
13115,4904,14,1,3098.08,0
13116,4904,30,2,432.14,0
13117,4905,57,1,771.32,0
13118,4905,47,3,624.38,5
13119,4906,6,1,2952.24,0
13120,4906,66,1,2194.97,15
13121,4906,49,1,367.35,0
13122,4907,15,1,1525.54,15
13123,4907,97,3,432.22,0
13124,4907,42,2,447.77,0
13125,4908,28,1,247.06,0
13126,4908,62,1,516.52,10
13127,4908,100,1,24.52,0
13128,4909,91,1,819.85,0
13129,4909,53,1,1043.79,10
13130,4910,70,1,429.0,10
13131,4910,71,1,883.45,5
13132,4910,36,3,530.72,15
13133,4910,46,2,414.49,5
13134,4911,8,1,3641.63,0
13135,4911,10,1,935.22,5
13136,4911,15,2,1525.54,0
13137,4911,69,1,1368.41,5
13138,4912,65,2,849.57,0
13139,4912,62,5,516.52,0
13140,4912,64,1,1286.95,15
13141,4913,95,1,639.72,0
13142,4913,71,1,883.45,5
13143,4914,14,1,3098.08,0
13144,4914,55,3,803.67,15
13145,4914,7,2,4142.44,0
13146,4914,20,1,3781.07,0
13147,4914,19,1,3416.16,10
13148,4915,30,2,432.14,0
13149,4915,22,2,3580.76,30
13150,4915,46,2,414.49,15
13151,4916,37,1,390.29,0
13152,4916,56,1,455.89,10
13153,4917,62,1,516.52,5
13154,4918,34,1,695.58,0
13155,4918,62,3,516.52,15
13156,4919,21,4,4952.86,10
13157,4919,94,3,610.76,5
13158,4920,3,4,4514.81,5
13159,4920,44,1,673.75,0
13160,4920,18,3,1442.78,0
13161,4920,40,1,529.21,5
13162,4921,53,2,1043.79,30
13163,4921,70,1,429.0,0
13164,4921,62,4,516.52,15
13165,4922,66,4,2194.97,0
13166,4923,51,4,2489.33,30
13167,4924,28,2,247.06,5
13168,4924,7,3,4142.44,5
13169,4924,58,1,1556.29,15
13170,4924,22,2,3580.76,15
13171,4925,29,1,349.55,0
13172,4926,63,5,2195.68,20
13173,4926,37,1,390.29,0
13174,4926,52,1,1438.67,15
13175,4927,80,3,257.52,5
13176,4927,52,1,1438.67,0
13177,4927,85,1,86.45,0
13178,4927,26,4,346.72,15
13179,4928,41,1,621.88,0
13180,4928,98,2,774.55,10
13181,4928,90,3,987.42,15
13182,4928,80,3,257.52,10
13183,4928,72,2,1230.62,5
13184,4929,40,1,529.21,0
13185,4929,84,3,310.5,10
13186,4929,72,2,1230.62,0
13187,4930,38,3,247.54,10
13188,4930,8,1,3641.63,0
13189,4931,99,2,745.11,5
13190,4931,37,4,390.29,0
13191,4931,87,3,276.22,0
13192,4931,83,2,250.11,0
13193,4931,7,5,4142.44,0
13194,4932,6,1,2952.24,5
13195,4932,42,1,447.77,20
13196,4932,18,2,1442.78,10
13197,4932,50,2,597.45,0
13198,4933,34,3,695.58,15
13199,4934,55,1,803.67,10
13200,4934,6,3,2952.24,0
13201,4935,18,1,1442.78,0
13202,4935,4,3,634.09,0
13203,4936,20,1,3781.07,0
13204,4936,56,1,455.89,0
13205,4937,49,1,367.35,0
13206,4937,20,4,3781.07,20
13207,4937,45,1,708.51,0
13208,4938,61,2,1903.97,0
13209,4939,62,1,516.52,10
13210,4940,76,1,590.41,0
13211,4940,56,2,455.89,5
13212,4940,5,2,619.41,0
13213,4941,46,1,414.49,15
13214,4941,70,5,429.0,0
13215,4941,95,5,639.72,15
13216,4941,61,1,1903.97,5
13217,4942,67,4,2498.42,0
13218,4943,42,1,447.77,5
13219,4943,5,1,619.41,10
13220,4944,72,1,1230.62,15
13221,4945,74,1,952.76,5
13222,4945,63,4,2195.68,0
13223,4945,7,1,4142.44,30
13224,4946,54,2,784.48,0
13225,4946,82,2,935.69,0
13226,4946,69,3,1368.41,15
13227,4946,19,4,3416.16,0
13228,4947,98,1,774.55,20
13229,4947,54,2,784.48,0
13230,4947,62,2,516.52,5
13231,4948,45,3,708.51,15
13232,4948,58,2,1556.29,0
13233,4949,51,3,2489.33,0
13234,4950,39,2,734.47,10
13235,4950,35,3,561.28,0
13236,4951,60,1,1248.31,0
13237,4951,12,1,4879.02,20
13238,4952,65,2,849.57,0
13239,4952,12,1,4879.02,15
13240,4952,28,1,247.06,0
13241,4953,41,1,621.88,0
13242,4953,38,1,247.54,15
13243,4953,68,1,2338.01,0
13244,4953,29,3,349.55,0
13245,4953,16,3,1547.56,5
13246,4954,84,1,310.5,10
13247,4954,10,1,935.22,0
13248,4955,44,4,673.75,0
13249,4956,3,1,4514.81,30
13250,4956,86,1,996.16,0
13251,4957,26,2,346.72,10
13252,4957,41,1,621.88,5
13253,4958,91,1,819.85,15
13254,4958,76,1,590.41,0
13255,4958,22,2,3580.76,0
13256,4958,8,3,3641.63,0
13257,4959,20,2,3781.07,0
13258,4960,66,3,2194.97,15
13259,4961,97,1,432.22,20
13260,4961,76,1,590.41,0
13261,4962,55,1,803.67,15
13262,4962,76,1,590.41,5
13263,4962,96,2,906.76,10
13264,4963,69,2,1368.41,10
13265,4963,82,1,935.69,10
13266,4963,11,2,4132.08,0
13267,4964,78,3,198.04,15
13268,4964,80,1,257.52,5
13269,4965,18,4,1442.78,5
13270,4965,67,2,2498.42,5
13271,4965,73,1,1522.69,0
13272,4965,59,4,2076.49,10
13273,4965,44,2,673.75,5
13274,4966,55,4,803.67,0
13275,4966,96,1,906.76,15
13276,4967,51,5,2489.33,5
13277,4967,82,4,935.69,15
13278,4967,26,1,346.72,30
13279,4968,25,4,4443.65,0
13280,4968,97,3,432.22,5
13281,4968,34,1,695.58,0
13282,4969,17,2,3360.58,0
13283,4969,69,4,1368.41,5
13284,4969,93,2,120.43,10
13285,4970,70,1,429.0,0
13286,4971,78,3,198.04,10
13287,4971,82,4,935.69,10
13288,4971,89,3,836.24,5
13289,4971,21,2,4952.86,15
13290,4972,8,4,3641.63,10
13291,4972,68,5,2338.01,15
13292,4972,1,1,3377.42,0
13293,4972,7,2,4142.44,5
13294,4973,10,1,935.22,10
13295,4974,91,3,819.85,0
13296,4975,37,1,390.29,0
13297,4975,97,1,432.22,5
13298,4975,58,1,1556.29,0
13299,4976,29,2,349.55,0
13300,4976,81,2,427.94,0
13301,4976,12,1,4879.02,0
13302,4977,7,1,4142.44,20
13303,4977,47,2,624.38,5
13304,4978,73,2,1522.69,20
13305,4978,2,4,1504.45,0
13306,4978,14,1,3098.08,10
13307,4978,11,1,4132.08,0
13308,4978,63,1,2195.68,10
13309,4979,98,1,774.55,10
13310,4979,24,1,1704.83,15
13311,4980,78,2,198.04,0
13312,4980,77,1,170.07,15
13313,4980,31,4,132.24,0
13314,4981,13,3,4232.32,15
13315,4982,91,1,819.85,5
13316,4982,34,2,695.58,5
13317,4983,51,2,2489.33,5
13318,4984,6,3,2952.24,15
13319,4984,69,1,1368.41,5
13320,4984,21,2,4952.86,5
13321,4984,52,2,1438.67,0
13322,4985,10,4,935.22,15
13323,4985,77,2,170.07,20
13324,4985,71,2,883.45,10
13325,4985,84,1,310.5,0
13326,4986,81,5,427.94,5
13327,4986,86,2,996.16,0
13328,4987,60,3,1248.31,0
13329,4987,87,1,276.22,10
13330,4987,94,2,610.76,5
13331,4987,28,1,247.06,0
13332,4987,72,4,1230.62,10
13333,4988,48,2,462.35,20
13334,4988,19,2,3416.16,0
13335,4989,7,3,4142.44,0
13336,4990,82,1,935.69,15
13337,4991,82,2,935.69,20
13338,4991,77,1,170.07,5
13339,4992,36,1,530.72,0
13340,4993,29,1,349.55,5
13341,4993,25,2,4443.65,0
13342,4994,29,1,349.55,5
13343,4994,4,1,634.09,0
13344,4994,42,1,447.77,0
13345,4994,2,2,1504.45,5
13346,4995,54,3,784.48,10
13347,4995,34,2,695.58,5
13348,4995,3,1,4514.81,0
13349,4996,93,1,120.43,5
13350,4996,31,1,132.24,0
13351,4996,58,2,1556.29,10
13352,4997,57,1,771.32,20
13353,4998,49,1,367.35,15
13354,4998,11,2,4132.08,15
13355,4998,84,1,310.5,5
13356,4999,11,3,4132.08,10
13357,4999,79,1,246.68,5
13358,4999,56,1,455.89,0
13359,4999,31,2,132.24,10
13360,5000,87,3,276.22,5
13361,5000,97,2,432.22,15
13362,5000,100,1,24.52,0
