OrderID,CustomerID,OrderDate,OrderStatus,PaymentMethod,ShippingMethod
1,525,2025-10-01,Pending,Bank Transfer,Delivery
2,424,2025-06-02,Completed,Card,Delivery
3,660,2024-02-28,Completed,Cash,Delivery
4,575,2024-01-09,Completed,Card,Delivery
5,163,2025-08-06,Completed,Card,Delivery
6,896,2025-04-18,Completed,Bank Transfer,Delivery
7,658,2025-07-01,Returned,Digital Wallet,Delivery
8,185,2024-04-20,Returned,Digital Wallet,Pickup
9,205,2025-02-15,Completed,Bank Transfer,Delivery
10,619,2025-05-12,Completed,Digital Wallet,Delivery
11,466,2024-02-09,Completed,Digital Wallet,Delivery
12,219,2024-11-23,Completed,Digital Wallet,Delivery
13,828,2025-01-05,Completed,Digital Wallet,Delivery
14,217,2024-01-24,Pending,Digital Wallet,Delivery
15,651,2024-06-29,Completed,Card,Delivery
16,84,2024-11-01,Cancelled,Digital Wallet,Pickup
17,538,2024-08-07,Completed,Bank Transfer,Delivery
18,56,2024-04-04,Returned,Digital Wallet,Delivery
19,772,2024-10-31,Completed,Bank Transfer,Express
20,494,2025-05-01,Completed,Cash,Express
21,448,2024-12-29,Returned,Digital Wallet,Pickup
22,575,2025-09-03,Completed,Cash,Delivery
23,844,2024-11-20,Completed,Digital Wallet,Express
24,512,2024-11-20,Completed,Digital Wallet,Delivery
25,740,2024-01-04,Pending,Cash,Delivery
26,655,2025-08-15,Completed,Cash,Pickup
27,193,2025-03-06,Completed,Cash,Delivery
28,222,2024-12-22,Completed,Cash,Express
29,591,2024-01-15,Completed,Bank Transfer,Delivery
30,919,2024-11-10,Completed,Card,Delivery
31,665,2025-04-11,Completed,Bank Transfer,Delivery
32,556,2025-03-12,Completed,Bank Transfer,Delivery
33,181,2025-04-14,Completed,Cash,Delivery
34,167,2025-07-09,Completed,Bank Transfer,Pickup
35,706,2025-11-27,Completed,Bank Transfer,Pickup
36,961,2024-04-11,Pending,Card,Delivery
37,17,2025-09-23,Returned,Card,Delivery
38,770,2025-09-30,Returned,Card,Delivery
39,516,2025-08-18,Completed,Bank Transfer,Pickup
40,217,2024-08-16,Completed,Digital Wallet,Delivery
41,877,2025-04-25,Pending,Bank Transfer,Express
42,936,2025-04-20,Completed,Digital Wallet,Delivery
43,384,2024-08-17,Completed,Bank Transfer,Pickup
44,271,2024-11-10,Cancelled,Digital Wallet,Delivery
45,5,2025-02-28,Completed,Card,Delivery
46,384,2025-06-15,Cancelled,Bank Transfer,Delivery
47,983,2025-08-08,Pending,Cash,Delivery
48,401,2024-07-16,Completed,Digital Wallet,Pickup
49,821,2025-08-14,Completed,Digital Wallet,Express
50,178,2025-02-16,Returned,Cash,Delivery
51,102,2025-12-28,Completed,Card,Delivery
52,804,2025-02-05,Cancelled,Bank Transfer,Pickup
53,163,2024-11-26,Completed,Card,Delivery
54,12,2025-10-05,Completed,Cash,Delivery
55,725,2025-07-10,Returned,Card,Delivery
56,26,2024-05-13,Pending,Bank Transfer,Delivery
57,669,2024-08-15,Completed,Cash,Pickup
58,827,2025-01-22,Completed,Card,Delivery
59,958,2024-05-27,Completed,Card,Delivery
60,950,2025-09-02,Completed,Cash,Delivery
61,917,2024-07-03,Completed,Digital Wallet,Pickup
62,935,2024-07-31,Completed,Digital Wallet,Pickup
63,424,2024-03-16,Completed,Card,Delivery
64,430,2025-01-19,Cancelled,Digital Wallet,Pickup
65,185,2024-11-01,Completed,Cash,Delivery
66,647,2025-09-13,Cancelled,Card,Express
67,356,2025-05-10,Pending,Card,Delivery
68,760,2024-09-17,Returned,Cash,Delivery
69,549,2024-01-24,Completed,Cash,Delivery
70,374,2024-04-27,Returned,Card,Delivery
71,226,2024-03-26,Completed,Cash,Delivery
72,494,2024-07-23,Pending,Bank Transfer,Pickup
73,668,2024-10-28,Completed,Digital Wallet,Delivery
74,970,2025-02-13,Returned,Bank Transfer,Delivery
75,704,2024-10-14,Pending,Card,Delivery
76,785,2025-08-24,Completed,Cash,Express
77,500,2025-03-19,Cancelled,Digital Wallet,Delivery
78,279,2024-11-22,Completed,Digital Wallet,Delivery
79,581,2024-12-27,Completed,Card,Delivery
80,911,2024-02-04,Pending,Bank Transfer,Delivery
81,301,2025-09-10,Cancelled,Bank Transfer,Delivery
82,118,2024-07-03,Completed,Digital Wallet,Pickup
83,367,2024-09-08,Completed,Bank Transfer,Delivery
84,799,2024-11-17,Completed,Bank Transfer,Delivery
85,735,2024-12-02,Completed,Bank Transfer,Pickup
86,576,2024-03-08,Completed,Cash,Delivery
87,106,2025-07-28,Completed,Card,Delivery
88,662,2025-03-07,Completed,Digital Wallet,Delivery
89,328,2024-07-21,Completed,Digital Wallet,Delivery
90,282,2025-03-07,Completed,Digital Wallet,Delivery
91,335,2025-08-28,Completed,Card,Delivery
92,660,2025-08-12,Pending,Digital Wallet,Delivery
93,862,2025-02-16,Completed,Card,Delivery
94,17,2024-03-12,Completed,Digital Wallet,Pickup
95,282,2024-11-20,Completed,Digital Wallet,Delivery
96,794,2024-11-16,Completed,Card,Delivery
97,714,2025-04-10,Completed,Card,Pickup
98,961,2025-09-24,Completed,Cash,Delivery
99,11,2024-05-22,Completed,Bank Transfer,Pickup
100,742,2025-03-22,Completed,Card,Delivery
101,924,2025-01-12,Completed,Card,Express
102,889,2024-02-23,Completed,Card,Delivery
103,970,2024-11-07,Completed,Bank Transfer,Delivery
104,811,2025-01-23,Completed,Cash,Express
105,598,2025-04-16,Completed,Bank Transfer,Pickup
106,772,2025-08-21,Cancelled,Digital Wallet,Delivery
107,685,2024-05-05,Completed,Cash,Delivery
108,678,2025-05-16,Pending,Bank Transfer,Pickup
109,495,2024-08-19,Completed,Bank Transfer,Pickup
110,362,2025-07-25,Cancelled,Cash,Delivery
111,753,2024-07-29,Completed,Card,Express
112,62,2024-08-05,Completed,Cash,Delivery
113,395,2024-07-11,Completed,Bank Transfer,Delivery
114,605,2025-06-24,Completed,Bank Transfer,Pickup
115,320,2025-12-26,Completed,Cash,Pickup
116,109,2024-05-13,Completed,Bank Transfer,Delivery
117,464,2025-09-27,Completed,Digital Wallet,Delivery
118,285,2025-03-09,Completed,Bank Transfer,Express
119,592,2025-10-25,Completed,Digital Wallet,Pickup
120,763,2024-04-22,Completed,Digital Wallet,Delivery
121,30,2025-05-02,Completed,Digital Wallet,Delivery
122,122,2025-07-17,Completed,Digital Wallet,Delivery
123,407,2025-05-29,Completed,Bank Transfer,Delivery
124,280,2025-01-13,Completed,Digital Wallet,Pickup
125,433,2024-07-17,Completed,Digital Wallet,Delivery
126,283,2025-06-26,Completed,Digital Wallet,Delivery
127,52,2025-10-23,Completed,Card,Delivery
128,55,2024-02-06,Completed,Cash,Delivery
129,104,2024-10-09,Completed,Digital Wallet,Delivery
130,104,2024-08-13,Completed,Bank Transfer,Delivery
131,176,2024-07-27,Completed,Bank Transfer,Pickup
132,295,2024-01-04,Completed,Digital Wallet,Pickup
133,874,2025-12-05,Completed,Bank Transfer,Delivery
134,171,2024-07-10,Completed,Digital Wallet,Delivery
135,14,2025-11-13,Completed,Bank Transfer,Delivery
136,998,2024-09-27,Cancelled,Cash,Delivery
137,874,2024-01-10,Completed,Digital Wallet,Delivery
138,501,2024-09-10,Completed,Card,Pickup
139,581,2025-11-27,Pending,Cash,Delivery
140,172,2024-05-30,Completed,Card,Delivery
141,754,2024-12-09,Completed,Bank Transfer,Express
142,264,2025-11-10,Completed,Bank Transfer,Delivery
143,848,2024-12-27,Completed,Bank Transfer,Pickup
144,794,2025-11-10,Cancelled,Digital Wallet,Delivery
145,703,2025-06-15,Completed,Card,Delivery
146,421,2024-08-13,Completed,Cash,Delivery
147,32,2024-09-07,Completed,Digital Wallet,Delivery
148,763,2024-04-01,Completed,Digital Wallet,Delivery
149,989,2024-10-07,Cancelled,Digital Wallet,Express
150,898,2025-06-23,Completed,Bank Transfer,Pickup
151,401,2025-08-26,Completed,Bank Transfer,Delivery
152,43,2025-08-16,Completed,Bank Transfer,Pickup
153,126,2025-03-19,Completed,Bank Transfer,Delivery
154,993,2024-01-09,Completed,Cash,Delivery
155,154,2025-06-19,Pending,Cash,Delivery
156,296,2024-03-07,Completed,Card,Delivery
157,223,2024-10-16,Cancelled,Card,Delivery
158,314,2024-01-06,Completed,Card,Delivery
159,142,2024-12-24,Cancelled,Cash,Express
160,731,2024-10-04,Completed,Cash,Delivery
161,941,2024-03-23,Completed,Card,Delivery
162,364,2024-09-11,Completed,Digital Wallet,Delivery
163,991,2024-04-10,Returned,Bank Transfer,Delivery
164,178,2025-07-31,Completed,Bank Transfer,Pickup
165,143,2025-11-30,Completed,Bank Transfer,Delivery
166,568,2024-07-23,Completed,Card,Delivery
167,950,2025-10-05,Completed,Cash,Delivery
168,897,2025-03-23,Completed,Digital Wallet,Delivery
169,516,2025-12-02,Completed,Digital Wallet,Delivery
170,478,2025-03-06,Pending,Digital Wallet,Delivery
171,573,2024-01-28,Pending,Digital Wallet,Delivery
172,144,2025-09-21,Returned,Cash,Delivery
173,383,2024-05-10,Completed,Bank Transfer,Delivery
174,866,2025-02-06,Completed,Card,Delivery
175,782,2025-06-14,Completed,Card,Delivery
176,277,2025-10-27,Completed,Card,Pickup
177,580,2025-05-08,Completed,Card,Delivery
178,599,2025-11-21,Completed,Card,Pickup
179,529,2024-05-27,Completed,Digital Wallet,Delivery
180,917,2025-11-22,Completed,Cash,Delivery
181,319,2024-01-07,Completed,Cash,Delivery
182,1,2024-06-05,Completed,Card,Delivery
183,254,2024-07-28,Completed,Card,Pickup
184,455,2025-02-04,Completed,Card,Delivery
185,496,2024-07-07,Cancelled,Bank Transfer,Pickup
186,698,2025-03-25,Cancelled,Card,Delivery
187,652,2024-01-23,Completed,Cash,Delivery
188,760,2025-12-17,Completed,Digital Wallet,Delivery
189,297,2025-11-14,Completed,Digital Wallet,Delivery
190,282,2025-02-04,Completed,Card,Delivery
191,834,2025-03-11,Completed,Bank Transfer,Delivery
192,578,2025-02-02,Completed,Bank Transfer,Delivery
193,667,2025-11-03,Completed,Card,Express
194,364,2024-05-22,Completed,Digital Wallet,Delivery
195,163,2025-01-01,Completed,Cash,Delivery
196,724,2025-06-21,Completed,Card,Delivery
197,156,2024-12-26,Completed,Bank Transfer,Delivery
198,880,2024-05-23,Completed,Bank Transfer,Express
199,70,2025-10-22,Completed,Digital Wallet,Delivery
200,185,2025-08-12,Completed,Bank Transfer,Delivery
201,332,2025-08-25,Pending,Bank Transfer,Delivery
202,850,2025-02-17,Completed,Card,Pickup
203,163,2024-08-25,Completed,Card,Delivery
204,696,2025-05-02,Completed,Cash,Express
205,828,2024-08-30,Completed,Cash,Pickup
206,394,2025-03-06,Returned,Card,Delivery
207,118,2024-02-08,Cancelled,Card,Delivery
208,384,2025-09-13,Completed,Card,Express
209,329,2024-04-20,Completed,Digital Wallet,Delivery
210,653,2025-08-10,Completed,Cash,Delivery
211,449,2025-11-26,Completed,Cash,Pickup
212,445,2025-06-25,Completed,Cash,Delivery
213,25,2025-10-06,Pending,Card,Delivery
214,830,2024-05-23,Returned,Bank Transfer,Pickup
215,582,2025-07-13,Cancelled,Bank Transfer,Delivery
216,748,2025-10-19,Completed,Cash,Pickup
217,585,2025-04-30,Completed,Bank Transfer,Delivery
218,573,2024-05-21,Completed,Digital Wallet,Delivery
219,386,2024-03-13,Completed,Cash,Pickup
220,306,2024-04-13,Completed,Cash,Delivery
221,554,2024-12-04,Completed,Bank Transfer,Express
222,258,2025-02-03,Completed,Card,Pickup
223,162,2024-10-21,Completed,Cash,Pickup
224,955,2025-09-17,Completed,Digital Wallet,Delivery
225,560,2025-12-15,Returned,Digital Wallet,Express
226,270,2025-10-30,Completed,Bank Transfer,Delivery
227,206,2024-12-08,Cancelled,Card,Delivery
228,561,2024-12-03,Returned,Card,Delivery
229,75,2025-07-31,Returned,Card,Delivery
230,73,2025-03-02,Completed,Card,Pickup
231,491,2024-05-12,Completed,Card,Delivery
232,509,2025-06-03,Completed,Bank Transfer,Delivery
233,311,2024-08-21,Completed,Card,Delivery
234,801,2024-07-19,Completed,Digital Wallet,Delivery
235,756,2024-01-19,Completed,Card,Delivery
236,387,2025-12-13,Completed,Digital Wallet,Delivery
237,119,2025-03-24,Completed,Bank Transfer,Delivery
238,352,2025-03-23,Returned,Cash,Delivery
239,603,2024-01-11,Completed,Card,Express
240,16,2024-09-12,Completed,Card,Delivery
241,450,2024-07-03,Completed,Bank Transfer,Delivery
242,671,2024-09-07,Pending,Cash,Delivery
243,491,2025-11-04,Completed,Card,Delivery
244,961,2025-07-10,Completed,Bank Transfer,Pickup
245,880,2024-08-13,Completed,Bank Transfer,Express
246,799,2025-07-18,Completed,Cash,Delivery
247,274,2024-11-22,Completed,Card,Delivery
248,923,2025-02-24,Completed,Digital Wallet,Delivery
249,209,2024-05-20,Cancelled,Cash,Delivery
250,567,2024-08-03,Completed,Cash,Delivery
251,241,2025-12-16,Completed,Digital Wallet,Express
252,22,2025-05-25,Cancelled,Bank Transfer,Delivery
253,394,2024-11-03,Cancelled,Card,Delivery
254,876,2025-09-16,Completed,Card,Pickup
255,394,2025-03-30,Completed,Cash,Delivery
256,676,2025-03-17,Completed,Bank Transfer,Delivery
257,782,2024-12-22,Returned,Bank Transfer,Express
258,930,2024-09-25,Completed,Cash,Pickup
259,350,2025-09-28,Completed,Digital Wallet,Pickup
260,951,2024-02-28,Completed,Digital Wallet,Express
261,955,2025-11-25,Completed,Digital Wallet,Delivery
262,737,2025-08-04,Completed,Bank Transfer,Delivery
263,391,2025-04-23,Completed,Cash,Delivery
264,16,2024-10-14,Completed,Bank Transfer,Delivery
265,256,2025-07-09,Completed,Digital Wallet,Delivery
266,281,2025-01-05,Completed,Bank Transfer,Pickup
267,830,2025-09-14,Completed,Bank Transfer,Delivery
268,329,2024-09-27,Cancelled,Digital Wallet,Delivery
269,451,2024-01-10,Completed,Bank Transfer,Delivery
270,865,2025-07-23,Completed,Card,Delivery
271,82,2024-10-10,Returned,Bank Transfer,Express
272,452,2024-07-03,Completed,Bank Transfer,Delivery
273,507,2024-05-10,Completed,Cash,Delivery
274,633,2025-11-02,Completed,Card,Delivery
275,189,2025-12-01,Completed,Digital Wallet,Delivery
276,43,2025-07-20,Completed,Card,Express
277,266,2024-09-20,Completed,Bank Transfer,Delivery
278,46,2025-09-06,Completed,Card,Delivery
279,455,2024-04-25,Completed,Cash,Delivery
280,585,2025-01-15,Cancelled,Digital Wallet,Delivery
281,437,2024-10-16,Completed,Bank Transfer,Delivery
282,369,2024-12-09,Pending,Bank Transfer,Delivery
283,997,2024-10-28,Completed,Cash,Delivery
284,298,2024-06-02,Returned,Card,Delivery
285,217,2024-11-16,Completed,Bank Transfer,Express
286,388,2025-08-19,Completed,Cash,Delivery
287,665,2024-03-21,Pending,Cash,Delivery
288,589,2025-10-07,Completed,Digital Wallet,Delivery
289,125,2025-06-24,Completed,Digital Wallet,Delivery
290,533,2025-03-27,Completed,Cash,Pickup
291,301,2024-09-06,Completed,Bank Transfer,Delivery
292,323,2024-04-28,Completed,Digital Wallet,Pickup
293,902,2025-02-23,Completed,Bank Transfer,Delivery
294,79,2025-01-05,Completed,Cash,Delivery
295,429,2024-08-23,Completed,Cash,Express
296,251,2025-02-21,Completed,Cash,Delivery
297,815,2024-10-20,Completed,Card,Delivery
298,432,2025-06-01,Pending,Digital Wallet,Delivery
299,792,2024-07-21,Returned,Digital Wallet,Delivery
300,124,2025-03-04,Completed,Digital Wallet,Pickup
301,130,2024-02-04,Cancelled,Card,Delivery
302,75,2024-05-15,Completed,Digital Wallet,Express
303,363,2024-05-10,Completed,Cash,Pickup
304,122,2024-12-10,Returned,Bank Transfer,Delivery
305,632,2024-04-20,Pending,Card,Delivery
306,943,2024-12-29,Returned,Digital Wallet,Delivery
307,759,2025-03-22,Completed,Digital Wallet,Pickup
308,752,2024-07-06,Completed,Card,Delivery
309,8,2025-08-30,Completed,Digital Wallet,Delivery
310,450,2024-06-29,Completed,Bank Transfer,Express
311,100,2024-08-25,Completed,Bank Transfer,Delivery
312,531,2025-06-21,Completed,Digital Wallet,Delivery
313,394,2024-11-22,Completed,Cash,Delivery
314,968,2024-08-03,Completed,Bank Transfer,Delivery
315,631,2024-11-17,Completed,Bank Transfer,Delivery
316,295,2024-10-07,Completed,Cash,Pickup
317,296,2024-09-22,Pending,Card,Express
318,683,2024-10-12,Completed,Cash,Delivery
319,521,2024-06-21,Completed,Card,Express
320,553,2025-07-04,Completed,Card,Delivery
321,843,2024-01-27,Completed,Bank Transfer,Express
322,585,2025-03-12,Completed,Cash,Pickup
323,303,2024-04-22,Completed,Card,Delivery
324,443,2025-05-20,Completed,Cash,Express
325,750,2025-11-15,Completed,Bank Transfer,Pickup
326,763,2024-08-15,Completed,Bank Transfer,Delivery
327,344,2024-10-09,Completed,Card,Pickup
328,323,2024-02-09,Completed,Bank Transfer,Delivery
329,572,2025-11-07,Cancelled,Card,Express
330,643,2024-01-09,Completed,Digital Wallet,Pickup
331,226,2025-11-20,Completed,Digital Wallet,Delivery
332,834,2024-07-10,Completed,Bank Transfer,Delivery
333,651,2024-03-31,Pending,Cash,Delivery
334,69,2025-05-17,Completed,Cash,Pickup
335,40,2025-03-04,Completed,Digital Wallet,Delivery
336,241,2025-10-15,Completed,Cash,Pickup
337,861,2024-08-25,Cancelled,Digital Wallet,Delivery
338,646,2025-02-05,Completed,Digital Wallet,Delivery
339,225,2024-04-25,Pending,Bank Transfer,Delivery
340,458,2024-11-29,Completed,Digital Wallet,Delivery
341,476,2024-11-22,Completed,Bank Transfer,Delivery
342,722,2024-05-11,Completed,Digital Wallet,Pickup
343,885,2025-05-15,Completed,Cash,Delivery
344,275,2025-06-03,Completed,Digital Wallet,Delivery
345,791,2024-11-26,Completed,Bank Transfer,Delivery
346,829,2025-03-28,Completed,Bank Transfer,Express
347,275,2025-05-12,Completed,Bank Transfer,Delivery
348,47,2024-11-11,Completed,Cash,Delivery
349,171,2025-07-02,Completed,Card,Express
350,629,2025-09-17,Completed,Card,Express
351,22,2025-01-23,Completed,Bank Transfer,Express
352,786,2025-07-20,Completed,Card,Delivery
353,371,2025-07-02,Completed,Cash,Pickup
354,406,2024-08-22,Completed,Cash,Express
355,340,2025-02-27,Completed,Cash,Express
356,37,2024-01-21,Completed,Card,Delivery
357,811,2025-05-11,Completed,Bank Transfer,Delivery
358,236,2025-10-08,Completed,Cash,Delivery
359,768,2024-05-06,Completed,Digital Wallet,Delivery
360,135,2024-10-03,Cancelled,Card,Delivery
361,740,2025-12-21,Completed,Digital Wallet,Delivery
362,761,2025-07-08,Completed,Cash,Delivery
363,603,2025-02-04,Completed,Bank Transfer,Pickup
364,436,2025-06-08,Completed,Bank Transfer,Delivery
365,208,2024-04-12,Completed,Digital Wallet,Delivery
366,440,2024-04-05,Completed,Digital Wallet,Delivery
367,495,2024-10-18,Returned,Cash,Delivery
368,509,2025-02-07,Pending,Card,Delivery
369,592,2024-01-26,Completed,Cash,Delivery
370,489,2025-07-30,Completed,Bank Transfer,Delivery
371,830,2025-10-07,Pending,Card,Delivery
372,213,2025-05-16,Completed,Card,Delivery
373,632,2025-04-29,Completed,Cash,Delivery
374,506,2024-09-15,Completed,Bank Transfer,Pickup
375,38,2024-11-25,Completed,Digital Wallet,Pickup
376,275,2025-12-07,Completed,Digital Wallet,Delivery
377,321,2025-10-29,Completed,Digital Wallet,Pickup
378,527,2025-07-22,Cancelled,Card,Express
379,436,2025-12-17,Completed,Cash,Pickup
380,166,2025-06-16,Completed,Cash,Delivery
381,891,2024-04-26,Completed,Digital Wallet,Delivery
382,642,2025-06-21,Completed,Digital Wallet,Delivery
383,304,2024-04-30,Completed,Bank Transfer,Pickup
384,902,2025-11-23,Completed,Bank Transfer,Delivery
385,381,2025-07-31,Completed,Cash,Delivery
386,702,2024-07-28,Completed,Bank Transfer,Delivery
387,258,2025-04-28,Completed,Bank Transfer,Express
388,738,2024-05-18,Completed,Digital Wallet,Delivery
389,427,2024-07-02,Completed,Card,Express
390,6,2024-11-15,Completed,Cash,Delivery
391,551,2025-04-14,Completed,Card,Delivery
392,609,2024-06-09,Completed,Cash,Delivery
393,15,2024-07-16,Completed,Digital Wallet,Delivery
394,314,2025-01-11,Completed,Digital Wallet,Express
395,575,2025-07-08,Completed,Cash,Delivery
396,157,2024-04-15,Completed,Bank Transfer,Delivery
397,578,2024-04-14,Completed,Digital Wallet,Delivery
398,791,2025-08-29,Completed,Digital Wallet,Delivery
399,3,2024-08-25,Pending,Card,Express
400,630,2024-05-30,Completed,Digital Wallet,Pickup
401,332,2024-03-20,Returned,Card,Delivery
402,827,2025-03-26,Completed,Digital Wallet,Delivery
403,513,2024-04-30,Completed,Digital Wallet,Delivery
404,395,2025-12-24,Completed,Bank Transfer,Pickup
405,325,2025-06-27,Completed,Cash,Express
406,969,2025-10-10,Cancelled,Cash,Pickup
407,574,2025-03-28,Completed,Bank Transfer,Delivery
408,572,2025-03-21,Completed,Cash,Delivery
409,375,2025-04-22,Completed,Bank Transfer,Pickup
410,219,2025-09-23,Completed,Cash,Delivery
411,184,2024-01-11,Completed,Bank Transfer,Delivery
412,6,2025-08-23,Completed,Card,Express
413,938,2024-09-16,Completed,Card,Delivery
414,35,2025-10-24,Completed,Digital Wallet,Delivery
415,713,2025-12-22,Completed,Card,Express
416,844,2024-02-01,Cancelled,Digital Wallet,Express
417,648,2025-04-10,Completed,Digital Wallet,Pickup
418,664,2025-07-12,Completed,Card,Delivery
419,628,2025-12-31,Completed,Cash,Pickup
420,135,2024-03-25,Completed,Card,Delivery
421,653,2025-12-28,Completed,Card,Pickup
422,285,2024-07-17,Completed,Card,Delivery
423,689,2024-11-20,Returned,Cash,Express
424,601,2025-01-10,Completed,Digital Wallet,Delivery
425,684,2025-11-16,Completed,Cash,Pickup
426,514,2024-05-31,Completed,Card,Delivery
427,46,2024-10-09,Completed,Digital Wallet,Delivery
428,765,2024-01-04,Completed,Bank Transfer,Delivery
429,478,2025-08-04,Cancelled,Card,Delivery
430,475,2024-03-31,Completed,Card,Delivery
431,89,2024-07-09,Completed,Card,Pickup
432,808,2024-01-11,Completed,Bank Transfer,Delivery
433,899,2024-09-09,Completed,Cash,Pickup
434,756,2024-05-15,Completed,Digital Wallet,Pickup
435,183,2024-10-12,Completed,Bank Transfer,Delivery
436,856,2024-07-11,Completed,Cash,Delivery
437,303,2024-09-22,Completed,Bank Transfer,Delivery
438,364,2025-08-15,Completed,Digital Wallet,Pickup
439,704,2024-06-23,Completed,Digital Wallet,Delivery
440,583,2024-08-03,Pending,Digital Wallet,Delivery
441,831,2025-11-29,Completed,Cash,Delivery
442,992,2025-05-30,Completed,Bank Transfer,Delivery
443,792,2024-08-03,Completed,Digital Wallet,Delivery
444,945,2024-04-28,Completed,Cash,Delivery
445,479,2025-08-23,Completed,Digital Wallet,Delivery
446,923,2024-02-04,Completed,Card,Delivery
447,891,2024-01-09,Completed,Digital Wallet,Delivery
448,664,2024-04-12,Completed,Bank Transfer,Delivery
449,479,2025-07-13,Completed,Card,Delivery
450,632,2025-04-12,Completed,Digital Wallet,Pickup
451,485,2024-09-06,Completed,Bank Transfer,Delivery
452,495,2025-11-25,Completed,Card,Express
453,899,2024-08-27,Completed,Card,Delivery
454,793,2024-10-02,Pending,Digital Wallet,Delivery
455,168,2025-06-08,Completed,Bank Transfer,Pickup
456,989,2025-12-15,Returned,Cash,Express
457,582,2024-05-22,Completed,Bank Transfer,Pickup
458,56,2024-04-02,Completed,Cash,Pickup
459,470,2025-02-09,Completed,Card,Delivery
460,206,2024-06-25,Completed,Card,Delivery
461,879,2024-07-27,Completed,Cash,Delivery
462,569,2025-01-18,Completed,Cash,Delivery
463,483,2025-07-17,Completed,Cash,Express
464,685,2025-01-20,Cancelled,Cash,Pickup
465,99,2025-01-31,Completed,Cash,Delivery
466,335,2024-10-16,Completed,Digital Wallet,Delivery
467,547,2024-03-14,Completed,Card,Delivery
468,624,2024-07-01,Completed,Bank Transfer,Delivery
469,514,2024-01-02,Completed,Digital Wallet,Express
470,662,2024-08-23,Completed,Cash,Delivery
471,310,2025-03-21,Completed,Digital Wallet,Delivery
472,436,2024-06-03,Completed,Digital Wallet,Delivery
473,493,2024-02-05,Completed,Digital Wallet,Delivery
474,408,2025-11-29,Completed,Card,Delivery
475,85,2024-12-20,Completed,Card,Delivery
476,415,2024-01-13,Completed,Cash,Delivery
477,394,2025-12-03,Completed,Digital Wallet,Delivery
478,687,2025-02-15,Completed,Card,Delivery
479,265,2025-10-11,Completed,Digital Wallet,Delivery
480,800,2025-04-29,Completed,Bank Transfer,Delivery
481,184,2025-03-10,Completed,Digital Wallet,Pickup
482,82,2024-06-02,Completed,Bank Transfer,Delivery
483,833,2025-09-21,Completed,Digital Wallet,Delivery
484,476,2024-10-15,Completed,Digital Wallet,Delivery
485,52,2025-09-05,Completed,Bank Transfer,Delivery
486,692,2024-10-30,Completed,Card,Delivery
487,184,2024-10-27,Completed,Card,Delivery
488,305,2025-10-13,Completed,Card,Delivery
489,38,2025-06-28,Completed,Cash,Delivery
490,548,2024-04-06,Completed,Cash,Delivery
491,442,2024-10-08,Completed,Digital Wallet,Delivery
492,250,2025-06-20,Completed,Card,Delivery
493,382,2024-02-09,Completed,Card,Delivery
494,743,2024-03-21,Completed,Bank Transfer,Delivery
495,23,2024-07-07,Pending,Bank Transfer,Pickup
496,761,2024-03-22,Cancelled,Digital Wallet,Express
497,813,2024-07-15,Completed,Bank Transfer,Delivery
498,553,2024-09-06,Completed,Card,Delivery
499,485,2024-08-08,Completed,Digital Wallet,Delivery
500,706,2024-07-09,Completed,Card,Delivery
501,932,2024-07-04,Completed,Bank Transfer,Delivery
502,213,2024-01-20,Completed,Cash,Delivery
503,474,2025-09-05,Completed,Bank Transfer,Delivery
504,231,2024-01-19,Completed,Cash,Delivery
505,295,2025-12-30,Completed,Digital Wallet,Delivery
506,651,2025-09-01,Completed,Digital Wallet,Delivery
507,572,2024-01-13,Completed,Bank Transfer,Delivery
508,456,2024-06-04,Completed,Digital Wallet,Delivery
509,715,2024-06-23,Completed,Bank Transfer,Delivery
510,677,2025-08-08,Pending,Digital Wallet,Delivery
511,354,2024-03-26,Completed,Bank Transfer,Delivery
512,769,2024-11-18,Completed,Digital Wallet,Delivery
513,640,2025-08-21,Completed,Bank Transfer,Delivery
514,426,2024-01-24,Completed,Bank Transfer,Delivery
515,503,2024-08-28,Completed,Cash,Delivery
516,972,2024-05-06,Completed,Cash,Delivery
517,114,2025-08-07,Completed,Cash,Pickup
518,753,2025-02-14,Completed,Bank Transfer,Pickup
519,429,2025-09-05,Completed,Bank Transfer,Delivery
520,681,2025-12-04,Pending,Bank Transfer,Delivery
521,546,2025-02-05,Completed,Digital Wallet,Delivery
522,476,2024-10-20,Cancelled,Digital Wallet,Delivery
523,895,2024-06-30,Completed,Card,Delivery
524,343,2025-04-20,Completed,Card,Delivery
525,669,2025-03-04,Pending,Digital Wallet,Delivery
526,30,2025-09-25,Completed,Card,Delivery
527,750,2025-02-22,Returned,Bank Transfer,Delivery
528,171,2025-08-05,Completed,Card,Express
529,24,2025-09-07,Cancelled,Digital Wallet,Delivery
530,885,2024-07-16,Cancelled,Cash,Delivery
531,741,2024-09-02,Completed,Cash,Delivery
532,301,2024-03-07,Returned,Cash,Delivery
533,471,2024-09-07,Completed,Digital Wallet,Express
534,816,2024-06-30,Pending,Card,Pickup
535,858,2024-12-05,Cancelled,Cash,Delivery
536,740,2024-03-12,Completed,Card,Delivery
537,417,2025-06-16,Pending,Digital Wallet,Delivery
538,428,2024-09-23,Cancelled,Card,Pickup
539,622,2025-10-24,Pending,Card,Delivery
540,848,2024-03-02,Completed,Digital Wallet,Pickup
541,743,2024-02-10,Completed,Digital Wallet,Delivery
542,128,2024-04-16,Completed,Bank Transfer,Pickup
543,594,2024-04-24,Completed,Bank Transfer,Delivery
544,348,2024-05-25,Returned,Digital Wallet,Delivery
545,100,2024-12-03,Completed,Card,Delivery
546,727,2025-05-18,Completed,Bank Transfer,Delivery
547,706,2025-03-31,Completed,Digital Wallet,Delivery
548,582,2024-10-08,Completed,Cash,Delivery
549,296,2024-01-27,Completed,Bank Transfer,Delivery
550,731,2024-10-25,Completed,Cash,Delivery
551,313,2025-05-01,Completed,Bank Transfer,Delivery
552,825,2025-12-12,Completed,Bank Transfer,Pickup
553,264,2025-10-14,Completed,Cash,Delivery
554,152,2025-08-21,Completed,Bank Transfer,Pickup
555,764,2025-06-13,Completed,Cash,Express
556,660,2024-06-08,Completed,Bank Transfer,Delivery
557,388,2025-05-11,Completed,Digital Wallet,Delivery
558,919,2025-01-23,Completed,Card,Delivery
559,317,2024-07-30,Completed,Bank Transfer,Delivery
560,747,2024-05-02,Completed,Bank Transfer,Delivery
561,584,2025-10-15,Returned,Cash,Pickup
562,373,2025-11-11,Completed,Card,Express
563,520,2024-03-09,Completed,Card,Express
564,58,2025-04-02,Completed,Cash,Delivery
565,817,2024-07-06,Completed,Cash,Delivery
566,735,2025-04-12,Completed,Bank Transfer,Delivery
567,94,2024-07-13,Completed,Card,Express
568,136,2025-06-19,Completed,Cash,Delivery
569,600,2025-08-18,Completed,Card,Delivery
570,801,2024-02-22,Completed,Card,Delivery
571,120,2025-03-28,Completed,Cash,Delivery
572,604,2024-08-08,Completed,Bank Transfer,Delivery
573,596,2025-03-16,Cancelled,Card,Pickup
574,454,2025-10-20,Completed,Digital Wallet,Express
575,258,2025-02-20,Completed,Digital Wallet,Delivery
576,337,2025-06-03,Completed,Bank Transfer,Express
577,307,2024-09-27,Cancelled,Cash,Delivery
578,695,2025-07-28,Completed,Digital Wallet,Delivery
579,775,2024-07-05,Completed,Bank Transfer,Pickup
580,522,2025-04-26,Completed,Cash,Delivery
581,443,2025-11-20,Completed,Digital Wallet,Delivery
582,704,2025-07-05,Cancelled,Cash,Pickup
583,782,2024-08-25,Completed,Bank Transfer,Delivery
584,544,2025-04-28,Completed,Bank Transfer,Express
585,216,2025-08-07,Completed,Bank Transfer,Delivery
586,785,2025-02-09,Completed,Cash,Delivery
587,161,2024-11-29,Pending,Digital Wallet,Delivery
588,808,2025-03-02,Completed,Bank Transfer,Delivery
589,270,2025-04-28,Returned,Bank Transfer,Delivery
590,314,2024-12-07,Completed,Bank Transfer,Delivery
591,436,2025-07-30,Completed,Digital Wallet,Delivery
592,963,2025-02-17,Completed,Digital Wallet,Delivery
593,825,2024-05-23,Pending,Bank Transfer,Delivery
594,722,2024-07-26,Completed,Bank Transfer,Delivery
595,383,2024-01-25,Completed,Digital Wallet,Delivery
596,574,2024-07-23,Completed,Digital Wallet,Pickup
597,110,2024-03-17,Completed,Bank Transfer,Pickup
598,965,2025-08-30,Completed,Card,Pickup
599,400,2025-12-05,Pending,Digital Wallet,Delivery
600,622,2025-08-23,Completed,Card,Delivery
601,351,2024-10-09,Completed,Digital Wallet,Express
602,114,2025-04-28,Completed,Card,Delivery
603,794,2025-02-27,Cancelled,Cash,Delivery
604,588,2024-07-23,Completed,Digital Wallet,Delivery
605,587,2025-07-13,Completed,Bank Transfer,Delivery
606,837,2024-10-25,Completed,Cash,Pickup
607,70,2025-12-17,Completed,Bank Transfer,Express
608,370,2025-04-01,Completed,Cash,Delivery
609,480,2024-08-21,Completed,Bank Transfer,Delivery
610,995,2025-12-21,Completed,Card,Delivery
611,658,2025-02-24,Completed,Digital Wallet,Pickup
612,852,2025-06-25,Completed,Bank Transfer,Delivery
613,448,2024-02-02,Pending,Bank Transfer,Pickup
614,504,2024-10-16,Completed,Card,Pickup
615,579,2024-04-04,Pending,Card,Delivery
616,818,2025-06-09,Cancelled,Card,Delivery
617,480,2025-09-16,Completed,Cash,Pickup
618,786,2025-12-01,Completed,Bank Transfer,Delivery
619,911,2024-06-04,Completed,Card,Delivery
620,590,2024-12-13,Completed,Digital Wallet,Pickup
621,412,2025-08-11,Completed,Digital Wallet,Delivery
622,231,2024-11-26,Completed,Bank Transfer,Pickup
623,599,2025-11-21,Completed,Digital Wallet,Delivery
624,206,2025-08-11,Returned,Cash,Delivery
625,152,2024-07-30,Completed,Card,Delivery
626,617,2024-02-10,Completed,Bank Transfer,Express
627,336,2024-11-18,Returned,Cash,Delivery
628,168,2025-03-10,Pending,Cash,Express
629,223,2024-12-29,Completed,Digital Wallet,Delivery
630,971,2025-01-19,Completed,Cash,Delivery
631,458,2025-03-25,Completed,Cash,Pickup
632,605,2024-05-07,Completed,Cash,Delivery
633,593,2025-06-12,Completed,Cash,Delivery
634,501,2025-09-11,Completed,Bank Transfer,Delivery
635,216,2024-04-02,Completed,Bank Transfer,Delivery
636,521,2024-04-24,Returned,Card,Delivery
637,823,2025-03-06,Completed,Card,Delivery
638,969,2024-11-13,Cancelled,Digital Wallet,Express
639,668,2024-11-03,Completed,Card,Delivery
640,830,2025-02-03,Cancelled,Card,Express
641,282,2025-10-24,Returned,Card,Delivery
642,255,2024-06-30,Completed,Cash,Delivery
643,144,2025-12-12,Completed,Card,Delivery
644,822,2024-08-02,Cancelled,Bank Transfer,Delivery
645,425,2024-06-10,Completed,Cash,Express
646,989,2024-06-04,Completed,Cash,Delivery
647,948,2024-04-22,Completed,Card,Delivery
648,314,2025-02-17,Completed,Bank Transfer,Delivery
649,30,2024-01-27,Completed,Digital Wallet,Delivery
650,893,2024-05-27,Returned,Card,Delivery
651,781,2025-09-04,Completed,Cash,Delivery
652,16,2024-12-23,Returned,Card,Delivery
653,68,2024-04-25,Pending,Digital Wallet,Express
654,877,2025-07-03,Completed,Card,Delivery
655,481,2024-09-20,Completed,Bank Transfer,Express
656,685,2024-04-08,Completed,Cash,Delivery
657,528,2024-05-12,Completed,Cash,Delivery
658,85,2024-04-07,Completed,Bank Transfer,Pickup
659,108,2024-09-12,Completed,Cash,Pickup
660,309,2024-12-02,Completed,Digital Wallet,Delivery
661,533,2025-06-13,Completed,Bank Transfer,Pickup
662,135,2024-12-01,Completed,Cash,Delivery
663,958,2024-02-05,Completed,Digital Wallet,Delivery
664,814,2024-07-21,Pending,Card,Delivery
665,35,2024-08-31,Completed,Bank Transfer,Delivery
666,493,2025-05-10,Cancelled,Cash,Delivery
667,837,2025-08-14,Completed,Cash,Delivery
668,270,2025-07-12,Completed,Bank Transfer,Delivery
669,527,2024-12-11,Completed,Cash,Delivery
670,827,2025-05-14,Completed,Digital Wallet,Delivery
671,685,2024-12-16,Completed,Bank Transfer,Delivery
672,375,2025-03-12,Completed,Cash,Delivery
673,999,2025-04-13,Cancelled,Card,Delivery
674,303,2024-05-09,Cancelled,Bank Transfer,Delivery
675,567,2024-03-25,Pending,Cash,Delivery
676,964,2025-06-07,Completed,Cash,Pickup
677,204,2024-12-28,Completed,Cash,Delivery
678,544,2025-06-21,Completed,Bank Transfer,Delivery
679,711,2025-06-27,Completed,Cash,Delivery
680,170,2025-10-12,Completed,Cash,Pickup
681,770,2024-06-04,Completed,Digital Wallet,Pickup
682,286,2024-02-20,Pending,Digital Wallet,Delivery
683,923,2025-06-18,Pending,Digital Wallet,Delivery
684,140,2024-11-03,Completed,Bank Transfer,Pickup
685,685,2024-11-15,Completed,Card,Delivery
686,421,2024-05-23,Completed,Cash,Pickup
687,827,2024-09-05,Completed,Cash,Delivery
688,401,2025-08-28,Completed,Bank Transfer,Delivery
689,987,2024-10-09,Completed,Digital Wallet,Delivery
690,758,2025-08-22,Returned,Cash,Delivery
691,146,2025-11-19,Completed,Bank Transfer,Delivery
692,121,2025-06-17,Completed,Card,Pickup
693,613,2025-04-27,Completed,Digital Wallet,Delivery
694,128,2025-07-08,Completed,Digital Wallet,Delivery
695,902,2024-12-15,Cancelled,Card,Delivery
696,913,2024-09-18,Completed,Digital Wallet,Delivery
697,173,2025-12-27,Completed,Digital Wallet,Pickup
698,231,2025-06-19,Completed,Bank Transfer,Delivery
699,871,2025-11-11,Completed,Digital Wallet,Delivery
700,654,2024-04-17,Cancelled,Bank Transfer,Pickup
701,751,2024-10-09,Returned,Bank Transfer,Delivery
702,857,2024-09-14,Pending,Card,Delivery
703,731,2025-05-12,Completed,Digital Wallet,Delivery
704,445,2025-11-12,Completed,Digital Wallet,Delivery
705,858,2025-08-02,Completed,Digital Wallet,Delivery
706,111,2025-08-27,Cancelled,Card,Delivery
707,121,2024-09-01,Completed,Digital Wallet,Pickup
708,736,2024-02-10,Completed,Digital Wallet,Pickup
709,588,2025-06-19,Completed,Digital Wallet,Pickup
710,644,2025-03-18,Completed,Card,Delivery
711,186,2024-01-25,Completed,Bank Transfer,Delivery
712,943,2025-02-26,Completed,Digital Wallet,Pickup
713,260,2025-01-02,Completed,Bank Transfer,Delivery
714,989,2024-09-11,Completed,Card,Delivery
715,716,2025-10-12,Completed,Cash,Delivery
716,790,2025-07-14,Completed,Digital Wallet,Pickup
717,800,2024-06-25,Cancelled,Card,Delivery
718,632,2025-07-05,Completed,Cash,Delivery
719,314,2024-04-13,Returned,Card,Delivery
720,321,2025-09-28,Completed,Cash,Pickup
721,208,2024-09-28,Cancelled,Digital Wallet,Delivery
722,826,2025-03-24,Returned,Cash,Express
723,331,2024-01-17,Completed,Bank Transfer,Express
724,718,2025-10-19,Completed,Cash,Delivery
725,713,2024-03-18,Completed,Card,Pickup
726,937,2025-11-10,Completed,Bank Transfer,Delivery
727,349,2025-06-29,Completed,Cash,Express
728,107,2024-10-27,Completed,Card,Delivery
729,231,2025-03-29,Cancelled,Cash,Delivery
730,684,2024-10-07,Completed,Cash,Pickup
731,225,2024-09-08,Cancelled,Digital Wallet,Delivery
732,222,2024-05-28,Completed,Cash,Express
733,879,2025-09-18,Completed,Digital Wallet,Delivery
734,565,2025-08-04,Completed,Cash,Pickup
735,595,2025-02-13,Completed,Digital Wallet,Pickup
736,724,2025-01-07,Completed,Bank Transfer,Delivery
737,374,2024-08-28,Completed,Bank Transfer,Delivery
738,710,2024-05-17,Completed,Cash,Pickup
739,593,2024-05-11,Completed,Digital Wallet,Delivery
740,108,2025-09-10,Completed,Bank Transfer,Pickup
741,661,2025-07-21,Cancelled,Cash,Delivery
742,589,2024-02-24,Completed,Digital Wallet,Delivery
743,447,2024-03-07,Pending,Cash,Delivery
744,460,2025-07-26,Completed,Bank Transfer,Delivery
745,724,2024-05-31,Completed,Bank Transfer,Delivery
746,737,2024-10-09,Completed,Card,Pickup
747,503,2025-03-17,Completed,Cash,Express
748,221,2025-11-08,Completed,Bank Transfer,Delivery
749,584,2025-06-04,Returned,Cash,Pickup
750,698,2025-08-23,Completed,Card,Express
751,55,2025-12-30,Completed,Card,Pickup
752,73,2025-09-20,Completed,Digital Wallet,Pickup
753,751,2024-07-18,Completed,Cash,Pickup
754,31,2025-10-26,Returned,Card,Delivery
755,97,2025-02-17,Completed,Digital Wallet,Pickup
756,391,2025-12-14,Completed,Bank Transfer,Delivery
757,319,2024-12-29,Completed,Digital Wallet,Pickup
758,512,2024-04-02,Completed,Digital Wallet,Delivery
759,360,2025-10-24,Completed,Bank Transfer,Delivery
760,97,2025-06-20,Completed,Card,Express
761,61,2025-11-30,Completed,Cash,Delivery
762,542,2024-01-13,Completed,Digital Wallet,Delivery
763,820,2025-08-04,Completed,Card,Express
764,194,2025-10-13,Completed,Cash,Delivery
765,1000,2024-12-19,Completed,Cash,Delivery
766,588,2024-06-30,Returned,Cash,Delivery
767,834,2025-03-31,Completed,Card,Express
768,910,2024-05-03,Completed,Bank Transfer,Express
769,111,2024-12-23,Completed,Cash,Express
770,510,2024-07-16,Completed,Bank Transfer,Express
771,951,2025-11-05,Completed,Digital Wallet,Pickup
772,967,2024-04-29,Completed,Card,Delivery
773,375,2024-05-24,Completed,Digital Wallet,Delivery
774,414,2024-02-12,Completed,Digital Wallet,Pickup
775,932,2025-11-06,Completed,Card,Pickup
776,94,2025-11-10,Completed,Digital Wallet,Pickup
777,659,2024-07-24,Completed,Cash,Delivery
778,203,2024-10-26,Returned,Digital Wallet,Delivery
779,387,2024-03-25,Completed,Digital Wallet,Delivery
780,575,2025-05-10,Completed,Bank Transfer,Delivery
781,806,2024-10-21,Completed,Card,Delivery
782,43,2024-07-11,Returned,Bank Transfer,Pickup
783,766,2025-08-07,Completed,Bank Transfer,Pickup
784,548,2024-01-29,Completed,Bank Transfer,Delivery
785,361,2025-07-04,Completed,Digital Wallet,Pickup
786,537,2024-07-01,Completed,Card,Express
787,102,2025-04-13,Returned,Cash,Pickup
788,75,2024-07-27,Completed,Card,Delivery
789,391,2024-07-29,Returned,Card,Express
790,5,2024-09-03,Completed,Bank Transfer,Express
791,400,2024-08-21,Completed,Digital Wallet,Delivery
792,146,2025-09-05,Completed,Bank Transfer,Pickup
793,433,2025-11-27,Completed,Bank Transfer,Delivery
794,900,2025-10-31,Completed,Bank Transfer,Delivery
795,11,2025-03-01,Cancelled,Digital Wallet,Delivery
796,923,2024-07-13,Completed,Digital Wallet,Delivery
797,11,2025-10-03,Completed,Card,Delivery
798,460,2024-05-11,Completed,Cash,Delivery
799,118,2024-04-28,Completed,Digital Wallet,Delivery
800,550,2024-12-01,Completed,Bank Transfer,Express
801,733,2025-12-12,Completed,Bank Transfer,Delivery
802,584,2024-09-24,Completed,Card,Delivery
803,907,2024-07-25,Pending,Digital Wallet,Delivery
804,531,2024-02-06,Completed,Card,Delivery
805,39,2025-02-01,Completed,Card,Delivery
806,631,2025-01-14,Completed,Cash,Delivery
807,788,2024-02-12,Completed,Cash,Pickup
808,743,2024-11-21,Completed,Card,Express
809,350,2024-09-13,Returned,Bank Transfer,Delivery
810,924,2025-10-21,Completed,Digital Wallet,Delivery
811,299,2025-06-01,Completed,Cash,Delivery
812,344,2025-11-04,Completed,Card,Pickup
813,72,2024-09-08,Completed,Bank Transfer,Delivery
814,147,2025-07-14,Pending,Card,Delivery
815,67,2025-02-23,Completed,Card,Delivery
816,174,2024-11-25,Completed,Cash,Express
817,701,2024-08-27,Completed,Card,Delivery
818,834,2025-01-31,Completed,Card,Pickup
819,781,2025-10-05,Completed,Card,Delivery
820,844,2025-05-02,Returned,Digital Wallet,Delivery
821,631,2025-01-31,Completed,Cash,Delivery
822,628,2024-09-13,Completed,Digital Wallet,Delivery
823,921,2024-06-05,Completed,Bank Transfer,Delivery
824,294,2025-10-14,Completed,Digital Wallet,Express
825,904,2024-06-13,Completed,Card,Delivery
826,308,2024-05-27,Completed,Digital Wallet,Pickup
827,555,2024-08-20,Pending,Cash,Pickup
828,362,2024-08-01,Returned,Digital Wallet,Pickup
829,472,2025-04-08,Completed,Digital Wallet,Delivery
830,346,2024-11-29,Completed,Cash,Pickup
831,211,2024-09-08,Completed,Cash,Delivery
832,971,2025-11-06,Completed,Bank Transfer,Express
833,562,2025-02-22,Completed,Bank Transfer,Delivery
834,145,2025-04-26,Completed,Digital Wallet,Delivery
835,853,2025-09-30,Completed,Cash,Delivery
836,565,2024-06-09,Completed,Digital Wallet,Delivery
837,454,2024-01-25,Completed,Digital Wallet,Delivery
838,177,2024-10-06,Pending,Cash,Delivery
839,589,2024-07-21,Completed,Bank Transfer,Delivery
840,889,2024-05-13,Completed,Digital Wallet,Delivery
841,956,2025-09-19,Completed,Card,Delivery
842,806,2024-03-07,Completed,Card,Express
843,891,2024-02-24,Completed,Card,Delivery
844,924,2024-12-31,Completed,Cash,Express
845,315,2024-03-08,Completed,Bank Transfer,Delivery
846,849,2025-04-02,Completed,Cash,Delivery
847,104,2025-07-29,Completed,Cash,Delivery
848,122,2025-06-29,Returned,Digital Wallet,Delivery
849,566,2025-10-05,Completed,Bank Transfer,Delivery
850,926,2024-09-12,Pending,Cash,Express
851,100,2024-02-10,Completed,Digital Wallet,Delivery
852,489,2024-06-23,Completed,Bank Transfer,Express
853,599,2025-08-08,Completed,Card,Express
854,970,2025-11-18,Completed,Bank Transfer,Express
855,908,2025-01-13,Completed,Cash,Delivery
856,694,2025-02-07,Returned,Card,Express
857,810,2025-11-15,Completed,Bank Transfer,Delivery
858,812,2024-03-26,Completed,Digital Wallet,Delivery
859,913,2025-08-27,Completed,Cash,Delivery
860,259,2024-07-15,Completed,Card,Delivery
861,928,2024-06-19,Completed,Cash,Pickup
862,270,2025-04-04,Pending,Bank Transfer,Delivery
863,768,2025-11-03,Completed,Card,Delivery
864,33,2024-05-13,Cancelled,Card,Pickup
865,20,2024-11-05,Completed,Digital Wallet,Delivery
866,37,2025-12-12,Completed,Digital Wallet,Delivery
867,823,2025-06-08,Cancelled,Digital Wallet,Delivery
868,351,2024-05-15,Returned,Bank Transfer,Delivery
869,501,2024-10-15,Completed,Digital Wallet,Express
870,87,2025-11-13,Returned,Card,Delivery
871,132,2024-04-19,Completed,Cash,Delivery
872,158,2025-08-08,Completed,Card,Pickup
873,10,2024-01-14,Completed,Bank Transfer,Pickup
874,633,2024-03-13,Completed,Digital Wallet,Delivery
875,339,2025-11-11,Completed,Card,Delivery
876,143,2024-07-23,Returned,Card,Delivery
877,736,2024-04-03,Completed,Cash,Delivery
878,735,2024-03-22,Completed,Cash,Delivery
879,203,2025-12-26,Pending,Cash,Delivery
880,750,2025-11-23,Completed,Card,Delivery
881,520,2024-01-07,Completed,Cash,Delivery
882,900,2025-07-09,Completed,Cash,Delivery
883,720,2024-03-18,Completed,Bank Transfer,Pickup
884,234,2024-06-15,Completed,Bank Transfer,Delivery
885,519,2025-10-17,Completed,Digital Wallet,Delivery
886,354,2024-09-03,Completed,Bank Transfer,Delivery
887,166,2024-03-07,Completed,Digital Wallet,Delivery
888,751,2024-03-02,Completed,Digital Wallet,Delivery
889,783,2025-04-01,Completed,Card,Delivery
890,790,2025-01-05,Completed,Card,Delivery
891,745,2024-11-22,Completed,Digital Wallet,Delivery
892,308,2025-05-15,Completed,Cash,Delivery
893,175,2024-02-13,Completed,Digital Wallet,Delivery
894,473,2024-11-28,Returned,Digital Wallet,Delivery
895,921,2025-04-20,Completed,Cash,Pickup
896,395,2025-03-05,Returned,Cash,Pickup
897,391,2025-10-09,Completed,Bank Transfer,Delivery
898,811,2025-11-08,Returned,Cash,Delivery
899,189,2024-08-10,Completed,Digital Wallet,Delivery
900,278,2024-12-11,Completed,Digital Wallet,Delivery
901,311,2025-07-16,Completed,Cash,Delivery
902,742,2025-05-26,Completed,Cash,Delivery
903,682,2024-03-02,Completed,Card,Delivery
904,332,2025-12-23,Completed,Bank Transfer,Delivery
905,532,2025-05-21,Completed,Digital Wallet,Delivery
906,980,2024-11-11,Completed,Bank Transfer,Delivery
907,701,2025-09-25,Completed,Card,Delivery
908,543,2024-10-15,Completed,Bank Transfer,Pickup
909,885,2024-05-11,Completed,Digital Wallet,Delivery
910,458,2025-01-13,Completed,Cash,Express
911,705,2024-08-27,Returned,Bank Transfer,Delivery
912,924,2025-05-02,Completed,Bank Transfer,Delivery
913,340,2025-12-16,Completed,Cash,Express
914,801,2025-10-09,Completed,Cash,Pickup
915,625,2024-08-30,Completed,Cash,Delivery
916,482,2024-01-20,Completed,Card,Delivery
917,152,2025-09-30,Completed,Digital Wallet,Delivery
918,923,2024-09-29,Completed,Digital Wallet,Pickup
919,811,2024-10-09,Completed,Bank Transfer,Pickup
920,61,2025-04-30,Completed,Card,Delivery
921,845,2025-09-27,Completed,Cash,Pickup
922,980,2024-11-23,Completed,Bank Transfer,Delivery
923,550,2024-07-23,Cancelled,Cash,Express
924,612,2025-09-11,Completed,Card,Pickup
925,200,2025-06-20,Completed,Bank Transfer,Delivery
926,386,2025-03-09,Completed,Card,Delivery
927,210,2024-05-27,Completed,Card,Delivery
928,781,2025-03-07,Completed,Digital Wallet,Pickup
929,152,2025-04-02,Completed,Cash,Delivery
930,777,2024-11-17,Completed,Bank Transfer,Delivery
931,203,2025-12-24,Completed,Bank Transfer,Delivery
932,132,2024-11-26,Pending,Card,Delivery
933,335,2025-07-19,Completed,Cash,Delivery
934,738,2025-01-19,Completed,Digital Wallet,Delivery
935,406,2024-07-01,Completed,Card,Delivery
936,332,2025-08-02,Completed,Card,Pickup
937,58,2025-12-31,Completed,Card,Express
938,144,2024-06-04,Completed,Cash,Express
939,241,2024-04-04,Completed,Bank Transfer,Delivery
940,423,2024-12-17,Completed,Digital Wallet,Delivery
941,64,2025-06-21,Completed,Digital Wallet,Delivery
942,562,2024-04-01,Completed,Digital Wallet,Delivery
943,782,2024-09-24,Completed,Card,Delivery
944,572,2024-01-25,Completed,Cash,Delivery
945,44,2024-08-12,Completed,Cash,Express
946,141,2025-05-27,Completed,Digital Wallet,Pickup
947,687,2025-02-09,Completed,Bank Transfer,Delivery
948,686,2025-12-14,Completed,Card,Delivery
949,604,2024-02-06,Completed,Digital Wallet,Delivery
950,719,2024-03-23,Completed,Bank Transfer,Delivery
951,849,2024-06-17,Completed,Cash,Delivery
952,938,2025-10-04,Completed,Bank Transfer,Delivery
953,384,2025-06-07,Completed,Cash,Pickup
954,263,2024-12-08,Completed,Bank Transfer,Delivery
955,667,2024-10-19,Completed,Digital Wallet,Delivery
956,668,2025-11-18,Completed,Digital Wallet,Delivery
957,116,2024-02-12,Completed,Card,Pickup
958,896,2024-07-29,Completed,Bank Transfer,Pickup
959,691,2024-08-07,Cancelled,Bank Transfer,Delivery
960,56,2025-10-25,Completed,Bank Transfer,Delivery
961,25,2024-11-13,Completed,Cash,Pickup
962,212,2025-05-26,Returned,Digital Wallet,Pickup
963,469,2025-02-04,Completed,Cash,Express
964,492,2025-07-28,Completed,Cash,Delivery
965,110,2024-01-01,Cancelled,Card,Pickup
966,970,2024-10-07,Returned,Bank Transfer,Delivery
967,747,2025-08-04,Pending,Card,Delivery
968,221,2025-10-23,Completed,Digital Wallet,Pickup
969,382,2024-03-18,Completed,Card,Delivery
970,36,2024-05-02,Completed,Bank Transfer,Delivery
971,955,2024-07-28,Completed,Card,Pickup
972,955,2025-05-02,Completed,Card,Delivery
973,241,2025-04-11,Cancelled,Bank Transfer,Delivery
974,720,2025-07-30,Completed,Cash,Delivery
975,408,2025-11-25,Completed,Card,Delivery
976,851,2025-04-21,Completed,Card,Delivery
977,46,2025-11-03,Completed,Bank Transfer,Pickup
978,737,2025-05-05,Completed,Bank Transfer,Delivery
979,279,2024-07-11,Completed,Digital Wallet,Pickup
980,666,2024-02-15,Cancelled,Digital Wallet,Delivery
981,720,2025-05-15,Completed,Card,Delivery
982,91,2025-09-04,Completed,Digital Wallet,Delivery
983,383,2025-11-05,Returned,Cash,Delivery
984,655,2024-12-21,Completed,Digital Wallet,Delivery
985,356,2024-10-26,Completed,Digital Wallet,Delivery
986,418,2025-01-03,Pending,Card,Delivery
987,907,2024-05-20,Completed,Bank Transfer,Delivery
988,462,2025-07-06,Cancelled,Cash,Pickup
989,352,2025-06-02,Returned,Cash,Delivery
990,554,2025-10-09,Cancelled,Cash,Pickup
991,588,2024-05-22,Pending,Cash,Pickup
992,406,2024-03-24,Cancelled,Card,Express
993,558,2024-02-12,Completed,Card,Delivery
994,564,2025-11-11,Returned,Cash,Delivery
995,807,2024-12-08,Completed,Bank Transfer,Pickup
996,817,2025-01-17,Completed,Digital Wallet,Delivery
997,840,2025-02-06,Completed,Bank Transfer,Pickup
998,705,2024-04-18,Completed,Digital Wallet,Delivery
999,711,2024-07-11,Completed,Card,Delivery
1000,938,2024-03-14,Completed,Bank Transfer,Delivery
1001,416,2024-11-06,Cancelled,Card,Express
1002,196,2024-01-25,Completed,Bank Transfer,Delivery
1003,191,2025-11-27,Completed,Bank Transfer,Delivery
1004,122,2025-03-08,Returned,Digital Wallet,Delivery
1005,612,2024-11-03,Completed,Bank Transfer,Delivery
1006,439,2025-09-26,Completed,Digital Wallet,Delivery
1007,608,2024-02-12,Completed,Card,Delivery
1008,360,2024-02-01,Completed,Digital Wallet,Pickup
1009,393,2025-07-05,Completed,Digital Wallet,Delivery
1010,636,2024-12-25,Returned,Digital Wallet,Express
1011,390,2024-02-09,Pending,Card,Delivery
1012,557,2024-04-04,Completed,Card,Delivery
1013,768,2024-12-11,Completed,Digital Wallet,Delivery
1014,318,2025-07-19,Completed,Digital Wallet,Delivery
1015,421,2024-04-07,Completed,Cash,Delivery
1016,692,2024-01-29,Returned,Digital Wallet,Delivery
1017,186,2025-04-19,Completed,Digital Wallet,Pickup
1018,549,2025-10-31,Completed,Bank Transfer,Delivery
1019,715,2025-06-13,Completed,Digital Wallet,Delivery
1020,167,2024-02-10,Completed,Bank Transfer,Delivery
1021,704,2024-06-07,Pending,Card,Delivery
1022,498,2024-09-12,Completed,Cash,Pickup
1023,45,2024-11-05,Completed,Bank Transfer,Pickup
1024,598,2025-05-20,Completed,Digital Wallet,Pickup
1025,971,2024-04-28,Completed,Cash,Delivery
1026,970,2025-09-11,Completed,Digital Wallet,Delivery
1027,814,2025-12-16,Completed,Bank Transfer,Delivery
1028,109,2025-03-04,Completed,Bank Transfer,Delivery
1029,719,2025-03-08,Completed,Card,Delivery
1030,972,2025-11-11,Completed,Digital Wallet,Delivery
1031,250,2024-05-20,Completed,Cash,Delivery
1032,192,2025-11-11,Completed,Bank Transfer,Delivery
1033,490,2024-03-09,Pending,Cash,Delivery
1034,119,2025-07-27,Completed,Cash,Delivery
1035,137,2025-12-19,Completed,Bank Transfer,Delivery
1036,808,2024-01-13,Completed,Bank Transfer,Delivery
1037,10,2024-11-06,Cancelled,Cash,Delivery
1038,250,2025-05-06,Completed,Cash,Delivery
1039,490,2025-05-05,Completed,Cash,Delivery
1040,649,2025-10-04,Completed,Card,Delivery
1041,131,2025-06-06,Completed,Card,Delivery
1042,75,2025-08-02,Completed,Digital Wallet,Pickup
1043,371,2024-08-18,Cancelled,Digital Wallet,Delivery
1044,443,2024-02-13,Cancelled,Digital Wallet,Delivery
1045,688,2025-01-17,Completed,Cash,Pickup
1046,131,2025-05-05,Completed,Digital Wallet,Delivery
1047,774,2025-10-12,Completed,Bank Transfer,Delivery
1048,77,2025-03-19,Completed,Digital Wallet,Delivery
1049,87,2025-12-22,Returned,Cash,Pickup
1050,41,2025-01-13,Completed,Bank Transfer,Delivery
1051,827,2024-12-15,Completed,Bank Transfer,Express
1052,876,2025-04-26,Completed,Digital Wallet,Pickup
1053,860,2025-12-05,Completed,Cash,Delivery
1054,94,2025-12-09,Completed,Bank Transfer,Delivery
1055,632,2025-10-08,Completed,Bank Transfer,Express
1056,896,2024-10-22,Completed,Cash,Delivery
1057,928,2024-11-27,Returned,Cash,Delivery
1058,314,2024-07-15,Cancelled,Digital Wallet,Delivery
1059,613,2025-03-10,Completed,Cash,Pickup
1060,912,2024-05-22,Completed,Bank Transfer,Delivery
1061,703,2025-01-05,Completed,Bank Transfer,Delivery
1062,474,2025-08-18,Completed,Card,Pickup
1063,898,2024-10-25,Completed,Cash,Delivery
1064,649,2024-12-11,Completed,Digital Wallet,Delivery
1065,402,2025-05-10,Completed,Digital Wallet,Delivery
1066,150,2024-09-17,Completed,Bank Transfer,Delivery
1067,386,2025-07-17,Pending,Card,Delivery
1068,832,2024-09-17,Returned,Digital Wallet,Express
1069,564,2025-08-20,Cancelled,Digital Wallet,Delivery
1070,53,2025-03-13,Completed,Digital Wallet,Delivery
1071,488,2025-03-23,Completed,Card,Delivery
1072,126,2025-01-05,Completed,Card,Delivery
1073,72,2024-10-11,Completed,Bank Transfer,Delivery
1074,99,2025-12-04,Completed,Card,Pickup
1075,581,2024-03-02,Completed,Bank Transfer,Express
1076,737,2024-10-10,Completed,Cash,Delivery
1077,634,2025-09-10,Completed,Bank Transfer,Express
1078,363,2024-08-30,Completed,Bank Transfer,Pickup
1079,176,2025-01-27,Completed,Card,Express
1080,94,2025-08-07,Completed,Bank Transfer,Pickup
1081,128,2024-04-07,Completed,Digital Wallet,Delivery
1082,471,2025-09-16,Completed,Cash,Express
1083,287,2024-04-19,Completed,Bank Transfer,Delivery
1084,882,2025-09-06,Cancelled,Digital Wallet,Delivery
1085,103,2024-03-24,Completed,Digital Wallet,Delivery
1086,757,2025-01-28,Cancelled,Digital Wallet,Delivery
1087,784,2024-10-05,Completed,Digital Wallet,Delivery
1088,897,2025-06-20,Completed,Card,Delivery
1089,631,2025-02-01,Cancelled,Cash,Delivery
1090,721,2024-03-20,Completed,Digital Wallet,Delivery
1091,414,2024-07-31,Completed,Bank Transfer,Delivery
1092,255,2024-10-24,Returned,Digital Wallet,Delivery
1093,481,2024-01-25,Completed,Cash,Delivery
1094,67,2025-04-08,Completed,Card,Delivery
1095,354,2025-01-03,Completed,Digital Wallet,Delivery
1096,457,2025-03-10,Completed,Bank Transfer,Delivery
1097,276,2025-01-10,Returned,Bank Transfer,Delivery
1098,173,2024-08-12,Cancelled,Cash,Pickup
1099,391,2025-01-08,Completed,Cash,Delivery
1100,938,2024-06-11,Completed,Card,Delivery
1101,538,2024-09-18,Completed,Bank Transfer,Delivery
1102,447,2024-10-12,Cancelled,Cash,Delivery
1103,320,2024-06-19,Completed,Cash,Pickup
1104,636,2024-02-23,Completed,Cash,Delivery
1105,482,2025-03-09,Returned,Cash,Delivery
1106,985,2024-07-19,Completed,Card,Delivery
1107,104,2024-10-02,Completed,Cash,Delivery
1108,798,2025-04-18,Completed,Bank Transfer,Pickup
1109,157,2025-06-30,Returned,Cash,Pickup
1110,334,2024-06-24,Completed,Card,Delivery
1111,917,2024-02-28,Completed,Cash,Delivery
1112,160,2024-05-15,Completed,Bank Transfer,Delivery
1113,286,2025-04-18,Completed,Cash,Pickup
1114,731,2024-09-11,Completed,Card,Delivery
1115,387,2024-05-19,Completed,Digital Wallet,Delivery
1116,502,2025-11-24,Completed,Digital Wallet,Pickup
1117,478,2025-10-24,Returned,Bank Transfer,Pickup
1118,592,2025-02-18,Completed,Digital Wallet,Delivery
1119,879,2025-05-26,Completed,Card,Delivery
1120,615,2025-01-11,Cancelled,Card,Delivery
1121,423,2025-01-26,Completed,Bank Transfer,Delivery
1122,499,2024-07-22,Completed,Cash,Delivery
1123,654,2024-05-30,Completed,Cash,Delivery
1124,310,2025-02-09,Completed,Card,Express
1125,926,2025-03-25,Completed,Digital Wallet,Delivery
1126,477,2025-01-15,Cancelled,Digital Wallet,Delivery
1127,983,2024-02-22,Completed,Cash,Pickup
1128,945,2024-04-13,Completed,Card,Delivery
1129,932,2025-01-30,Cancelled,Digital Wallet,Delivery
1130,302,2024-12-29,Cancelled,Digital Wallet,Delivery
1131,890,2025-05-05,Completed,Bank Transfer,Delivery
1132,945,2025-06-02,Completed,Card,Delivery
1133,729,2025-07-29,Completed,Card,Delivery
1134,646,2025-06-17,Completed,Digital Wallet,Delivery
1135,818,2025-09-19,Completed,Bank Transfer,Delivery
1136,53,2025-06-13,Completed,Digital Wallet,Pickup
1137,444,2025-06-10,Completed,Card,Express
1138,158,2025-01-21,Completed,Digital Wallet,Pickup
1139,651,2024-09-30,Completed,Cash,Delivery
1140,394,2024-10-09,Completed,Card,Delivery
1141,13,2024-05-16,Completed,Cash,Delivery
1142,846,2024-06-04,Completed,Bank Transfer,Express
1143,216,2024-01-01,Pending,Cash,Pickup
1144,272,2025-05-09,Completed,Cash,Delivery
1145,170,2025-11-19,Completed,Card,Delivery
1146,832,2024-12-16,Completed,Bank Transfer,Pickup
1147,979,2024-09-21,Completed,Bank Transfer,Delivery
1148,335,2025-06-23,Completed,Bank Transfer,Pickup
1149,797,2024-09-08,Completed,Card,Delivery
1150,279,2024-12-02,Returned,Bank Transfer,Delivery
1151,742,2025-02-18,Completed,Bank Transfer,Pickup
1152,264,2024-04-19,Cancelled,Cash,Pickup
1153,225,2024-09-11,Completed,Cash,Express
1154,715,2025-07-09,Completed,Digital Wallet,Pickup
1155,430,2025-08-03,Completed,Card,Delivery
1156,639,2025-05-07,Returned,Card,Pickup
1157,949,2024-02-28,Completed,Digital Wallet,Delivery
1158,485,2024-02-01,Completed,Bank Transfer,Delivery
1159,242,2025-05-13,Cancelled,Digital Wallet,Express
1160,406,2025-08-25,Completed,Digital Wallet,Pickup
1161,294,2024-09-06,Completed,Cash,Delivery
1162,613,2024-11-30,Completed,Card,Delivery
1163,85,2024-01-09,Completed,Digital Wallet,Delivery
1164,95,2025-12-15,Completed,Card,Delivery
1165,182,2024-02-03,Completed,Bank Transfer,Delivery
1166,941,2025-12-17,Completed,Card,Delivery
1167,915,2024-11-13,Completed,Card,Express
1168,85,2024-02-10,Completed,Cash,Pickup
1169,919,2025-02-04,Cancelled,Digital Wallet,Delivery
1170,608,2024-10-25,Completed,Card,Pickup
1171,292,2024-05-21,Completed,Bank Transfer,Delivery
1172,795,2025-12-17,Completed,Digital Wallet,Delivery
1173,706,2024-10-17,Completed,Bank Transfer,Delivery
1174,712,2025-04-29,Completed,Bank Transfer,Express
1175,314,2024-10-27,Completed,Digital Wallet,Delivery
1176,953,2024-08-28,Completed,Bank Transfer,Delivery
1177,216,2024-09-03,Completed,Cash,Delivery
1178,61,2025-08-24,Cancelled,Cash,Delivery
1179,460,2024-05-09,Completed,Card,Delivery
1180,341,2025-12-05,Completed,Cash,Pickup
1181,446,2025-02-23,Completed,Bank Transfer,Express
1182,215,2025-04-29,Completed,Bank Transfer,Delivery
1183,197,2024-12-19,Completed,Card,Pickup
1184,823,2024-09-15,Completed,Digital Wallet,Delivery
1185,990,2025-02-11,Completed,Bank Transfer,Delivery
1186,836,2024-11-30,Completed,Digital Wallet,Delivery
1187,982,2025-08-03,Cancelled,Cash,Delivery
1188,803,2024-06-17,Pending,Digital Wallet,Delivery
1189,897,2024-12-08,Completed,Cash,Delivery
1190,619,2025-05-22,Pending,Cash,Pickup
1191,428,2024-02-09,Completed,Bank Transfer,Pickup
1192,820,2025-09-21,Completed,Card,Delivery
1193,791,2025-05-28,Completed,Cash,Delivery
1194,675,2025-06-01,Completed,Digital Wallet,Pickup
1195,605,2025-09-19,Returned,Cash,Delivery
1196,973,2024-02-10,Completed,Bank Transfer,Delivery
1197,774,2025-04-12,Completed,Bank Transfer,Delivery
1198,604,2025-10-04,Pending,Card,Delivery
1199,900,2025-03-03,Returned,Cash,Express
1200,855,2025-08-28,Completed,Bank Transfer,Delivery
1201,668,2024-02-09,Completed,Bank Transfer,Delivery
1202,5,2025-06-27,Completed,Cash,Express
1203,461,2024-09-01,Completed,Digital Wallet,Delivery
1204,78,2024-10-07,Completed,Digital Wallet,Delivery
1205,890,2025-10-17,Completed,Card,Delivery
1206,595,2024-08-06,Completed,Bank Transfer,Pickup
1207,876,2024-08-28,Returned,Digital Wallet,Delivery
1208,337,2024-06-30,Completed,Cash,Delivery
1209,440,2024-03-22,Completed,Cash,Express
1210,22,2024-04-11,Completed,Bank Transfer,Delivery
1211,300,2025-11-18,Completed,Cash,Express
1212,209,2024-06-16,Completed,Bank Transfer,Delivery
1213,556,2025-12-09,Completed,Card,Delivery
1214,160,2024-05-04,Cancelled,Card,Express
1215,68,2024-10-03,Pending,Card,Pickup
1216,346,2024-05-04,Completed,Digital Wallet,Delivery
1217,493,2025-11-15,Completed,Card,Delivery
1218,95,2024-12-27,Completed,Cash,Delivery
1219,257,2024-01-19,Returned,Card,Express
1220,167,2024-05-29,Completed,Cash,Delivery
1221,947,2025-10-08,Completed,Bank Transfer,Pickup
1222,812,2025-03-18,Completed,Digital Wallet,Delivery
1223,195,2025-09-27,Completed,Card,Express
1224,763,2024-08-20,Cancelled,Digital Wallet,Delivery
1225,469,2025-01-31,Completed,Bank Transfer,Delivery
1226,43,2024-02-07,Completed,Card,Delivery
1227,18,2025-11-11,Returned,Bank Transfer,Delivery
1228,858,2024-01-08,Pending,Digital Wallet,Delivery
1229,864,2024-04-08,Completed,Card,Delivery
1230,485,2025-05-21,Completed,Bank Transfer,Delivery
1231,831,2024-02-03,Completed,Bank Transfer,Delivery
1232,550,2025-03-11,Completed,Card,Delivery
1233,308,2025-11-11,Pending,Cash,Delivery
1234,836,2025-01-23,Pending,Bank Transfer,Delivery
1235,422,2024-03-17,Pending,Bank Transfer,Delivery
1236,316,2024-11-03,Completed,Card,Express
1237,336,2024-07-08,Completed,Cash,Express
1238,618,2025-09-05,Cancelled,Bank Transfer,Delivery
1239,999,2024-09-27,Completed,Bank Transfer,Pickup
1240,188,2025-08-13,Completed,Card,Delivery
1241,284,2024-11-14,Cancelled,Card,Pickup
1242,563,2025-08-14,Cancelled,Bank Transfer,Express
1243,674,2024-10-31,Completed,Digital Wallet,Pickup
1244,42,2024-11-15,Returned,Digital Wallet,Delivery
1245,342,2024-10-02,Completed,Cash,Delivery
1246,972,2025-08-25,Completed,Digital Wallet,Delivery
1247,829,2025-01-04,Completed,Card,Delivery
1248,606,2025-07-28,Returned,Cash,Delivery
1249,173,2024-07-08,Completed,Card,Delivery
1250,18,2025-04-26,Completed,Cash,Delivery
1251,981,2025-11-29,Completed,Digital Wallet,Delivery
1252,536,2024-10-06,Completed,Cash,Delivery
1253,244,2024-03-01,Completed,Digital Wallet,Delivery
1254,541,2024-10-26,Completed,Digital Wallet,Express
1255,422,2025-08-15,Completed,Cash,Delivery
1256,911,2024-05-07,Completed,Bank Transfer,Delivery
1257,510,2024-01-02,Pending,Digital Wallet,Delivery
1258,765,2024-09-16,Completed,Cash,Pickup
1259,595,2024-05-02,Pending,Cash,Delivery
1260,42,2024-08-24,Pending,Card,Pickup
1261,701,2025-02-08,Completed,Cash,Delivery
1262,116,2025-08-11,Completed,Cash,Pickup
1263,850,2025-12-13,Completed,Card,Delivery
1264,458,2024-05-27,Completed,Card,Pickup
1265,333,2025-02-24,Completed,Bank Transfer,Delivery
1266,207,2025-10-12,Completed,Digital Wallet,Delivery
1267,891,2025-11-12,Cancelled,Cash,Delivery
1268,972,2024-10-07,Completed,Bank Transfer,Delivery
1269,475,2024-06-11,Completed,Card,Pickup
1270,537,2024-10-23,Completed,Card,Pickup
1271,145,2024-10-17,Completed,Digital Wallet,Pickup
1272,485,2025-06-26,Completed,Digital Wallet,Delivery
1273,660,2024-08-17,Completed,Bank Transfer,Pickup
1274,987,2025-02-03,Completed,Digital Wallet,Delivery
1275,927,2024-05-16,Completed,Cash,Delivery
1276,394,2024-08-12,Pending,Cash,Delivery
1277,739,2025-01-14,Completed,Card,Delivery
1278,675,2025-06-12,Completed,Digital Wallet,Delivery
1279,581,2024-04-19,Completed,Bank Transfer,Delivery
1280,251,2025-11-15,Returned,Cash,Delivery
1281,542,2024-01-04,Completed,Card,Delivery
1282,707,2025-07-21,Completed,Bank Transfer,Delivery
1283,199,2024-07-10,Completed,Bank Transfer,Pickup
1284,436,2024-09-14,Completed,Bank Transfer,Delivery
1285,644,2025-02-15,Completed,Bank Transfer,Delivery
1286,484,2025-10-01,Completed,Cash,Delivery
1287,879,2024-12-10,Completed,Cash,Delivery
1288,505,2024-08-21,Completed,Card,Delivery
1289,106,2025-08-01,Returned,Cash,Delivery
1290,45,2024-07-28,Completed,Card,Delivery
1291,1000,2025-07-15,Completed,Cash,Delivery
1292,220,2024-08-11,Completed,Card,Delivery
1293,941,2025-08-24,Completed,Bank Transfer,Delivery
1294,912,2025-04-05,Returned,Card,Delivery
1295,243,2025-09-18,Completed,Bank Transfer,Pickup
1296,550,2025-10-06,Returned,Cash,Delivery
1297,706,2024-10-10,Completed,Card,Express
1298,502,2024-08-09,Completed,Bank Transfer,Delivery
1299,516,2025-08-19,Completed,Bank Transfer,Delivery
1300,714,2024-12-23,Returned,Digital Wallet,Delivery
1301,169,2024-01-28,Completed,Card,Delivery
1302,198,2024-06-25,Cancelled,Cash,Pickup
1303,751,2024-07-02,Completed,Cash,Delivery
1304,303,2025-04-16,Completed,Digital Wallet,Delivery
1305,138,2024-02-02,Completed,Cash,Delivery
1306,775,2024-11-02,Cancelled,Digital Wallet,Delivery
1307,65,2024-06-11,Completed,Card,Delivery
1308,36,2025-06-29,Completed,Digital Wallet,Delivery
1309,783,2024-06-10,Completed,Cash,Delivery
1310,446,2024-08-22,Completed,Cash,Delivery
1311,533,2025-12-31,Completed,Bank Transfer,Pickup
1312,162,2025-08-31,Completed,Cash,Express
1313,436,2024-06-25,Completed,Digital Wallet,Delivery
1314,267,2025-09-12,Completed,Card,Delivery
1315,303,2025-01-19,Completed,Digital Wallet,Express
1316,896,2025-08-18,Completed,Cash,Express
1317,236,2025-12-18,Completed,Card,Delivery
1318,405,2025-10-27,Completed,Cash,Delivery
1319,185,2025-07-05,Cancelled,Cash,Delivery
1320,52,2025-06-04,Cancelled,Card,Delivery
1321,566,2024-03-26,Completed,Card,Delivery
1322,341,2025-07-16,Completed,Cash,Delivery
1323,503,2024-07-29,Completed,Cash,Delivery
1324,92,2025-06-14,Completed,Digital Wallet,Delivery
1325,739,2025-10-11,Completed,Bank Transfer,Delivery
1326,698,2024-10-09,Pending,Bank Transfer,Delivery
1327,784,2024-01-12,Completed,Card,Pickup
1328,741,2024-02-01,Completed,Cash,Pickup
1329,828,2025-10-14,Completed,Card,Delivery
1330,493,2024-04-10,Completed,Bank Transfer,Delivery
1331,646,2025-09-11,Completed,Cash,Express
1332,321,2025-01-23,Completed,Bank Transfer,Pickup
1333,268,2024-06-12,Completed,Cash,Delivery
1334,591,2025-07-06,Completed,Digital Wallet,Delivery
1335,787,2024-03-19,Completed,Bank Transfer,Delivery
1336,808,2024-02-13,Completed,Digital Wallet,Delivery
1337,446,2025-04-23,Completed,Card,Delivery
1338,268,2024-09-08,Completed,Bank Transfer,Delivery
1339,742,2025-06-12,Completed,Cash,Delivery
1340,577,2024-05-05,Completed,Cash,Pickup
1341,524,2024-08-21,Pending,Bank Transfer,Delivery
1342,375,2024-11-13,Cancelled,Digital Wallet,Pickup
1343,566,2024-02-10,Completed,Card,Delivery
1344,247,2025-02-24,Completed,Digital Wallet,Delivery
1345,806,2024-01-18,Completed,Cash,Delivery
1346,63,2024-10-01,Completed,Card,Pickup
1347,259,2025-06-25,Completed,Card,Delivery
1348,751,2024-09-21,Pending,Cash,Delivery
1349,486,2025-05-25,Cancelled,Cash,Delivery
1350,388,2024-07-11,Completed,Card,Delivery
1351,249,2024-06-07,Completed,Cash,Delivery
1352,634,2025-11-25,Completed,Cash,Delivery
1353,661,2025-11-16,Completed,Bank Transfer,Delivery
1354,163,2024-01-22,Completed,Digital Wallet,Pickup
1355,134,2025-01-12,Completed,Digital Wallet,Delivery
1356,318,2024-09-14,Completed,Card,Pickup
1357,299,2025-10-08,Completed,Bank Transfer,Express
1358,383,2024-10-24,Cancelled,Card,Delivery
1359,808,2024-08-22,Completed,Bank Transfer,Delivery
1360,700,2024-07-10,Completed,Card,Delivery
1361,482,2025-01-21,Completed,Bank Transfer,Pickup
1362,526,2025-08-12,Pending,Card,Pickup
1363,749,2024-04-21,Completed,Cash,Pickup
1364,283,2024-12-05,Completed,Cash,Delivery
1365,852,2025-12-14,Completed,Bank Transfer,Delivery
1366,704,2025-10-16,Completed,Bank Transfer,Delivery
1367,939,2024-08-09,Completed,Bank Transfer,Delivery
1368,539,2024-09-20,Completed,Card,Delivery
1369,228,2024-05-24,Completed,Card,Delivery
1370,615,2025-04-10,Completed,Card,Delivery
1371,622,2024-07-22,Completed,Card,Delivery
1372,203,2025-05-19,Completed,Digital Wallet,Delivery
1373,232,2024-02-10,Cancelled,Card,Pickup
1374,980,2024-03-26,Returned,Digital Wallet,Pickup
1375,336,2025-02-02,Completed,Digital Wallet,Pickup
1376,738,2025-06-21,Returned,Card,Express
1377,214,2024-01-28,Pending,Card,Delivery
1378,343,2025-02-28,Completed,Cash,Pickup
1379,537,2024-01-14,Completed,Digital Wallet,Delivery
1380,653,2025-12-20,Completed,Bank Transfer,Pickup
1381,611,2024-05-02,Pending,Digital Wallet,Express
1382,904,2025-09-27,Completed,Digital Wallet,Delivery
1383,812,2024-12-20,Completed,Card,Delivery
1384,619,2024-03-13,Completed,Bank Transfer,Delivery
1385,300,2024-08-19,Completed,Digital Wallet,Delivery
1386,28,2025-08-23,Completed,Digital Wallet,Delivery
1387,835,2024-06-10,Returned,Cash,Delivery
1388,463,2024-10-08,Completed,Digital Wallet,Delivery
1389,262,2024-02-07,Completed,Bank Transfer,Delivery
1390,549,2025-02-21,Returned,Card,Pickup
1391,646,2024-01-22,Completed,Bank Transfer,Delivery
1392,959,2025-02-08,Completed,Card,Delivery
1393,99,2024-04-29,Completed,Digital Wallet,Pickup
1394,19,2024-02-13,Returned,Card,Delivery
1395,209,2025-01-04,Completed,Card,Pickup
1396,782,2024-01-28,Completed,Digital Wallet,Delivery
1397,963,2024-08-05,Completed,Cash,Pickup
1398,261,2024-12-14,Completed,Digital Wallet,Delivery
1399,188,2025-03-22,Completed,Digital Wallet,Delivery
1400,497,2025-03-10,Completed,Cash,Delivery
1401,538,2024-09-27,Completed,Card,Delivery
1402,312,2025-07-21,Completed,Digital Wallet,Pickup
1403,351,2024-11-01,Completed,Cash,Delivery
1404,218,2024-08-27,Completed,Card,Delivery
1405,684,2025-01-14,Completed,Card,Delivery
1406,49,2025-06-03,Completed,Card,Pickup
1407,293,2025-08-10,Completed,Card,Pickup
1408,464,2024-09-18,Completed,Cash,Delivery
1409,613,2025-12-24,Completed,Digital Wallet,Pickup
1410,587,2025-01-19,Cancelled,Bank Transfer,Pickup
1411,658,2025-09-11,Completed,Digital Wallet,Delivery
1412,535,2024-10-29,Completed,Bank Transfer,Delivery
1413,653,2025-08-05,Completed,Bank Transfer,Delivery
1414,302,2024-01-22,Completed,Bank Transfer,Delivery
1415,812,2024-07-18,Pending,Cash,Delivery
1416,860,2024-08-16,Completed,Cash,Pickup
1417,441,2025-02-17,Completed,Card,Delivery
1418,717,2024-01-24,Pending,Digital Wallet,Delivery
1419,656,2024-04-30,Completed,Digital Wallet,Express
1420,32,2025-10-19,Completed,Cash,Delivery
1421,966,2024-08-21,Completed,Cash,Delivery
1422,679,2025-09-08,Returned,Cash,Pickup
1423,533,2024-05-21,Completed,Card,Pickup
1424,292,2024-01-04,Returned,Digital Wallet,Pickup
1425,121,2024-05-25,Returned,Digital Wallet,Delivery
1426,563,2024-05-30,Completed,Bank Transfer,Delivery
1427,151,2025-03-20,Completed,Card,Pickup
1428,392,2025-08-09,Completed,Digital Wallet,Delivery
1429,946,2024-08-09,Completed,Digital Wallet,Pickup
1430,101,2025-11-19,Cancelled,Cash,Pickup
1431,827,2025-06-25,Completed,Bank Transfer,Express
1432,769,2024-05-03,Completed,Cash,Pickup
1433,409,2025-07-08,Completed,Bank Transfer,Pickup
1434,279,2025-10-03,Returned,Card,Pickup
1435,169,2025-05-04,Completed,Card,Delivery
1436,873,2025-06-10,Completed,Digital Wallet,Express
1437,399,2024-03-05,Pending,Card,Pickup
1438,782,2025-01-31,Completed,Card,Delivery
1439,198,2025-09-18,Completed,Card,Delivery
1440,68,2025-01-19,Completed,Bank Transfer,Delivery
1441,645,2025-09-13,Completed,Bank Transfer,Delivery
1442,418,2024-06-30,Cancelled,Cash,Pickup
1443,973,2025-03-29,Completed,Cash,Delivery
1444,378,2024-08-13,Completed,Bank Transfer,Delivery
1445,508,2025-03-27,Completed,Bank Transfer,Delivery
1446,60,2025-04-04,Cancelled,Digital Wallet,Pickup
1447,422,2025-11-18,Completed,Cash,Delivery
1448,569,2024-04-04,Completed,Digital Wallet,Pickup
1449,846,2025-04-30,Returned,Card,Express
1450,579,2025-12-17,Returned,Card,Pickup
1451,270,2024-01-24,Completed,Bank Transfer,Delivery
1452,200,2024-07-22,Completed,Cash,Delivery
1453,136,2024-11-17,Completed,Cash,Delivery
1454,938,2025-02-14,Completed,Card,Delivery
1455,210,2024-06-17,Completed,Card,Delivery
1456,1,2025-01-23,Completed,Digital Wallet,Delivery
1457,526,2025-11-16,Completed,Digital Wallet,Delivery
1458,588,2024-12-19,Completed,Cash,Delivery
1459,77,2025-11-14,Completed,Bank Transfer,Delivery
1460,51,2024-06-21,Cancelled,Bank Transfer,Delivery
1461,885,2025-02-09,Completed,Card,Express
1462,97,2025-03-17,Completed,Card,Delivery
1463,210,2025-11-29,Completed,Card,Delivery
1464,548,2024-04-20,Returned,Digital Wallet,Pickup
1465,512,2025-11-14,Completed,Cash,Delivery
1466,854,2024-06-14,Completed,Digital Wallet,Pickup
1467,604,2025-07-03,Cancelled,Card,Delivery
1468,268,2025-06-15,Returned,Digital Wallet,Delivery
1469,560,2024-12-14,Completed,Digital Wallet,Pickup
1470,704,2025-09-13,Completed,Digital Wallet,Pickup
1471,238,2025-07-06,Completed,Card,Pickup
1472,182,2025-07-10,Completed,Bank Transfer,Delivery
1473,347,2024-08-22,Completed,Digital Wallet,Express
1474,24,2025-05-19,Completed,Digital Wallet,Delivery
1475,950,2024-05-01,Completed,Card,Delivery
1476,961,2025-05-23,Completed,Digital Wallet,Delivery
1477,827,2024-05-30,Cancelled,Card,Delivery
1478,3,2025-01-20,Completed,Card,Delivery
1479,176,2024-07-03,Completed,Bank Transfer,Delivery
1480,164,2024-03-29,Pending,Bank Transfer,Delivery
1481,344,2025-07-06,Pending,Card,Delivery
1482,415,2025-08-06,Completed,Card,Delivery
1483,789,2024-06-27,Completed,Cash,Delivery
1484,408,2025-04-12,Completed,Card,Delivery
1485,548,2025-11-29,Completed,Digital Wallet,Delivery
1486,555,2024-10-22,Completed,Card,Express
1487,130,2024-02-08,Cancelled,Card,Express
1488,709,2024-08-23,Completed,Digital Wallet,Express
1489,613,2025-12-09,Completed,Bank Transfer,Delivery
1490,306,2025-09-12,Completed,Card,Delivery
1491,291,2024-12-21,Completed,Digital Wallet,Express
1492,770,2024-02-06,Completed,Digital Wallet,Delivery
1493,946,2024-07-02,Completed,Digital Wallet,Delivery
1494,490,2024-07-19,Completed,Cash,Delivery
1495,631,2025-04-07,Completed,Card,Express
1496,66,2025-10-04,Completed,Digital Wallet,Delivery
1497,545,2025-05-19,Completed,Cash,Pickup
1498,589,2025-03-22,Completed,Cash,Pickup
1499,133,2024-11-23,Completed,Cash,Delivery
1500,768,2024-02-09,Completed,Bank Transfer,Delivery
1501,1,2025-02-12,Completed,Cash,Delivery
1502,713,2024-10-02,Cancelled,Bank Transfer,Pickup
1503,400,2025-01-25,Completed,Bank Transfer,Delivery
1504,583,2024-02-09,Completed,Card,Delivery
1505,922,2025-07-08,Completed,Bank Transfer,Pickup
1506,275,2024-09-14,Completed,Digital Wallet,Delivery
1507,404,2024-07-19,Completed,Bank Transfer,Delivery
1508,253,2025-10-11,Pending,Bank Transfer,Pickup
1509,851,2024-08-15,Cancelled,Cash,Delivery
1510,924,2025-08-09,Returned,Bank Transfer,Delivery
1511,267,2024-03-22,Completed,Bank Transfer,Delivery
1512,780,2024-12-11,Completed,Digital Wallet,Delivery
1513,968,2024-12-17,Completed,Cash,Delivery
1514,604,2024-08-14,Cancelled,Cash,Delivery
1515,623,2025-12-03,Completed,Cash,Pickup
1516,963,2025-05-31,Completed,Digital Wallet,Delivery
1517,27,2025-10-23,Completed,Bank Transfer,Express
1518,973,2025-07-26,Completed,Bank Transfer,Pickup
1519,792,2025-11-27,Completed,Bank Transfer,Delivery
1520,199,2024-11-09,Completed,Card,Pickup
1521,916,2025-06-08,Cancelled,Card,Express
1522,116,2025-05-07,Completed,Cash,Delivery
1523,535,2025-12-22,Completed,Cash,Delivery
1524,39,2024-03-29,Cancelled,Cash,Delivery
1525,91,2024-11-29,Completed,Card,Delivery
1526,336,2024-07-26,Completed,Cash,Delivery
1527,908,2024-08-07,Completed,Digital Wallet,Pickup
1528,974,2025-06-21,Completed,Digital Wallet,Delivery
1529,325,2024-02-16,Completed,Bank Transfer,Express
1530,154,2025-12-14,Cancelled,Card,Delivery
1531,789,2024-03-30,Completed,Bank Transfer,Delivery
1532,393,2025-09-22,Completed,Card,Delivery
1533,537,2025-04-29,Completed,Cash,Pickup
1534,7,2024-10-05,Completed,Cash,Pickup
1535,540,2025-07-25,Cancelled,Bank Transfer,Delivery
1536,912,2024-05-20,Returned,Digital Wallet,Delivery
1537,979,2024-11-28,Cancelled,Digital Wallet,Pickup
1538,461,2025-07-05,Completed,Bank Transfer,Pickup
1539,142,2025-05-19,Completed,Bank Transfer,Express
1540,915,2025-11-16,Completed,Bank Transfer,Pickup
1541,433,2025-01-07,Completed,Bank Transfer,Pickup
1542,862,2025-09-20,Completed,Cash,Delivery
1543,630,2024-05-01,Pending,Digital Wallet,Express
1544,27,2024-05-19,Returned,Card,Pickup
1545,44,2024-06-08,Completed,Bank Transfer,Delivery
1546,601,2025-10-24,Cancelled,Card,Express
1547,135,2025-10-20,Cancelled,Card,Pickup
1548,890,2024-11-20,Completed,Card,Delivery
1549,493,2024-02-04,Completed,Digital Wallet,Delivery
1550,187,2025-11-29,Completed,Bank Transfer,Delivery
1551,533,2025-06-21,Completed,Digital Wallet,Delivery
1552,734,2025-05-17,Completed,Cash,Delivery
1553,921,2025-10-14,Completed,Bank Transfer,Delivery
1554,154,2024-01-07,Completed,Cash,Express
1555,295,2024-08-02,Returned,Card,Delivery
1556,825,2024-06-26,Completed,Card,Pickup
1557,195,2024-03-05,Completed,Cash,Pickup
1558,661,2024-01-08,Completed,Card,Delivery
1559,757,2024-01-09,Cancelled,Cash,Delivery
1560,502,2024-06-12,Completed,Digital Wallet,Delivery
1561,546,2024-06-18,Completed,Digital Wallet,Delivery
1562,90,2025-11-12,Completed,Cash,Pickup
1563,492,2025-04-20,Completed,Bank Transfer,Delivery
1564,273,2025-05-10,Completed,Cash,Pickup
1565,965,2024-02-03,Completed,Card,Delivery
1566,795,2025-11-16,Completed,Digital Wallet,Pickup
1567,568,2024-09-03,Completed,Digital Wallet,Delivery
1568,890,2024-07-05,Completed,Card,Delivery
1569,180,2024-03-05,Completed,Cash,Delivery
1570,807,2024-08-10,Returned,Cash,Express
1571,949,2024-01-30,Completed,Cash,Delivery
1572,979,2025-08-03,Returned,Cash,Pickup
1573,903,2024-06-24,Pending,Digital Wallet,Pickup
1574,674,2025-08-22,Completed,Bank Transfer,Delivery
1575,564,2024-05-27,Completed,Cash,Delivery
1576,373,2025-12-20,Pending,Cash,Delivery
1577,963,2024-11-11,Completed,Card,Delivery
1578,661,2025-04-19,Completed,Digital Wallet,Delivery
1579,828,2025-02-06,Completed,Card,Delivery
1580,268,2024-09-16,Completed,Digital Wallet,Delivery
1581,743,2024-04-29,Completed,Digital Wallet,Delivery
1582,869,2025-08-19,Completed,Cash,Delivery
1583,451,2024-03-12,Completed,Bank Transfer,Delivery
1584,923,2025-09-02,Completed,Digital Wallet,Pickup
1585,220,2025-05-17,Completed,Bank Transfer,Delivery
1586,975,2025-07-25,Returned,Cash,Delivery
1587,29,2025-11-22,Completed,Card,Delivery
1588,374,2025-02-10,Completed,Card,Delivery
1589,178,2024-02-08,Cancelled,Bank Transfer,Pickup
1590,501,2025-09-13,Completed,Digital Wallet,Delivery
1591,519,2025-08-05,Completed,Cash,Delivery
1592,740,2025-12-22,Cancelled,Bank Transfer,Delivery
1593,653,2025-07-01,Completed,Card,Pickup
1594,945,2024-02-11,Completed,Bank Transfer,Express
1595,242,2025-02-01,Completed,Bank Transfer,Delivery
1596,69,2024-12-21,Cancelled,Cash,Express
1597,893,2025-08-07,Returned,Card,Delivery
1598,153,2025-10-20,Completed,Bank Transfer,Delivery
1599,95,2024-11-06,Completed,Bank Transfer,Delivery
1600,753,2025-06-07,Completed,Cash,Express
1601,591,2025-03-01,Pending,Card,Delivery
1602,608,2025-05-26,Completed,Card,Delivery
1603,50,2025-10-10,Completed,Cash,Delivery
1604,162,2024-04-30,Cancelled,Digital Wallet,Delivery
1605,771,2025-11-07,Completed,Card,Delivery
1606,764,2025-11-20,Completed,Card,Delivery
1607,108,2024-05-12,Returned,Card,Delivery
1608,739,2024-02-02,Completed,Bank Transfer,Delivery
1609,948,2025-06-25,Completed,Cash,Delivery
1610,638,2024-08-07,Completed,Cash,Delivery
1611,346,2024-08-01,Completed,Cash,Delivery
1612,898,2025-11-12,Completed,Card,Delivery
1613,804,2024-10-15,Completed,Card,Delivery
1614,809,2025-07-25,Completed,Cash,Express
1615,881,2024-01-09,Completed,Bank Transfer,Express
1616,154,2025-09-02,Completed,Cash,Delivery
1617,843,2025-08-28,Completed,Bank Transfer,Express
1618,359,2025-01-24,Cancelled,Card,Pickup
1619,754,2025-11-01,Completed,Cash,Pickup
1620,583,2025-09-02,Completed,Digital Wallet,Pickup
1621,795,2024-04-09,Completed,Digital Wallet,Delivery
1622,283,2024-07-14,Completed,Bank Transfer,Delivery
1623,553,2025-01-10,Completed,Cash,Delivery
1624,28,2024-09-22,Returned,Cash,Delivery
1625,494,2024-02-25,Completed,Bank Transfer,Delivery
1626,491,2024-08-24,Completed,Bank Transfer,Delivery
1627,614,2025-09-26,Completed,Card,Delivery
1628,883,2025-08-27,Completed,Cash,Delivery
1629,881,2024-10-15,Completed,Card,Delivery
1630,268,2024-06-11,Cancelled,Card,Delivery
1631,728,2024-10-19,Completed,Card,Delivery
1632,631,2025-01-06,Returned,Digital Wallet,Express
1633,578,2025-10-17,Completed,Digital Wallet,Pickup
1634,316,2025-09-29,Completed,Digital Wallet,Delivery
1635,798,2024-12-22,Completed,Digital Wallet,Pickup
1636,969,2024-09-09,Completed,Card,Delivery
1637,830,2024-09-14,Completed,Card,Delivery
1638,569,2024-03-01,Completed,Card,Delivery
1639,28,2025-02-26,Completed,Card,Delivery
1640,283,2024-04-02,Completed,Digital Wallet,Delivery
1641,558,2024-01-14,Completed,Bank Transfer,Delivery
1642,152,2025-08-29,Completed,Card,Express
1643,722,2024-03-03,Completed,Cash,Delivery
1644,419,2025-04-08,Completed,Card,Delivery
1645,235,2024-12-06,Completed,Card,Pickup
1646,295,2025-01-04,Pending,Bank Transfer,Delivery
1647,205,2025-02-14,Completed,Cash,Delivery
1648,579,2025-03-21,Completed,Bank Transfer,Delivery
1649,721,2025-03-15,Completed,Digital Wallet,Delivery
1650,124,2025-07-28,Completed,Cash,Express
1651,823,2024-07-24,Completed,Cash,Pickup
1652,942,2025-03-26,Returned,Digital Wallet,Pickup
1653,448,2024-06-01,Completed,Card,Delivery
1654,851,2024-05-21,Completed,Digital Wallet,Delivery
1655,59,2024-09-29,Completed,Digital Wallet,Delivery
1656,989,2024-12-04,Completed,Card,Pickup
1657,815,2024-04-29,Completed,Digital Wallet,Delivery
1658,128,2024-09-15,Completed,Bank Transfer,Delivery
1659,557,2025-07-19,Completed,Bank Transfer,Delivery
1660,323,2024-09-12,Completed,Card,Delivery
1661,177,2024-02-13,Completed,Card,Pickup
1662,305,2025-10-24,Cancelled,Digital Wallet,Express
1663,405,2025-09-12,Completed,Digital Wallet,Delivery
1664,664,2024-03-07,Completed,Digital Wallet,Delivery
1665,834,2025-02-28,Completed,Bank Transfer,Delivery
1666,930,2025-01-26,Pending,Cash,Delivery
1667,294,2024-02-20,Completed,Bank Transfer,Delivery
1668,851,2024-06-27,Completed,Digital Wallet,Delivery
1669,755,2025-12-06,Pending,Bank Transfer,Delivery
1670,934,2024-04-26,Pending,Digital Wallet,Pickup
1671,69,2025-12-29,Cancelled,Bank Transfer,Delivery
1672,442,2025-11-07,Completed,Cash,Delivery
1673,528,2025-04-16,Completed,Cash,Delivery
1674,421,2024-02-26,Cancelled,Card,Delivery
1675,677,2025-10-04,Completed,Card,Delivery
1676,701,2025-12-19,Completed,Digital Wallet,Express
1677,919,2024-04-24,Completed,Digital Wallet,Express
1678,749,2025-07-04,Completed,Bank Transfer,Express
1679,521,2024-02-01,Completed,Card,Express
1680,951,2025-02-12,Returned,Bank Transfer,Delivery
1681,165,2024-05-03,Completed,Bank Transfer,Delivery
1682,756,2024-08-26,Completed,Digital Wallet,Express
1683,383,2025-03-24,Returned,Cash,Delivery
1684,27,2024-09-22,Completed,Digital Wallet,Delivery
1685,485,2025-11-13,Completed,Cash,Pickup
1686,390,2025-07-30,Completed,Digital Wallet,Delivery
1687,664,2025-11-15,Completed,Cash,Delivery
1688,512,2025-11-21,Completed,Bank Transfer,Pickup
1689,615,2025-11-17,Completed,Cash,Delivery
1690,771,2025-02-05,Completed,Digital Wallet,Delivery
1691,52,2024-09-30,Completed,Bank Transfer,Delivery
1692,121,2024-09-21,Returned,Card,Pickup
1693,434,2024-04-25,Completed,Card,Delivery
1694,566,2025-10-19,Completed,Digital Wallet,Delivery
1695,916,2025-12-08,Completed,Cash,Delivery
1696,387,2024-12-28,Completed,Digital Wallet,Delivery
1697,880,2025-11-05,Completed,Digital Wallet,Delivery
1698,656,2024-02-16,Cancelled,Digital Wallet,Pickup
1699,290,2025-09-16,Completed,Cash,Pickup
1700,959,2025-09-18,Completed,Bank Transfer,Delivery
1701,320,2024-06-04,Completed,Card,Delivery
1702,347,2024-04-14,Completed,Cash,Express
1703,365,2025-08-16,Completed,Digital Wallet,Delivery
1704,560,2024-05-08,Completed,Cash,Delivery
1705,410,2025-06-29,Completed,Cash,Delivery
1706,902,2025-03-22,Completed,Bank Transfer,Delivery
1707,155,2025-06-23,Completed,Card,Delivery
1708,639,2024-03-05,Completed,Card,Delivery
1709,850,2024-04-25,Completed,Cash,Delivery
1710,774,2025-09-06,Completed,Cash,Express
1711,895,2024-07-28,Completed,Card,Delivery
1712,487,2025-02-21,Returned,Bank Transfer,Delivery
1713,255,2024-02-14,Returned,Bank Transfer,Delivery
1714,97,2025-02-14,Completed,Card,Express
1715,369,2024-10-12,Completed,Digital Wallet,Delivery
1716,128,2025-09-23,Completed,Bank Transfer,Delivery
1717,894,2024-07-16,Completed,Bank Transfer,Delivery
1718,581,2025-03-02,Completed,Card,Delivery
1719,759,2025-05-10,Returned,Card,Pickup
1720,130,2025-12-17,Completed,Card,Delivery
1721,980,2024-01-03,Cancelled,Digital Wallet,Pickup
1722,149,2024-04-09,Completed,Digital Wallet,Delivery
1723,530,2024-04-17,Completed,Bank Transfer,Delivery
1724,942,2025-02-07,Completed,Bank Transfer,Delivery
1725,632,2025-11-10,Completed,Cash,Delivery
1726,596,2025-02-09,Completed,Digital Wallet,Delivery
1727,519,2025-01-25,Completed,Card,Delivery
1728,603,2024-09-24,Pending,Card,Delivery
1729,629,2024-05-18,Completed,Cash,Delivery
1730,704,2025-05-04,Pending,Cash,Delivery
1731,391,2025-12-12,Completed,Card,Delivery
1732,81,2025-03-08,Completed,Card,Delivery
1733,611,2025-07-04,Completed,Digital Wallet,Delivery
1734,322,2024-09-11,Completed,Cash,Delivery
1735,594,2024-09-23,Completed,Card,Delivery
1736,8,2024-02-20,Completed,Bank Transfer,Pickup
1737,306,2025-06-27,Pending,Bank Transfer,Delivery
1738,301,2025-01-20,Pending,Bank Transfer,Pickup
1739,759,2025-07-24,Completed,Digital Wallet,Delivery
1740,52,2024-11-30,Completed,Bank Transfer,Delivery
1741,840,2024-11-14,Completed,Bank Transfer,Delivery
1742,454,2024-12-14,Completed,Card,Delivery
1743,802,2024-11-11,Completed,Cash,Delivery
1744,519,2025-09-15,Completed,Cash,Delivery
1745,802,2025-01-13,Completed,Digital Wallet,Pickup
1746,803,2024-05-13,Cancelled,Cash,Pickup
1747,345,2025-12-18,Completed,Card,Delivery
1748,343,2025-09-10,Completed,Cash,Express
1749,10,2025-12-12,Returned,Digital Wallet,Delivery
1750,192,2024-05-01,Completed,Bank Transfer,Delivery
1751,781,2025-04-07,Completed,Digital Wallet,Delivery
1752,486,2024-11-14,Completed,Bank Transfer,Delivery
1753,400,2024-01-29,Completed,Cash,Delivery
1754,103,2024-04-04,Completed,Bank Transfer,Delivery
1755,530,2025-10-16,Completed,Card,Delivery
1756,927,2025-07-03,Completed,Digital Wallet,Delivery
1757,406,2025-05-07,Completed,Cash,Delivery
1758,82,2024-06-26,Completed,Bank Transfer,Delivery
1759,805,2024-01-14,Returned,Bank Transfer,Delivery
1760,736,2025-02-22,Completed,Cash,Delivery
1761,436,2024-03-18,Completed,Card,Express
1762,55,2024-07-27,Completed,Cash,Pickup
1763,906,2025-05-05,Completed,Digital Wallet,Delivery
1764,603,2025-01-30,Cancelled,Card,Delivery
1765,359,2025-10-12,Completed,Bank Transfer,Express
1766,180,2024-11-13,Completed,Cash,Delivery
1767,900,2024-09-16,Completed,Bank Transfer,Delivery
1768,693,2025-03-15,Completed,Bank Transfer,Delivery
1769,479,2024-12-12,Completed,Cash,Pickup
1770,79,2024-04-24,Completed,Cash,Delivery
1771,731,2025-04-03,Completed,Digital Wallet,Delivery
1772,636,2024-03-27,Completed,Digital Wallet,Pickup
1773,249,2025-11-11,Completed,Cash,Delivery
1774,32,2024-07-15,Cancelled,Digital Wallet,Delivery
1775,840,2024-03-15,Returned,Bank Transfer,Pickup
1776,671,2025-07-09,Completed,Card,Delivery
1777,397,2024-09-09,Cancelled,Bank Transfer,Delivery
1778,651,2024-07-18,Completed,Cash,Delivery
1779,559,2025-05-30,Cancelled,Bank Transfer,Delivery
1780,235,2024-12-04,Cancelled,Bank Transfer,Delivery
1781,879,2025-12-17,Completed,Card,Delivery
1782,733,2025-02-09,Completed,Bank Transfer,Delivery
1783,69,2025-03-11,Completed,Cash,Delivery
1784,261,2025-11-17,Pending,Bank Transfer,Delivery
1785,55,2025-06-28,Completed,Bank Transfer,Delivery
1786,487,2025-09-09,Completed,Digital Wallet,Pickup
1787,566,2024-04-19,Completed,Bank Transfer,Delivery
1788,611,2024-05-06,Completed,Digital Wallet,Express
1789,525,2025-11-07,Completed,Digital Wallet,Pickup
1790,582,2025-08-16,Completed,Cash,Pickup
1791,783,2025-12-08,Completed,Bank Transfer,Express
1792,323,2025-05-07,Completed,Cash,Pickup
1793,108,2024-10-07,Cancelled,Cash,Delivery
1794,239,2024-02-07,Completed,Digital Wallet,Pickup
1795,180,2024-10-01,Completed,Cash,Pickup
1796,665,2024-08-19,Completed,Cash,Delivery
1797,244,2025-08-04,Completed,Cash,Express
1798,662,2025-11-06,Completed,Card,Delivery
1799,837,2024-06-09,Returned,Cash,Express
1800,530,2025-06-11,Returned,Cash,Delivery
1801,125,2024-02-15,Completed,Card,Delivery
1802,180,2024-01-03,Completed,Digital Wallet,Delivery
1803,389,2024-04-27,Completed,Card,Delivery
1804,647,2025-09-03,Completed,Digital Wallet,Pickup
1805,125,2024-01-12,Completed,Bank Transfer,Delivery
1806,393,2024-04-05,Completed,Cash,Pickup
1807,297,2024-11-22,Completed,Card,Delivery
1808,774,2024-02-18,Completed,Bank Transfer,Delivery
1809,770,2025-07-17,Completed,Cash,Delivery
1810,419,2025-08-25,Completed,Card,Delivery
1811,204,2024-01-18,Completed,Digital Wallet,Express
1812,4,2025-01-13,Completed,Bank Transfer,Express
1813,976,2025-08-25,Completed,Card,Delivery
1814,925,2025-12-06,Completed,Digital Wallet,Express
1815,685,2025-02-03,Completed,Card,Delivery
1816,927,2025-10-24,Completed,Bank Transfer,Delivery
1817,89,2025-12-26,Completed,Cash,Express
1818,2,2025-04-02,Completed,Card,Delivery
1819,838,2025-08-28,Completed,Digital Wallet,Delivery
1820,630,2024-01-16,Completed,Cash,Delivery
1821,562,2024-07-26,Completed,Cash,Delivery
1822,744,2025-08-04,Completed,Digital Wallet,Delivery
1823,622,2025-04-15,Completed,Cash,Delivery
1824,572,2025-07-22,Completed,Card,Delivery
1825,699,2025-11-07,Completed,Card,Delivery
1826,380,2025-08-28,Completed,Bank Transfer,Delivery
1827,80,2025-08-06,Completed,Digital Wallet,Delivery
1828,609,2024-08-30,Completed,Card,Delivery
1829,903,2025-12-19,Completed,Bank Transfer,Delivery
1830,987,2025-10-08,Completed,Cash,Delivery
1831,310,2024-03-21,Completed,Card,Pickup
1832,919,2025-08-08,Completed,Cash,Express
1833,803,2025-04-17,Completed,Bank Transfer,Express
1834,121,2025-04-16,Completed,Bank Transfer,Pickup
1835,688,2024-05-21,Completed,Digital Wallet,Delivery
1836,803,2024-03-17,Completed,Cash,Delivery
1837,624,2025-12-30,Completed,Cash,Delivery
1838,182,2024-06-15,Completed,Digital Wallet,Delivery
1839,602,2024-03-17,Completed,Bank Transfer,Pickup
1840,376,2024-09-29,Returned,Card,Pickup
1841,355,2025-11-28,Completed,Digital Wallet,Pickup
1842,47,2024-11-22,Completed,Cash,Delivery
1843,592,2024-05-24,Completed,Bank Transfer,Delivery
1844,1,2025-12-28,Completed,Card,Delivery
1845,409,2024-08-12,Returned,Bank Transfer,Delivery
1846,974,2024-02-24,Completed,Cash,Pickup
1847,286,2025-04-26,Pending,Cash,Express
1848,626,2024-12-01,Cancelled,Bank Transfer,Delivery
1849,92,2025-05-12,Completed,Cash,Delivery
1850,269,2025-04-08,Completed,Cash,Express
1851,75,2025-02-02,Returned,Bank Transfer,Delivery
1852,68,2024-03-01,Completed,Card,Delivery
1853,589,2025-01-15,Pending,Cash,Pickup
1854,908,2024-04-21,Pending,Card,Delivery
1855,438,2024-03-23,Completed,Card,Pickup
1856,233,2025-03-27,Completed,Cash,Delivery
1857,34,2025-04-18,Completed,Digital Wallet,Delivery
1858,697,2024-01-16,Completed,Digital Wallet,Delivery
1859,718,2025-10-31,Completed,Bank Transfer,Delivery
1860,336,2025-12-16,Completed,Cash,Pickup
1861,535,2025-04-24,Completed,Cash,Pickup
1862,423,2024-12-18,Completed,Bank Transfer,Delivery
1863,484,2024-04-28,Completed,Card,Express
1864,813,2025-06-11,Returned,Digital Wallet,Delivery
1865,319,2025-07-05,Completed,Card,Delivery
1866,341,2024-02-16,Completed,Digital Wallet,Delivery
1867,188,2024-03-11,Completed,Bank Transfer,Delivery
1868,903,2025-01-03,Completed,Cash,Delivery
1869,941,2024-06-04,Completed,Card,Delivery
1870,280,2025-07-12,Completed,Digital Wallet,Delivery
1871,603,2025-07-15,Completed,Bank Transfer,Pickup
1872,954,2025-07-08,Completed,Bank Transfer,Express
1873,326,2024-08-21,Completed,Bank Transfer,Delivery
1874,142,2025-07-07,Completed,Bank Transfer,Delivery
1875,836,2025-03-30,Returned,Card,Delivery
1876,460,2025-09-26,Completed,Card,Delivery
1877,407,2024-06-12,Completed,Cash,Pickup
1878,10,2025-08-31,Completed,Bank Transfer,Express
1879,333,2024-04-19,Completed,Bank Transfer,Pickup
1880,683,2025-09-06,Completed,Cash,Delivery
1881,86,2024-04-12,Completed,Digital Wallet,Delivery
1882,704,2024-01-20,Completed,Bank Transfer,Pickup
1883,456,2025-11-29,Completed,Cash,Delivery
1884,25,2025-02-19,Completed,Bank Transfer,Express
1885,323,2024-10-01,Completed,Card,Delivery
1886,1,2024-03-25,Completed,Cash,Delivery
1887,322,2025-08-02,Completed,Card,Delivery
1888,881,2025-03-03,Completed,Card,Delivery
1889,114,2024-12-11,Completed,Cash,Express
1890,356,2025-11-01,Completed,Bank Transfer,Delivery
1891,912,2025-09-24,Completed,Digital Wallet,Delivery
1892,979,2025-05-19,Completed,Digital Wallet,Pickup
1893,865,2024-05-12,Completed,Card,Express
1894,726,2025-08-27,Completed,Card,Express
1895,683,2024-03-08,Completed,Digital Wallet,Delivery
1896,694,2025-09-28,Completed,Bank Transfer,Pickup
1897,13,2024-07-27,Completed,Card,Delivery
1898,357,2024-05-09,Returned,Cash,Delivery
1899,519,2025-09-18,Completed,Bank Transfer,Delivery
1900,556,2024-11-03,Completed,Card,Express
1901,670,2024-12-10,Cancelled,Cash,Express
1902,368,2024-12-20,Completed,Cash,Express
1903,703,2025-08-03,Completed,Card,Delivery
1904,73,2024-02-04,Completed,Digital Wallet,Delivery
1905,592,2024-01-14,Completed,Digital Wallet,Delivery
1906,966,2025-07-14,Completed,Digital Wallet,Pickup
1907,489,2024-09-26,Completed,Cash,Express
1908,513,2024-09-30,Completed,Cash,Pickup
1909,980,2024-08-11,Completed,Bank Transfer,Delivery
1910,716,2025-01-18,Cancelled,Card,Delivery
1911,503,2025-04-14,Completed,Cash,Delivery
1912,9,2024-08-11,Completed,Bank Transfer,Pickup
1913,75,2025-05-20,Completed,Digital Wallet,Delivery
1914,134,2025-02-04,Completed,Card,Delivery
1915,261,2024-07-07,Completed,Cash,Delivery
1916,587,2025-12-20,Completed,Cash,Pickup
1917,316,2024-12-04,Cancelled,Card,Delivery
1918,807,2024-02-02,Completed,Digital Wallet,Pickup
1919,48,2024-12-30,Completed,Digital Wallet,Delivery
1920,249,2024-01-15,Completed,Card,Delivery
1921,403,2025-03-30,Completed,Cash,Delivery
1922,7,2024-10-15,Returned,Bank Transfer,Express
1923,946,2025-04-12,Completed,Digital Wallet,Delivery
1924,580,2024-07-09,Completed,Digital Wallet,Delivery
1925,405,2024-02-17,Completed,Cash,Delivery
1926,824,2024-07-02,Completed,Cash,Delivery
1927,363,2025-06-17,Completed,Bank Transfer,Delivery
1928,475,2024-01-26,Completed,Cash,Delivery
1929,456,2024-04-27,Completed,Bank Transfer,Pickup
1930,232,2025-12-31,Completed,Card,Delivery
1931,442,2025-12-18,Pending,Card,Delivery
1932,623,2025-11-07,Completed,Bank Transfer,Express
1933,538,2024-05-07,Completed,Digital Wallet,Pickup
1934,703,2025-01-09,Completed,Digital Wallet,Delivery
1935,115,2025-05-30,Completed,Bank Transfer,Delivery
1936,564,2024-03-24,Completed,Bank Transfer,Delivery
1937,475,2025-12-07,Pending,Cash,Pickup
1938,97,2025-01-25,Completed,Card,Pickup
1939,769,2024-12-13,Returned,Digital Wallet,Delivery
1940,828,2025-12-17,Completed,Cash,Delivery
1941,385,2025-09-15,Returned,Digital Wallet,Pickup
1942,823,2025-06-05,Completed,Bank Transfer,Pickup
1943,674,2024-04-08,Pending,Cash,Delivery
1944,773,2025-05-03,Completed,Card,Delivery
1945,219,2025-09-21,Completed,Cash,Delivery
1946,859,2024-08-22,Completed,Cash,Delivery
1947,91,2024-10-11,Completed,Bank Transfer,Delivery
1948,749,2024-05-14,Returned,Card,Delivery
1949,998,2025-01-03,Completed,Cash,Pickup
1950,690,2024-05-09,Completed,Card,Delivery
1951,650,2024-07-31,Pending,Bank Transfer,Express
1952,713,2024-06-01,Completed,Cash,Delivery
1953,450,2025-05-24,Completed,Cash,Delivery
1954,106,2024-09-06,Completed,Cash,Delivery
1955,796,2024-05-13,Completed,Digital Wallet,Delivery
1956,49,2025-02-20,Completed,Cash,Delivery
1957,845,2024-02-28,Completed,Cash,Express
1958,451,2025-04-12,Completed,Digital Wallet,Express
1959,99,2025-09-17,Completed,Cash,Pickup
1960,701,2024-01-24,Completed,Card,Delivery
1961,905,2025-12-03,Pending,Card,Delivery
1962,388,2025-09-14,Completed,Cash,Delivery
1963,979,2025-06-27,Completed,Card,Delivery
1964,863,2025-07-08,Cancelled,Card,Delivery
1965,402,2024-06-15,Completed,Card,Pickup
1966,208,2024-05-01,Completed,Card,Delivery
1967,376,2025-02-19,Completed,Bank Transfer,Express
1968,428,2025-02-06,Completed,Card,Delivery
1969,718,2025-02-07,Returned,Card,Delivery
1970,824,2025-02-07,Completed,Card,Delivery
1971,294,2024-09-17,Completed,Card,Delivery
1972,442,2025-02-04,Pending,Bank Transfer,Delivery
1973,194,2024-08-18,Completed,Bank Transfer,Delivery
1974,663,2025-09-11,Completed,Digital Wallet,Delivery
1975,867,2024-06-21,Completed,Digital Wallet,Pickup
1976,121,2024-03-31,Completed,Cash,Delivery
1977,805,2025-02-24,Completed,Bank Transfer,Express
1978,569,2025-12-13,Completed,Cash,Delivery
1979,528,2025-06-09,Completed,Card,Delivery
1980,505,2025-08-31,Pending,Card,Pickup
1981,953,2025-02-21,Completed,Cash,Pickup
1982,930,2025-12-29,Completed,Digital Wallet,Delivery
1983,206,2025-07-27,Completed,Cash,Pickup
1984,738,2024-10-15,Returned,Cash,Pickup
1985,683,2024-02-28,Completed,Cash,Delivery
1986,267,2024-07-26,Returned,Card,Pickup
1987,247,2024-03-20,Completed,Bank Transfer,Pickup
1988,542,2025-05-26,Completed,Bank Transfer,Express
1989,274,2025-01-13,Cancelled,Digital Wallet,Express
1990,578,2025-11-22,Completed,Bank Transfer,Pickup
1991,412,2025-08-23,Completed,Bank Transfer,Pickup
1992,966,2025-10-12,Completed,Cash,Delivery
1993,246,2025-03-23,Completed,Digital Wallet,Express
1994,278,2025-02-06,Completed,Digital Wallet,Express
1995,66,2025-03-17,Completed,Bank Transfer,Delivery
1996,182,2024-12-17,Completed,Card,Delivery
1997,931,2024-01-09,Completed,Bank Transfer,Delivery
1998,835,2024-12-15,Completed,Digital Wallet,Delivery
1999,331,2025-01-15,Completed,Digital Wallet,Delivery
2000,458,2024-07-05,Completed,Cash,Delivery
2001,891,2024-10-09,Completed,Bank Transfer,Pickup
2002,603,2024-05-01,Completed,Digital Wallet,Delivery
2003,834,2024-10-19,Completed,Bank Transfer,Delivery
2004,598,2024-07-19,Completed,Cash,Express
2005,837,2024-04-29,Completed,Bank Transfer,Pickup
2006,219,2024-02-27,Completed,Digital Wallet,Delivery
2007,789,2025-04-13,Completed,Card,Delivery
2008,662,2025-12-03,Completed,Digital Wallet,Express
2009,842,2024-12-30,Returned,Cash,Express
2010,82,2025-01-12,Completed,Digital Wallet,Delivery
2011,955,2025-07-24,Completed,Cash,Delivery
2012,836,2025-11-04,Completed,Cash,Delivery
2013,928,2025-06-01,Completed,Bank Transfer,Delivery
2014,697,2025-10-28,Returned,Digital Wallet,Delivery
2015,510,2024-07-17,Completed,Cash,Pickup
2016,957,2025-11-23,Completed,Digital Wallet,Pickup
2017,897,2024-05-31,Completed,Digital Wallet,Delivery
2018,136,2025-08-14,Completed,Bank Transfer,Delivery
2019,200,2025-04-24,Completed,Bank Transfer,Express
2020,662,2024-02-17,Returned,Bank Transfer,Pickup
2021,834,2025-03-25,Returned,Card,Delivery
2022,959,2025-01-11,Completed,Card,Delivery
2023,943,2024-06-04,Completed,Cash,Pickup
2024,68,2024-11-12,Completed,Digital Wallet,Delivery
2025,969,2024-07-18,Completed,Card,Delivery
2026,233,2025-08-10,Completed,Card,Pickup
2027,223,2025-02-11,Completed,Card,Delivery
2028,169,2024-02-05,Completed,Cash,Delivery
2029,355,2024-12-25,Completed,Digital Wallet,Delivery
2030,739,2024-01-28,Completed,Cash,Delivery
2031,647,2025-05-11,Completed,Bank Transfer,Delivery
2032,383,2025-09-22,Completed,Cash,Express
2033,152,2024-06-22,Completed,Digital Wallet,Delivery
2034,631,2024-07-13,Returned,Cash,Delivery
2035,373,2025-04-30,Completed,Cash,Pickup
2036,231,2024-05-12,Completed,Digital Wallet,Delivery
2037,359,2024-02-05,Completed,Card,Express
2038,565,2025-04-15,Completed,Cash,Delivery
2039,510,2024-05-03,Completed,Cash,Pickup
2040,205,2025-01-25,Completed,Card,Delivery
2041,160,2025-02-09,Completed,Cash,Pickup
2042,572,2025-11-25,Completed,Cash,Pickup
2043,987,2025-05-19,Completed,Digital Wallet,Express
2044,781,2024-09-25,Completed,Bank Transfer,Pickup
2045,490,2024-07-24,Completed,Bank Transfer,Delivery
2046,215,2024-08-09,Pending,Cash,Delivery
2047,166,2025-12-30,Completed,Card,Pickup
2048,300,2024-09-16,Pending,Bank Transfer,Delivery
2049,687,2025-08-02,Completed,Cash,Delivery
2050,982,2024-12-28,Completed,Digital Wallet,Delivery
2051,910,2025-09-24,Pending,Bank Transfer,Delivery
2052,672,2024-02-20,Returned,Cash,Pickup
2053,651,2025-05-05,Cancelled,Cash,Delivery
2054,664,2024-04-27,Completed,Bank Transfer,Delivery
2055,813,2025-05-18,Completed,Cash,Delivery
2056,686,2024-11-18,Completed,Bank Transfer,Pickup
2057,669,2025-07-29,Completed,Card,Pickup
2058,74,2024-08-13,Completed,Cash,Delivery
2059,59,2025-06-04,Completed,Digital Wallet,Delivery
2060,849,2025-04-29,Completed,Digital Wallet,Delivery
2061,749,2024-10-10,Completed,Card,Delivery
2062,258,2025-08-05,Completed,Cash,Express
2063,676,2024-03-09,Completed,Digital Wallet,Express
2064,275,2024-03-14,Completed,Bank Transfer,Delivery
2065,279,2024-01-18,Completed,Card,Delivery
2066,385,2025-08-29,Pending,Bank Transfer,Delivery
2067,509,2025-01-01,Completed,Card,Delivery
2068,1,2024-05-20,Completed,Cash,Delivery
2069,163,2025-11-13,Completed,Digital Wallet,Delivery
2070,747,2025-11-08,Completed,Bank Transfer,Delivery
2071,207,2025-08-08,Completed,Digital Wallet,Express
2072,636,2025-02-17,Completed,Digital Wallet,Delivery
2073,580,2025-06-19,Completed,Card,Delivery
2074,503,2025-05-10,Completed,Cash,Delivery
2075,668,2025-02-02,Completed,Card,Delivery
2076,348,2025-12-13,Completed,Digital Wallet,Delivery
2077,431,2024-12-26,Completed,Cash,Express
2078,702,2025-08-08,Returned,Bank Transfer,Delivery
2079,618,2024-04-03,Completed,Digital Wallet,Delivery
2080,193,2024-02-01,Pending,Bank Transfer,Delivery
2081,128,2024-05-28,Completed,Card,Delivery
2082,361,2024-01-25,Completed,Digital Wallet,Pickup
2083,279,2024-10-16,Completed,Digital Wallet,Pickup
2084,291,2025-05-06,Completed,Card,Delivery
2085,431,2025-07-28,Completed,Bank Transfer,Delivery
2086,682,2025-03-21,Completed,Bank Transfer,Delivery
2087,608,2025-04-05,Returned,Card,Delivery
2088,207,2025-01-29,Returned,Digital Wallet,Delivery
2089,35,2024-09-20,Cancelled,Card,Delivery
2090,251,2024-12-27,Completed,Cash,Delivery
2091,39,2025-08-25,Completed,Bank Transfer,Delivery
2092,632,2024-07-09,Pending,Digital Wallet,Delivery
2093,904,2025-10-12,Completed,Bank Transfer,Delivery
2094,713,2025-01-24,Completed,Cash,Delivery
2095,380,2025-08-30,Completed,Card,Delivery
2096,359,2024-04-22,Completed,Cash,Delivery
2097,691,2024-07-30,Completed,Cash,Express
2098,874,2024-11-17,Completed,Bank Transfer,Delivery
2099,358,2024-10-15,Completed,Digital Wallet,Delivery
2100,996,2024-12-04,Completed,Bank Transfer,Pickup
2101,315,2025-12-27,Completed,Card,Pickup
2102,313,2025-09-18,Completed,Cash,Pickup
2103,249,2025-12-23,Returned,Bank Transfer,Delivery
2104,462,2024-10-18,Completed,Bank Transfer,Pickup
2105,271,2024-01-18,Completed,Cash,Delivery
2106,49,2025-08-30,Completed,Digital Wallet,Delivery
2107,741,2025-05-03,Completed,Cash,Express
2108,686,2025-06-29,Completed,Bank Transfer,Delivery
2109,162,2024-04-16,Pending,Digital Wallet,Delivery
2110,708,2024-06-26,Completed,Digital Wallet,Pickup
2111,491,2024-11-30,Completed,Bank Transfer,Delivery
2112,646,2025-12-27,Completed,Bank Transfer,Delivery
2113,820,2025-08-22,Completed,Cash,Delivery
2114,11,2024-02-13,Completed,Digital Wallet,Pickup
2115,391,2024-03-06,Completed,Cash,Delivery
2116,843,2024-01-29,Completed,Bank Transfer,Delivery
2117,798,2024-04-27,Completed,Digital Wallet,Delivery
2118,403,2024-12-30,Completed,Digital Wallet,Delivery
2119,597,2024-12-11,Completed,Digital Wallet,Express
2120,569,2025-03-16,Pending,Card,Express
2121,625,2024-08-11,Returned,Bank Transfer,Pickup
2122,566,2024-11-01,Completed,Bank Transfer,Delivery
2123,227,2024-03-27,Completed,Bank Transfer,Delivery
2124,210,2024-10-30,Returned,Cash,Pickup
2125,162,2025-11-17,Completed,Card,Pickup
2126,200,2024-11-13,Completed,Cash,Delivery
2127,213,2025-11-02,Completed,Bank Transfer,Delivery
2128,462,2025-08-16,Completed,Digital Wallet,Pickup
2129,554,2024-01-29,Completed,Bank Transfer,Pickup
2130,919,2024-05-24,Completed,Bank Transfer,Delivery
2131,597,2024-02-21,Completed,Card,Delivery
2132,996,2025-05-13,Completed,Bank Transfer,Delivery
2133,270,2024-07-11,Pending,Bank Transfer,Delivery
2134,327,2024-02-29,Completed,Bank Transfer,Express
2135,168,2024-06-14,Completed,Bank Transfer,Delivery
2136,347,2024-07-04,Completed,Bank Transfer,Pickup
2137,772,2024-06-12,Completed,Cash,Delivery
2138,157,2025-09-30,Completed,Card,Delivery
2139,138,2024-12-04,Completed,Card,Delivery
2140,899,2024-01-11,Completed,Cash,Delivery
2141,419,2025-04-24,Completed,Card,Delivery
2142,439,2025-04-12,Completed,Card,Delivery
2143,438,2024-05-25,Completed,Bank Transfer,Pickup
2144,323,2024-09-12,Returned,Card,Delivery
2145,658,2025-01-14,Completed,Card,Express
2146,178,2024-08-24,Completed,Bank Transfer,Pickup
2147,175,2024-08-28,Completed,Bank Transfer,Pickup
2148,974,2024-05-14,Completed,Bank Transfer,Delivery
2149,970,2025-08-18,Completed,Card,Delivery
2150,735,2024-06-15,Pending,Cash,Delivery
2151,903,2025-01-17,Completed,Digital Wallet,Express
2152,266,2025-11-07,Cancelled,Digital Wallet,Pickup
2153,982,2024-04-14,Cancelled,Digital Wallet,Delivery
2154,708,2025-05-22,Completed,Bank Transfer,Delivery
2155,638,2025-09-07,Returned,Cash,Express
2156,52,2025-01-30,Completed,Cash,Delivery
2157,943,2025-03-27,Completed,Digital Wallet,Delivery
2158,348,2025-06-01,Cancelled,Card,Delivery
2159,325,2025-09-05,Completed,Bank Transfer,Delivery
2160,777,2025-06-30,Completed,Bank Transfer,Express
2161,743,2024-05-30,Returned,Digital Wallet,Delivery
2162,193,2025-04-07,Completed,Card,Pickup
2163,103,2024-05-13,Completed,Card,Delivery
2164,469,2025-06-09,Completed,Bank Transfer,Express
2165,567,2025-03-01,Completed,Card,Delivery
2166,913,2024-03-16,Completed,Card,Pickup
2167,497,2024-10-25,Completed,Cash,Delivery
2168,361,2024-04-16,Completed,Bank Transfer,Delivery
2169,183,2025-09-04,Completed,Card,Delivery
2170,177,2024-06-28,Completed,Digital Wallet,Express
2171,767,2024-09-17,Completed,Digital Wallet,Delivery
2172,22,2025-01-04,Cancelled,Cash,Delivery
2173,385,2024-06-29,Completed,Bank Transfer,Delivery
2174,267,2025-08-28,Cancelled,Digital Wallet,Pickup
2175,197,2024-07-18,Completed,Card,Delivery
2176,837,2024-07-19,Completed,Bank Transfer,Delivery
2177,454,2024-01-19,Completed,Digital Wallet,Delivery
2178,595,2024-12-04,Completed,Digital Wallet,Delivery
2179,171,2024-01-11,Cancelled,Digital Wallet,Pickup
2180,701,2024-12-23,Completed,Bank Transfer,Delivery
2181,699,2025-04-03,Completed,Cash,Delivery
2182,650,2025-11-04,Completed,Bank Transfer,Delivery
2183,275,2024-07-08,Completed,Digital Wallet,Delivery
2184,814,2024-06-23,Completed,Bank Transfer,Delivery
2185,18,2025-03-04,Completed,Digital Wallet,Delivery
2186,86,2024-05-25,Completed,Cash,Delivery
2187,378,2025-08-09,Completed,Cash,Delivery
2188,293,2024-04-29,Completed,Digital Wallet,Delivery
2189,156,2025-08-28,Completed,Digital Wallet,Delivery
2190,251,2025-04-19,Completed,Cash,Delivery
2191,177,2025-09-29,Completed,Cash,Delivery
2192,387,2024-03-18,Completed,Bank Transfer,Delivery
2193,28,2025-10-23,Completed,Bank Transfer,Delivery
2194,210,2024-04-19,Completed,Card,Delivery
2195,588,2025-07-01,Cancelled,Cash,Pickup
2196,161,2024-03-06,Completed,Card,Delivery
2197,156,2024-04-06,Returned,Cash,Pickup
2198,382,2024-10-30,Completed,Card,Pickup
2199,552,2024-06-06,Cancelled,Digital Wallet,Delivery
2200,412,2024-11-01,Returned,Card,Pickup
2201,113,2025-06-27,Completed,Card,Delivery
2202,313,2024-05-16,Cancelled,Card,Delivery
2203,398,2024-06-30,Completed,Digital Wallet,Delivery
2204,538,2025-05-06,Completed,Bank Transfer,Delivery
2205,795,2025-02-01,Completed,Bank Transfer,Express
2206,409,2024-11-14,Completed,Card,Delivery
2207,742,2024-05-12,Completed,Cash,Delivery
2208,145,2025-03-22,Completed,Cash,Delivery
2209,188,2024-01-18,Completed,Card,Delivery
2210,168,2025-09-18,Completed,Cash,Pickup
2211,116,2024-10-15,Completed,Card,Delivery
2212,884,2025-09-21,Completed,Digital Wallet,Delivery
2213,609,2025-09-19,Completed,Card,Delivery
2214,527,2025-12-16,Completed,Card,Delivery
2215,897,2025-03-18,Completed,Card,Pickup
2216,764,2024-06-21,Completed,Card,Delivery
2217,959,2024-07-20,Completed,Bank Transfer,Delivery
2218,406,2024-07-12,Cancelled,Card,Delivery
2219,48,2024-11-30,Completed,Bank Transfer,Delivery
2220,543,2024-08-28,Completed,Card,Express
2221,567,2025-12-06,Completed,Digital Wallet,Pickup
2222,631,2024-06-24,Completed,Card,Delivery
2223,408,2025-06-30,Completed,Cash,Pickup
2224,775,2025-03-22,Returned,Cash,Delivery
2225,570,2024-07-30,Cancelled,Digital Wallet,Delivery
2226,904,2024-07-27,Completed,Digital Wallet,Delivery
2227,765,2024-03-26,Completed,Card,Pickup
2228,987,2025-07-09,Returned,Digital Wallet,Delivery
2229,466,2024-04-17,Completed,Bank Transfer,Express
2230,112,2024-01-01,Pending,Cash,Delivery
2231,518,2024-06-09,Completed,Cash,Pickup
2232,157,2024-04-11,Completed,Cash,Delivery
2233,192,2025-04-17,Completed,Card,Delivery
2234,334,2025-12-26,Returned,Card,Delivery
2235,918,2025-05-08,Completed,Card,Delivery
2236,433,2025-10-06,Completed,Cash,Delivery
2237,921,2025-07-05,Completed,Bank Transfer,Delivery
2238,77,2025-09-28,Completed,Digital Wallet,Express
2239,120,2025-04-16,Returned,Card,Delivery
2240,608,2025-03-05,Completed,Cash,Delivery
2241,307,2024-12-24,Completed,Cash,Pickup
2242,18,2024-06-03,Completed,Digital Wallet,Delivery
2243,977,2025-02-12,Completed,Cash,Delivery
2244,363,2025-08-11,Cancelled,Cash,Delivery
2245,210,2024-11-11,Completed,Cash,Delivery
2246,229,2025-09-08,Completed,Digital Wallet,Delivery
2247,10,2025-03-31,Completed,Cash,Delivery
2248,623,2024-01-24,Completed,Digital Wallet,Delivery
2249,633,2025-02-25,Completed,Bank Transfer,Delivery
2250,449,2025-08-10,Completed,Digital Wallet,Delivery
2251,4,2025-07-20,Completed,Digital Wallet,Delivery
2252,697,2025-05-24,Completed,Bank Transfer,Delivery
2253,872,2025-08-07,Completed,Bank Transfer,Delivery
2254,522,2024-07-17,Completed,Bank Transfer,Delivery
2255,474,2024-09-05,Completed,Digital Wallet,Delivery
2256,646,2024-12-17,Completed,Card,Express
2257,300,2025-08-21,Completed,Bank Transfer,Delivery
2258,11,2025-09-11,Completed,Digital Wallet,Pickup
2259,335,2024-06-24,Completed,Card,Delivery
2260,143,2025-04-14,Completed,Digital Wallet,Delivery
2261,617,2024-03-03,Completed,Cash,Delivery
2262,854,2024-09-15,Completed,Card,Pickup
2263,1,2025-07-23,Cancelled,Cash,Pickup
2264,824,2024-02-12,Completed,Bank Transfer,Delivery
2265,554,2025-07-18,Completed,Digital Wallet,Delivery
2266,876,2024-04-18,Completed,Digital Wallet,Express
2267,243,2024-01-15,Completed,Digital Wallet,Pickup
2268,938,2024-01-14,Completed,Cash,Delivery
2269,354,2025-02-03,Completed,Digital Wallet,Delivery
2270,910,2025-09-02,Completed,Cash,Delivery
2271,992,2025-01-01,Completed,Card,Delivery
2272,786,2025-08-01,Completed,Digital Wallet,Express
2273,681,2024-10-28,Completed,Card,Delivery
2274,492,2024-01-20,Completed,Digital Wallet,Delivery
2275,900,2025-10-20,Completed,Card,Delivery
2276,769,2024-07-27,Completed,Card,Delivery
2277,278,2024-10-29,Completed,Bank Transfer,Delivery
2278,610,2024-02-14,Completed,Bank Transfer,Delivery
2279,978,2025-03-08,Completed,Digital Wallet,Pickup
2280,384,2024-06-17,Completed,Card,Delivery
2281,807,2024-05-09,Completed,Bank Transfer,Delivery
2282,447,2025-05-04,Completed,Digital Wallet,Pickup
2283,189,2024-07-04,Completed,Card,Delivery
2284,221,2025-10-12,Completed,Bank Transfer,Delivery
2285,31,2024-09-21,Completed,Digital Wallet,Express
2286,311,2025-07-08,Completed,Bank Transfer,Delivery
2287,229,2025-09-07,Completed,Cash,Delivery
2288,844,2024-08-25,Completed,Bank Transfer,Delivery
2289,851,2024-03-24,Pending,Bank Transfer,Delivery
2290,357,2024-08-11,Completed,Card,Delivery
2291,256,2025-02-07,Completed,Cash,Express
2292,953,2024-03-10,Returned,Digital Wallet,Delivery
2293,798,2025-10-17,Completed,Digital Wallet,Delivery
2294,436,2024-10-04,Completed,Cash,Delivery
2295,570,2024-11-24,Completed,Bank Transfer,Delivery
2296,176,2024-07-04,Completed,Bank Transfer,Delivery
2297,862,2024-12-20,Completed,Bank Transfer,Delivery
2298,119,2025-05-29,Completed,Bank Transfer,Delivery
2299,460,2024-03-09,Completed,Card,Delivery
2300,653,2024-02-18,Completed,Card,Delivery
2301,466,2024-11-10,Completed,Cash,Pickup
2302,654,2024-08-07,Completed,Cash,Delivery
2303,895,2025-06-25,Completed,Bank Transfer,Delivery
2304,809,2025-04-17,Completed,Bank Transfer,Pickup
2305,585,2025-04-15,Completed,Bank Transfer,Pickup
2306,618,2024-07-27,Completed,Cash,Delivery
2307,548,2024-02-01,Completed,Card,Delivery
2308,432,2024-03-26,Cancelled,Card,Delivery
2309,246,2025-10-21,Completed,Cash,Delivery
2310,39,2025-06-09,Completed,Cash,Pickup
2311,571,2024-03-10,Completed,Cash,Delivery
2312,487,2024-07-20,Completed,Digital Wallet,Delivery
2313,701,2024-03-05,Completed,Card,Delivery
2314,314,2025-02-22,Completed,Cash,Express
2315,747,2024-08-19,Completed,Card,Delivery
2316,579,2024-04-19,Completed,Digital Wallet,Delivery
2317,286,2025-01-25,Completed,Digital Wallet,Delivery
2318,388,2024-06-15,Completed,Digital Wallet,Delivery
2319,67,2024-11-13,Completed,Digital Wallet,Delivery
2320,620,2025-08-12,Completed,Digital Wallet,Delivery
2321,441,2024-09-25,Pending,Bank Transfer,Delivery
2322,602,2025-08-11,Completed,Card,Delivery
2323,115,2024-02-19,Completed,Bank Transfer,Delivery
2324,592,2024-01-18,Completed,Cash,Pickup
2325,701,2025-12-26,Completed,Card,Pickup
2326,554,2025-08-31,Completed,Bank Transfer,Express
2327,175,2025-10-28,Completed,Bank Transfer,Pickup
2328,527,2025-06-13,Completed,Digital Wallet,Delivery
2329,449,2024-06-23,Completed,Bank Transfer,Pickup
2330,912,2025-05-17,Completed,Bank Transfer,Pickup
2331,130,2025-06-14,Completed,Card,Delivery
2332,74,2025-03-27,Completed,Digital Wallet,Pickup
2333,624,2025-11-07,Returned,Card,Pickup
2334,307,2025-06-25,Completed,Digital Wallet,Pickup
2335,474,2024-01-15,Returned,Bank Transfer,Express
2336,269,2024-12-02,Completed,Bank Transfer,Pickup
2337,212,2025-03-11,Completed,Cash,Delivery
2338,401,2025-06-19,Completed,Cash,Pickup
2339,654,2024-01-31,Completed,Bank Transfer,Pickup
2340,870,2025-07-03,Completed,Card,Delivery
2341,625,2025-05-18,Cancelled,Card,Delivery
2342,939,2024-12-10,Completed,Card,Pickup
2343,633,2025-11-03,Returned,Cash,Pickup
2344,456,2025-04-24,Completed,Bank Transfer,Delivery
2345,574,2025-03-11,Returned,Cash,Delivery
2346,809,2025-01-17,Completed,Bank Transfer,Pickup
2347,552,2024-01-22,Completed,Digital Wallet,Express
2348,13,2025-11-15,Completed,Cash,Delivery
2349,21,2024-05-04,Completed,Cash,Pickup
2350,82,2024-01-11,Completed,Cash,Pickup
2351,486,2024-11-10,Completed,Bank Transfer,Delivery
2352,250,2025-03-12,Completed,Card,Delivery
2353,336,2025-07-01,Completed,Card,Delivery
2354,336,2024-03-03,Cancelled,Bank Transfer,Delivery
2355,473,2024-07-30,Completed,Bank Transfer,Express
2356,815,2025-06-27,Completed,Digital Wallet,Pickup
2357,144,2025-03-26,Completed,Bank Transfer,Delivery
2358,614,2025-02-14,Completed,Cash,Delivery
2359,818,2025-09-25,Completed,Card,Delivery
2360,558,2024-11-25,Pending,Digital Wallet,Delivery
2361,649,2024-10-25,Completed,Cash,Delivery
2362,343,2025-01-30,Cancelled,Cash,Delivery
2363,582,2024-07-09,Completed,Card,Delivery
2364,298,2024-09-09,Completed,Card,Delivery
2365,859,2025-06-04,Returned,Digital Wallet,Delivery
2366,468,2024-01-29,Cancelled,Digital Wallet,Express
2367,666,2025-01-22,Completed,Bank Transfer,Express
2368,303,2024-06-30,Completed,Digital Wallet,Pickup
2369,263,2024-03-11,Completed,Digital Wallet,Delivery
2370,915,2024-04-17,Completed,Digital Wallet,Express
2371,332,2025-10-11,Returned,Bank Transfer,Delivery
2372,838,2025-10-12,Returned,Digital Wallet,Pickup
2373,44,2025-01-17,Pending,Card,Delivery
2374,574,2025-07-13,Completed,Digital Wallet,Express
2375,9,2024-09-27,Completed,Digital Wallet,Delivery
2376,138,2025-06-05,Cancelled,Bank Transfer,Delivery
2377,693,2024-10-04,Completed,Cash,Delivery
2378,814,2024-08-04,Returned,Digital Wallet,Delivery
2379,46,2025-03-04,Completed,Bank Transfer,Delivery
2380,882,2025-11-06,Cancelled,Card,Delivery
2381,178,2025-06-01,Completed,Bank Transfer,Express
2382,522,2025-04-10,Completed,Bank Transfer,Pickup
2383,360,2024-04-24,Cancelled,Cash,Pickup
2384,786,2024-12-02,Completed,Digital Wallet,Delivery
2385,503,2024-05-06,Completed,Cash,Delivery
2386,992,2025-03-11,Completed,Card,Pickup
2387,776,2025-01-27,Cancelled,Bank Transfer,Pickup
2388,785,2024-02-05,Completed,Cash,Delivery
2389,779,2025-06-19,Returned,Digital Wallet,Delivery
2390,482,2025-03-29,Completed,Bank Transfer,Express
2391,228,2024-08-27,Completed,Bank Transfer,Pickup
2392,461,2024-01-15,Cancelled,Card,Delivery
2393,9,2025-09-11,Completed,Card,Express
2394,358,2024-07-16,Completed,Digital Wallet,Express
2395,191,2025-07-12,Completed,Cash,Delivery
2396,807,2024-06-19,Pending,Bank Transfer,Delivery
2397,868,2024-06-23,Cancelled,Cash,Pickup
2398,626,2024-02-05,Completed,Bank Transfer,Delivery
2399,138,2024-01-08,Completed,Bank Transfer,Delivery
2400,58,2025-12-25,Completed,Bank Transfer,Delivery
2401,221,2024-06-12,Completed,Cash,Pickup
2402,659,2024-03-18,Completed,Digital Wallet,Pickup
2403,317,2024-04-11,Pending,Cash,Delivery
2404,284,2025-07-11,Pending,Card,Delivery
2405,754,2025-07-25,Completed,Digital Wallet,Express
2406,887,2025-08-11,Completed,Cash,Delivery
2407,81,2025-05-22,Cancelled,Cash,Delivery
2408,15,2024-09-28,Cancelled,Cash,Delivery
2409,103,2024-04-20,Completed,Card,Delivery
2410,313,2025-01-26,Completed,Card,Delivery
2411,221,2024-02-21,Completed,Cash,Delivery
2412,460,2025-12-12,Completed,Card,Express
2413,156,2024-02-05,Completed,Bank Transfer,Pickup
2414,243,2025-02-04,Returned,Digital Wallet,Pickup
2415,72,2025-08-07,Completed,Digital Wallet,Express
2416,598,2024-02-01,Completed,Digital Wallet,Delivery
2417,321,2024-01-31,Completed,Digital Wallet,Delivery
2418,342,2025-07-30,Pending,Card,Pickup
2419,222,2025-09-22,Completed,Cash,Pickup
2420,36,2025-11-01,Completed,Cash,Delivery
2421,210,2025-07-07,Completed,Card,Pickup
2422,484,2024-03-18,Completed,Digital Wallet,Delivery
2423,123,2024-01-26,Completed,Bank Transfer,Delivery
2424,945,2025-12-27,Completed,Digital Wallet,Pickup
2425,508,2024-04-23,Completed,Card,Delivery
2426,7,2025-04-10,Completed,Cash,Delivery
2427,149,2024-08-18,Completed,Bank Transfer,Pickup
2428,954,2024-05-14,Completed,Cash,Delivery
2429,407,2024-01-16,Completed,Cash,Delivery
2430,602,2024-10-03,Completed,Cash,Express
2431,936,2025-11-11,Completed,Bank Transfer,Delivery
2432,844,2025-04-01,Completed,Digital Wallet,Pickup
2433,385,2025-09-23,Completed,Cash,Delivery
2434,641,2024-12-27,Completed,Cash,Express
2435,482,2025-02-22,Completed,Digital Wallet,Delivery
2436,308,2025-07-24,Completed,Cash,Delivery
2437,354,2025-12-09,Completed,Bank Transfer,Delivery
2438,38,2024-05-14,Completed,Card,Delivery
2439,953,2025-07-03,Completed,Card,Delivery
2440,441,2025-07-07,Cancelled,Bank Transfer,Pickup
2441,822,2025-07-02,Cancelled,Bank Transfer,Delivery
2442,439,2025-06-10,Completed,Cash,Delivery
2443,389,2024-03-01,Returned,Bank Transfer,Delivery
2444,266,2024-01-25,Completed,Cash,Delivery
2445,674,2025-07-24,Pending,Card,Delivery
2446,503,2024-10-25,Completed,Cash,Delivery
2447,308,2024-02-14,Completed,Cash,Delivery
2448,986,2025-10-02,Completed,Cash,Pickup
2449,236,2024-10-12,Completed,Digital Wallet,Delivery
2450,968,2024-02-10,Completed,Card,Delivery
2451,989,2025-06-24,Completed,Bank Transfer,Delivery
2452,152,2024-01-10,Completed,Cash,Delivery
2453,745,2025-05-18,Completed,Cash,Pickup
2454,368,2024-12-02,Completed,Cash,Pickup
2455,3,2024-03-03,Completed,Digital Wallet,Delivery
2456,299,2025-02-16,Completed,Card,Delivery
2457,4,2025-06-12,Completed,Card,Delivery
2458,122,2025-02-19,Completed,Card,Delivery
2459,877,2024-04-04,Completed,Cash,Pickup
2460,143,2025-12-02,Completed,Digital Wallet,Pickup
2461,596,2025-11-20,Completed,Digital Wallet,Pickup
2462,633,2024-02-15,Completed,Bank Transfer,Delivery
2463,863,2024-03-25,Returned,Digital Wallet,Delivery
2464,265,2025-02-01,Completed,Card,Delivery
2465,612,2025-08-26,Completed,Cash,Delivery
2466,122,2024-04-09,Completed,Cash,Express
2467,85,2024-04-08,Completed,Card,Delivery
2468,679,2025-09-10,Completed,Bank Transfer,Delivery
2469,338,2025-05-28,Completed,Bank Transfer,Delivery
2470,19,2024-07-12,Completed,Card,Delivery
2471,209,2024-11-27,Completed,Bank Transfer,Delivery
2472,31,2025-04-02,Completed,Bank Transfer,Delivery
2473,912,2025-12-21,Completed,Digital Wallet,Delivery
2474,152,2024-02-24,Completed,Cash,Delivery
2475,660,2024-01-17,Completed,Card,Delivery
2476,156,2024-05-21,Completed,Digital Wallet,Delivery
2477,786,2024-10-22,Pending,Cash,Express
2478,401,2024-05-24,Completed,Bank Transfer,Delivery
2479,72,2025-05-23,Completed,Bank Transfer,Express
2480,479,2024-08-20,Completed,Bank Transfer,Delivery
2481,198,2025-02-25,Completed,Cash,Delivery
2482,466,2024-01-18,Completed,Card,Delivery
2483,97,2025-07-27,Pending,Bank Transfer,Delivery
2484,119,2025-12-04,Completed,Card,Delivery
2485,806,2025-10-08,Pending,Bank Transfer,Delivery
2486,294,2025-11-12,Cancelled,Digital Wallet,Delivery
2487,33,2024-03-03,Completed,Cash,Delivery
2488,271,2025-03-12,Completed,Card,Delivery
2489,576,2024-09-05,Completed,Digital Wallet,Delivery
2490,92,2024-06-28,Completed,Cash,Delivery
2491,948,2025-10-04,Completed,Bank Transfer,Delivery
2492,31,2025-11-01,Returned,Bank Transfer,Delivery
2493,754,2025-03-15,Completed,Bank Transfer,Delivery
2494,835,2024-09-21,Completed,Card,Express
2495,313,2025-11-01,Completed,Cash,Express
2496,430,2024-08-12,Cancelled,Bank Transfer,Delivery
2497,990,2024-01-26,Completed,Card,Delivery
2498,8,2025-01-09,Completed,Cash,Express
2499,317,2025-05-18,Cancelled,Bank Transfer,Delivery
2500,572,2025-03-07,Completed,Digital Wallet,Delivery
2501,168,2024-11-21,Completed,Cash,Pickup
2502,685,2024-07-06,Completed,Card,Delivery
2503,868,2025-03-04,Completed,Digital Wallet,Express
2504,955,2025-12-16,Completed,Cash,Pickup
2505,283,2024-03-19,Pending,Digital Wallet,Pickup
2506,419,2025-07-12,Completed,Bank Transfer,Pickup
2507,301,2025-04-29,Completed,Card,Delivery
2508,593,2024-03-02,Completed,Bank Transfer,Delivery
2509,423,2024-04-21,Completed,Bank Transfer,Delivery
2510,495,2024-11-04,Pending,Cash,Delivery
2511,885,2024-10-05,Completed,Bank Transfer,Delivery
2512,744,2025-03-05,Cancelled,Digital Wallet,Delivery
2513,971,2024-04-23,Completed,Bank Transfer,Pickup
2514,444,2024-09-15,Completed,Bank Transfer,Delivery
2515,263,2025-08-11,Completed,Card,Express
2516,676,2025-12-08,Completed,Bank Transfer,Delivery
2517,91,2024-05-06,Completed,Digital Wallet,Pickup
2518,560,2025-07-17,Completed,Cash,Delivery
2519,3,2025-11-15,Completed,Bank Transfer,Delivery
2520,694,2025-08-23,Completed,Cash,Pickup
2521,541,2025-06-13,Completed,Digital Wallet,Delivery
2522,415,2025-02-18,Completed,Card,Delivery
2523,101,2024-04-13,Pending,Cash,Delivery
2524,835,2025-01-14,Completed,Bank Transfer,Delivery
2525,744,2024-07-09,Completed,Card,Delivery
2526,412,2024-02-22,Completed,Digital Wallet,Delivery
2527,969,2024-09-02,Completed,Card,Pickup
2528,658,2025-06-01,Completed,Card,Delivery
2529,64,2025-12-16,Completed,Digital Wallet,Delivery
2530,607,2025-09-29,Completed,Card,Delivery
2531,827,2024-10-09,Completed,Card,Delivery
2532,942,2025-05-01,Completed,Cash,Delivery
2533,707,2025-05-23,Completed,Digital Wallet,Pickup
2534,569,2025-02-28,Completed,Card,Pickup
2535,776,2025-02-01,Cancelled,Cash,Pickup
2536,963,2024-12-29,Completed,Card,Pickup
2537,265,2024-04-10,Completed,Bank Transfer,Pickup
2538,652,2025-04-22,Cancelled,Bank Transfer,Pickup
2539,944,2024-01-10,Completed,Card,Delivery
2540,449,2024-12-14,Completed,Cash,Pickup
2541,24,2025-04-28,Returned,Digital Wallet,Delivery
2542,4,2025-04-27,Completed,Digital Wallet,Delivery
2543,58,2024-08-20,Completed,Digital Wallet,Delivery
2544,29,2025-07-19,Completed,Card,Pickup
2545,482,2024-06-07,Completed,Cash,Delivery
2546,901,2025-08-25,Completed,Digital Wallet,Delivery
2547,503,2024-05-03,Completed,Digital Wallet,Delivery
2548,233,2024-02-11,Completed,Digital Wallet,Delivery
2549,109,2024-01-08,Completed,Bank Transfer,Delivery
2550,690,2025-07-16,Completed,Bank Transfer,Delivery
2551,994,2025-05-27,Completed,Cash,Delivery
2552,686,2024-10-27,Completed,Cash,Delivery
2553,405,2024-07-09,Completed,Card,Delivery
2554,39,2025-01-28,Completed,Digital Wallet,Delivery
2555,868,2025-04-11,Completed,Digital Wallet,Delivery
2556,821,2025-03-29,Completed,Bank Transfer,Delivery
2557,635,2025-12-07,Completed,Bank Transfer,Delivery
2558,963,2024-05-25,Completed,Card,Pickup
2559,859,2025-02-20,Returned,Cash,Delivery
2560,5,2025-05-06,Returned,Cash,Delivery
2561,48,2025-10-26,Completed,Bank Transfer,Pickup
2562,161,2024-10-15,Cancelled,Card,Delivery
2563,887,2024-08-15,Completed,Bank Transfer,Delivery
2564,300,2025-05-30,Completed,Card,Delivery
2565,935,2024-04-19,Completed,Card,Pickup
2566,324,2024-08-22,Completed,Card,Delivery
2567,73,2025-01-21,Completed,Bank Transfer,Pickup
2568,732,2025-07-17,Pending,Bank Transfer,Delivery
2569,814,2024-09-07,Completed,Bank Transfer,Delivery
2570,564,2024-04-02,Completed,Bank Transfer,Delivery
2571,122,2024-10-09,Returned,Digital Wallet,Delivery
2572,160,2025-05-17,Completed,Digital Wallet,Pickup
2573,126,2024-11-23,Completed,Bank Transfer,Delivery
2574,784,2024-04-23,Completed,Card,Express
2575,930,2025-05-19,Completed,Card,Delivery
2576,607,2025-01-16,Completed,Digital Wallet,Delivery
2577,350,2025-01-05,Completed,Digital Wallet,Pickup
2578,655,2024-02-16,Completed,Digital Wallet,Delivery
2579,752,2025-01-27,Completed,Bank Transfer,Pickup
2580,446,2025-01-13,Completed,Digital Wallet,Pickup
2581,480,2024-05-24,Completed,Card,Delivery
2582,28,2025-04-16,Completed,Digital Wallet,Delivery
2583,394,2024-09-26,Completed,Digital Wallet,Delivery
2584,657,2024-08-23,Completed,Card,Delivery
2585,499,2024-11-21,Completed,Cash,Delivery
2586,795,2024-07-09,Cancelled,Bank Transfer,Pickup
2587,861,2024-11-04,Completed,Bank Transfer,Pickup
2588,688,2024-07-04,Completed,Cash,Delivery
2589,341,2024-09-22,Completed,Digital Wallet,Delivery
2590,413,2024-05-31,Returned,Cash,Delivery
2591,854,2024-11-03,Pending,Digital Wallet,Delivery
2592,257,2024-05-19,Completed,Digital Wallet,Delivery
2593,148,2025-05-04,Returned,Cash,Express
2594,214,2025-07-15,Pending,Digital Wallet,Delivery
2595,709,2024-05-21,Completed,Cash,Delivery
2596,542,2025-03-17,Completed,Digital Wallet,Delivery
2597,417,2025-11-18,Completed,Bank Transfer,Delivery
2598,959,2025-06-19,Pending,Cash,Delivery
2599,711,2024-12-08,Completed,Cash,Delivery
2600,356,2024-01-27,Completed,Cash,Delivery
2601,592,2025-03-04,Completed,Bank Transfer,Delivery
2602,461,2025-03-15,Pending,Card,Delivery
2603,699,2025-11-02,Completed,Digital Wallet,Delivery
2604,755,2025-04-30,Completed,Digital Wallet,Delivery
2605,348,2024-12-18,Completed,Digital Wallet,Pickup
2606,601,2025-12-22,Cancelled,Cash,Pickup
2607,540,2024-09-22,Completed,Cash,Delivery
2608,881,2025-02-16,Completed,Cash,Delivery
2609,212,2024-07-03,Completed,Cash,Delivery
2610,659,2024-05-30,Completed,Card,Pickup
2611,856,2025-04-20,Cancelled,Digital Wallet,Delivery
2612,124,2025-05-18,Completed,Cash,Delivery
2613,302,2024-06-10,Completed,Bank Transfer,Delivery
2614,275,2025-07-19,Completed,Cash,Delivery
2615,180,2024-04-16,Cancelled,Card,Delivery
2616,878,2024-07-02,Completed,Cash,Pickup
2617,985,2025-08-05,Completed,Card,Delivery
2618,912,2024-09-29,Completed,Digital Wallet,Delivery
2619,849,2024-03-20,Completed,Card,Pickup
2620,462,2025-04-20,Cancelled,Card,Express
2621,826,2024-03-23,Completed,Cash,Delivery
2622,798,2024-02-10,Cancelled,Card,Express
2623,299,2025-08-20,Completed,Cash,Delivery
2624,470,2024-07-06,Completed,Bank Transfer,Delivery
2625,230,2024-04-25,Cancelled,Digital Wallet,Delivery
2626,286,2025-03-30,Completed,Cash,Express
2627,6,2025-07-06,Completed,Card,Pickup
2628,775,2024-11-28,Completed,Cash,Pickup
2629,631,2025-09-19,Completed,Bank Transfer,Delivery
2630,619,2024-08-12,Completed,Cash,Delivery
2631,718,2024-06-10,Pending,Digital Wallet,Delivery
2632,882,2024-03-30,Completed,Card,Pickup
2633,228,2024-12-22,Completed,Bank Transfer,Express
2634,577,2025-03-15,Completed,Digital Wallet,Pickup
2635,464,2025-02-08,Completed,Cash,Delivery
2636,171,2025-07-20,Completed,Bank Transfer,Express
2637,603,2025-05-15,Completed,Bank Transfer,Delivery
2638,741,2024-01-01,Completed,Digital Wallet,Delivery
2639,3,2025-03-04,Completed,Bank Transfer,Pickup
2640,867,2024-01-23,Completed,Card,Delivery
2641,945,2024-04-15,Completed,Cash,Delivery
2642,170,2024-07-09,Completed,Bank Transfer,Pickup
2643,968,2024-11-02,Cancelled,Cash,Delivery
2644,287,2024-09-22,Completed,Card,Delivery
2645,178,2024-06-09,Completed,Cash,Delivery
2646,178,2024-01-07,Pending,Cash,Delivery
2647,42,2024-06-06,Completed,Bank Transfer,Delivery
2648,997,2024-03-01,Completed,Cash,Express
2649,291,2024-12-02,Completed,Card,Delivery
2650,415,2025-08-17,Completed,Bank Transfer,Delivery
2651,214,2025-09-30,Completed,Cash,Delivery
2652,167,2024-10-28,Cancelled,Digital Wallet,Express
2653,607,2025-03-12,Completed,Card,Delivery
2654,765,2025-07-05,Pending,Cash,Delivery
2655,852,2024-10-02,Completed,Card,Delivery
2656,594,2024-02-28,Completed,Bank Transfer,Pickup
2657,403,2024-11-16,Returned,Cash,Express
2658,121,2024-05-26,Completed,Digital Wallet,Delivery
2659,78,2025-05-07,Completed,Bank Transfer,Delivery
2660,68,2024-01-16,Completed,Bank Transfer,Delivery
2661,580,2024-07-27,Returned,Bank Transfer,Delivery
2662,816,2024-04-10,Completed,Cash,Delivery
2663,78,2025-12-20,Completed,Digital Wallet,Delivery
2664,740,2025-02-14,Completed,Digital Wallet,Pickup
2665,281,2025-04-29,Completed,Digital Wallet,Delivery
2666,106,2024-05-25,Completed,Digital Wallet,Delivery
2667,829,2024-08-22,Completed,Cash,Delivery
2668,901,2025-06-29,Returned,Bank Transfer,Pickup
2669,277,2024-03-03,Completed,Card,Delivery
2670,708,2024-08-23,Cancelled,Bank Transfer,Delivery
2671,97,2024-10-04,Completed,Cash,Delivery
2672,656,2024-04-17,Completed,Card,Delivery
2673,453,2025-05-11,Returned,Digital Wallet,Delivery
2674,268,2025-04-22,Completed,Cash,Delivery
2675,760,2024-09-14,Cancelled,Cash,Express
2676,514,2025-07-12,Completed,Bank Transfer,Delivery
2677,692,2024-11-25,Completed,Card,Delivery
2678,754,2024-01-08,Completed,Digital Wallet,Delivery
2679,442,2025-05-19,Completed,Cash,Express
2680,902,2024-08-28,Completed,Digital Wallet,Delivery
2681,367,2025-09-24,Returned,Cash,Delivery
2682,734,2025-07-09,Completed,Digital Wallet,Delivery
2683,905,2025-06-16,Completed,Bank Transfer,Pickup
2684,544,2024-07-15,Cancelled,Cash,Express
2685,329,2025-12-17,Completed,Digital Wallet,Delivery
2686,808,2024-06-25,Completed,Bank Transfer,Delivery
2687,129,2025-11-05,Completed,Cash,Delivery
2688,947,2024-08-09,Cancelled,Bank Transfer,Pickup
2689,83,2025-08-22,Completed,Cash,Delivery
2690,891,2024-12-24,Completed,Card,Delivery
2691,362,2025-11-10,Returned,Digital Wallet,Delivery
2692,905,2024-11-03,Completed,Digital Wallet,Delivery
2693,779,2024-09-14,Cancelled,Card,Delivery
2694,969,2024-06-22,Completed,Cash,Express
2695,90,2024-10-21,Completed,Cash,Delivery
2696,807,2024-01-14,Completed,Digital Wallet,Delivery
2697,852,2025-12-11,Completed,Cash,Delivery
2698,1,2024-09-25,Returned,Bank Transfer,Pickup
2699,54,2025-08-17,Completed,Cash,Delivery
2700,489,2024-10-18,Completed,Card,Pickup
2701,630,2024-03-17,Completed,Card,Delivery
2702,252,2025-01-14,Completed,Cash,Delivery
2703,306,2025-04-19,Completed,Cash,Delivery
2704,6,2025-12-12,Completed,Card,Express
2705,148,2025-04-17,Completed,Card,Delivery
2706,288,2025-02-13,Completed,Digital Wallet,Pickup
2707,57,2025-04-30,Pending,Cash,Delivery
2708,224,2025-12-26,Completed,Bank Transfer,Delivery
2709,587,2024-11-29,Completed,Cash,Delivery
2710,434,2024-04-02,Completed,Digital Wallet,Delivery
2711,878,2024-08-16,Completed,Cash,Express
2712,908,2024-07-21,Completed,Card,Delivery
2713,960,2025-09-24,Completed,Card,Express
2714,307,2024-05-20,Returned,Card,Delivery
2715,283,2024-10-21,Completed,Cash,Delivery
2716,476,2025-04-26,Completed,Digital Wallet,Delivery
2717,489,2025-03-06,Returned,Card,Delivery
2718,710,2024-08-01,Completed,Bank Transfer,Delivery
2719,999,2024-02-16,Completed,Digital Wallet,Pickup
2720,485,2024-12-01,Cancelled,Card,Delivery
2721,452,2024-01-21,Pending,Digital Wallet,Delivery
2722,579,2024-07-12,Completed,Cash,Delivery
2723,173,2024-10-20,Completed,Digital Wallet,Delivery
2724,791,2024-09-30,Completed,Digital Wallet,Delivery
2725,276,2024-12-19,Completed,Bank Transfer,Pickup
2726,514,2025-02-02,Completed,Digital Wallet,Delivery
2727,12,2024-06-18,Completed,Bank Transfer,Pickup
2728,379,2024-08-18,Completed,Cash,Delivery
2729,582,2024-02-12,Completed,Digital Wallet,Delivery
2730,529,2025-03-20,Completed,Bank Transfer,Delivery
2731,13,2024-01-04,Completed,Cash,Delivery
2732,346,2025-10-02,Cancelled,Digital Wallet,Pickup
2733,275,2024-06-27,Completed,Bank Transfer,Delivery
2734,799,2025-08-27,Completed,Card,Delivery
2735,226,2025-05-03,Completed,Bank Transfer,Delivery
2736,52,2024-11-08,Completed,Digital Wallet,Pickup
2737,301,2024-08-15,Completed,Bank Transfer,Delivery
2738,469,2024-02-22,Completed,Digital Wallet,Delivery
2739,771,2025-04-07,Cancelled,Bank Transfer,Pickup
2740,263,2025-02-28,Cancelled,Cash,Delivery
2741,398,2024-08-27,Completed,Card,Delivery
2742,305,2025-12-11,Completed,Bank Transfer,Pickup
2743,765,2025-09-15,Completed,Card,Delivery
2744,487,2025-12-13,Completed,Card,Delivery
2745,530,2024-11-11,Completed,Digital Wallet,Delivery
2746,858,2025-07-29,Completed,Bank Transfer,Express
2747,373,2025-02-25,Completed,Digital Wallet,Delivery
2748,922,2024-02-07,Completed,Cash,Delivery
2749,937,2025-03-11,Completed,Cash,Delivery
2750,406,2025-05-09,Completed,Cash,Delivery
2751,415,2025-04-27,Completed,Card,Delivery
2752,139,2024-07-06,Completed,Digital Wallet,Delivery
2753,879,2025-05-01,Returned,Bank Transfer,Pickup
2754,630,2024-01-17,Completed,Digital Wallet,Delivery
2755,520,2025-03-17,Completed,Bank Transfer,Delivery
2756,828,2024-02-17,Completed,Cash,Delivery
2757,210,2024-11-07,Completed,Cash,Delivery
2758,711,2025-09-24,Cancelled,Digital Wallet,Express
2759,25,2024-11-18,Completed,Bank Transfer,Pickup
2760,865,2025-11-17,Completed,Cash,Delivery
2761,121,2025-12-12,Completed,Bank Transfer,Delivery
2762,575,2025-03-08,Completed,Card,Delivery
2763,412,2025-11-30,Completed,Card,Delivery
2764,211,2024-07-10,Cancelled,Card,Delivery
2765,167,2025-08-14,Returned,Card,Delivery
2766,967,2025-08-17,Completed,Card,Delivery
2767,581,2025-07-03,Returned,Digital Wallet,Delivery
2768,158,2025-03-04,Completed,Cash,Pickup
2769,239,2025-04-19,Completed,Card,Delivery
2770,843,2024-11-11,Completed,Cash,Delivery
2771,299,2024-06-10,Completed,Cash,Express
2772,90,2025-11-21,Completed,Bank Transfer,Delivery
2773,656,2025-09-07,Completed,Card,Delivery
2774,794,2025-08-02,Completed,Digital Wallet,Delivery
2775,390,2025-09-05,Completed,Bank Transfer,Pickup
2776,450,2024-07-13,Completed,Bank Transfer,Express
2777,544,2024-06-15,Pending,Bank Transfer,Delivery
2778,935,2025-06-08,Completed,Bank Transfer,Delivery
2779,252,2024-02-25,Completed,Card,Delivery
2780,552,2024-04-24,Completed,Card,Delivery
2781,386,2025-10-18,Completed,Cash,Delivery
2782,352,2025-10-22,Completed,Card,Delivery
2783,667,2024-09-15,Cancelled,Cash,Express
2784,670,2025-06-07,Completed,Card,Delivery
2785,460,2024-02-17,Completed,Card,Express
2786,160,2025-02-26,Completed,Card,Delivery
2787,50,2024-07-27,Completed,Card,Delivery
2788,920,2024-03-08,Completed,Digital Wallet,Delivery
2789,170,2025-09-07,Returned,Cash,Delivery
2790,789,2024-10-30,Cancelled,Bank Transfer,Pickup
2791,31,2025-11-07,Cancelled,Digital Wallet,Delivery
2792,520,2025-11-06,Completed,Bank Transfer,Express
2793,189,2025-10-18,Completed,Bank Transfer,Delivery
2794,430,2025-07-06,Completed,Card,Pickup
2795,906,2025-01-29,Cancelled,Cash,Pickup
2796,416,2025-02-05,Completed,Card,Delivery
2797,861,2024-01-18,Completed,Card,Delivery
2798,651,2024-06-28,Pending,Digital Wallet,Delivery
2799,923,2024-09-27,Completed,Cash,Delivery
2800,610,2025-01-25,Completed,Cash,Delivery
2801,343,2025-06-18,Completed,Digital Wallet,Pickup
2802,84,2024-07-01,Completed,Bank Transfer,Pickup
2803,953,2025-11-04,Completed,Cash,Delivery
2804,383,2024-08-08,Completed,Card,Delivery
2805,962,2024-06-08,Pending,Digital Wallet,Delivery
2806,10,2024-07-06,Completed,Bank Transfer,Delivery
2807,415,2025-12-22,Completed,Digital Wallet,Delivery
2808,460,2024-01-01,Completed,Bank Transfer,Delivery
2809,326,2024-05-16,Cancelled,Bank Transfer,Delivery
2810,364,2024-08-15,Completed,Digital Wallet,Delivery
2811,772,2024-03-22,Completed,Digital Wallet,Pickup
2812,798,2024-10-12,Completed,Cash,Pickup
2813,847,2025-12-19,Completed,Cash,Delivery
2814,896,2025-08-06,Completed,Digital Wallet,Delivery
2815,379,2024-10-10,Returned,Digital Wallet,Delivery
2816,203,2024-05-10,Completed,Card,Delivery
2817,827,2025-04-19,Completed,Digital Wallet,Delivery
2818,76,2024-05-12,Completed,Bank Transfer,Delivery
2819,497,2025-11-13,Returned,Cash,Pickup
2820,975,2024-09-19,Completed,Digital Wallet,Delivery
2821,985,2025-02-24,Completed,Cash,Delivery
2822,427,2025-02-11,Completed,Digital Wallet,Express
2823,583,2025-08-20,Completed,Cash,Pickup
2824,387,2025-09-16,Pending,Cash,Delivery
2825,755,2025-09-09,Completed,Cash,Delivery
2826,770,2025-07-20,Completed,Digital Wallet,Delivery
2827,476,2025-12-28,Completed,Cash,Delivery
2828,800,2025-03-20,Completed,Card,Delivery
2829,538,2024-06-25,Completed,Bank Transfer,Pickup
2830,833,2024-09-09,Completed,Cash,Delivery
2831,764,2024-07-13,Pending,Card,Delivery
2832,130,2025-02-16,Completed,Card,Pickup
2833,297,2024-10-31,Completed,Digital Wallet,Express
2834,151,2025-09-23,Completed,Card,Express
2835,313,2025-10-29,Completed,Card,Pickup
2836,749,2025-07-31,Completed,Bank Transfer,Delivery
2837,210,2025-06-12,Completed,Digital Wallet,Delivery
2838,923,2025-10-12,Cancelled,Digital Wallet,Delivery
2839,606,2025-09-19,Completed,Bank Transfer,Pickup
2840,393,2024-10-31,Completed,Cash,Delivery
2841,12,2024-12-03,Completed,Cash,Delivery
2842,188,2024-08-27,Completed,Cash,Delivery
2843,955,2025-05-11,Pending,Digital Wallet,Delivery
2844,820,2024-04-14,Completed,Bank Transfer,Delivery
2845,636,2025-02-14,Completed,Card,Delivery
2846,878,2025-01-13,Completed,Cash,Pickup
2847,88,2025-04-30,Completed,Cash,Delivery
2848,3,2025-04-04,Completed,Digital Wallet,Delivery
2849,539,2025-03-16,Completed,Digital Wallet,Delivery
2850,783,2025-10-29,Returned,Bank Transfer,Pickup
2851,7,2024-11-13,Completed,Bank Transfer,Delivery
2852,124,2025-12-28,Completed,Cash,Express
2853,673,2024-07-17,Completed,Bank Transfer,Pickup
2854,100,2024-01-14,Completed,Digital Wallet,Delivery
2855,658,2024-06-22,Completed,Bank Transfer,Delivery
2856,430,2024-03-29,Completed,Cash,Express
2857,151,2025-12-12,Completed,Card,Delivery
2858,529,2025-05-10,Completed,Digital Wallet,Delivery
2859,306,2024-07-07,Completed,Bank Transfer,Delivery
2860,460,2024-10-20,Completed,Card,Pickup
2861,506,2025-03-17,Completed,Digital Wallet,Pickup
2862,794,2024-08-18,Completed,Card,Express
2863,907,2024-01-06,Completed,Digital Wallet,Delivery
2864,79,2025-09-14,Completed,Digital Wallet,Delivery
2865,941,2025-12-05,Completed,Bank Transfer,Delivery
2866,712,2024-09-01,Pending,Cash,Pickup
2867,608,2024-12-21,Completed,Bank Transfer,Delivery
2868,995,2024-09-18,Completed,Card,Delivery
2869,363,2025-06-05,Completed,Bank Transfer,Delivery
2870,81,2024-04-07,Completed,Digital Wallet,Delivery
2871,736,2025-09-26,Completed,Bank Transfer,Delivery
2872,683,2024-04-29,Returned,Card,Delivery
2873,841,2025-04-29,Completed,Bank Transfer,Delivery
2874,252,2024-01-13,Completed,Bank Transfer,Pickup
2875,121,2025-07-06,Completed,Card,Express
2876,255,2025-09-10,Returned,Cash,Delivery
2877,824,2025-07-06,Completed,Cash,Delivery
2878,404,2024-06-13,Completed,Card,Delivery
2879,381,2025-07-11,Completed,Bank Transfer,Delivery
2880,711,2024-01-22,Completed,Card,Delivery
2881,330,2024-06-10,Completed,Bank Transfer,Delivery
2882,923,2025-01-26,Completed,Digital Wallet,Pickup
2883,212,2024-07-27,Completed,Bank Transfer,Pickup
2884,136,2024-07-23,Completed,Cash,Delivery
2885,480,2024-11-03,Completed,Card,Delivery
2886,520,2024-02-24,Completed,Digital Wallet,Delivery
2887,518,2025-09-11,Completed,Card,Delivery
2888,43,2025-11-26,Completed,Card,Delivery
2889,741,2025-12-10,Completed,Bank Transfer,Pickup
2890,81,2024-04-04,Completed,Cash,Pickup
2891,388,2024-04-12,Completed,Bank Transfer,Delivery
2892,575,2024-02-18,Completed,Digital Wallet,Delivery
2893,674,2024-05-02,Completed,Digital Wallet,Delivery
2894,466,2025-12-01,Completed,Cash,Delivery
2895,322,2024-08-19,Completed,Digital Wallet,Delivery
2896,488,2025-05-03,Pending,Bank Transfer,Pickup
2897,304,2025-05-06,Completed,Card,Pickup
2898,696,2025-11-26,Completed,Cash,Delivery
2899,769,2024-03-06,Completed,Card,Pickup
2900,587,2024-12-13,Completed,Bank Transfer,Delivery
2901,812,2025-05-12,Completed,Digital Wallet,Delivery
2902,418,2024-07-03,Completed,Digital Wallet,Express
2903,373,2024-08-25,Pending,Cash,Pickup
2904,76,2025-07-01,Completed,Cash,Delivery
2905,833,2025-07-22,Returned,Card,Delivery
2906,398,2025-06-13,Completed,Bank Transfer,Express
2907,54,2025-02-06,Completed,Digital Wallet,Delivery
2908,445,2024-01-09,Completed,Cash,Pickup
2909,909,2025-10-18,Completed,Digital Wallet,Delivery
2910,9,2025-09-30,Completed,Card,Delivery
2911,222,2025-08-23,Completed,Card,Express
2912,61,2024-08-30,Completed,Cash,Delivery
2913,24,2025-09-14,Completed,Cash,Delivery
2914,786,2025-04-16,Completed,Digital Wallet,Delivery
2915,376,2024-08-24,Cancelled,Cash,Express
2916,43,2024-02-20,Completed,Digital Wallet,Delivery
2917,884,2025-04-19,Completed,Digital Wallet,Express
2918,678,2024-11-25,Completed,Bank Transfer,Express
2919,605,2024-05-20,Completed,Bank Transfer,Pickup
2920,986,2025-09-11,Completed,Bank Transfer,Express
2921,231,2025-06-10,Completed,Card,Delivery
2922,124,2025-07-15,Completed,Bank Transfer,Delivery
2923,543,2024-08-04,Completed,Bank Transfer,Pickup
2924,408,2025-02-19,Completed,Cash,Delivery
2925,703,2025-01-14,Completed,Digital Wallet,Delivery
2926,54,2024-11-18,Completed,Digital Wallet,Delivery
2927,993,2025-02-22,Completed,Digital Wallet,Pickup
2928,318,2025-07-08,Completed,Digital Wallet,Delivery
2929,460,2025-10-17,Completed,Digital Wallet,Express
2930,416,2024-01-17,Completed,Bank Transfer,Pickup
2931,65,2025-01-09,Completed,Card,Delivery
2932,978,2024-07-22,Completed,Card,Delivery
2933,696,2025-10-12,Pending,Digital Wallet,Delivery
2934,97,2024-11-19,Completed,Bank Transfer,Delivery
2935,586,2024-03-04,Completed,Cash,Delivery
2936,77,2024-08-02,Completed,Bank Transfer,Delivery
2937,581,2024-09-28,Completed,Digital Wallet,Express
2938,750,2025-01-09,Completed,Bank Transfer,Delivery
2939,940,2025-04-23,Completed,Bank Transfer,Pickup
2940,127,2025-08-09,Returned,Card,Pickup
2941,955,2025-06-21,Completed,Digital Wallet,Delivery
2942,762,2024-11-03,Cancelled,Digital Wallet,Delivery
2943,440,2024-12-04,Completed,Card,Delivery
2944,200,2024-11-26,Completed,Digital Wallet,Delivery
2945,687,2025-07-26,Completed,Card,Delivery
2946,480,2024-02-20,Completed,Cash,Express
2947,711,2025-05-04,Cancelled,Card,Delivery
2948,251,2024-01-07,Completed,Card,Delivery
2949,168,2024-01-27,Completed,Digital Wallet,Delivery
2950,223,2024-07-13,Cancelled,Cash,Delivery
2951,619,2025-12-16,Completed,Cash,Delivery
2952,882,2025-02-18,Completed,Card,Delivery
2953,575,2024-05-16,Completed,Cash,Pickup
2954,958,2025-04-16,Completed,Cash,Delivery
2955,450,2025-04-29,Returned,Cash,Delivery
2956,548,2024-12-12,Completed,Card,Delivery
2957,703,2024-07-05,Completed,Card,Delivery
2958,1,2024-03-07,Completed,Cash,Delivery
2959,818,2024-06-28,Completed,Bank Transfer,Delivery
2960,985,2024-10-31,Completed,Card,Delivery
2961,538,2024-06-01,Cancelled,Card,Pickup
2962,495,2024-12-05,Completed,Card,Delivery
2963,276,2025-12-07,Completed,Digital Wallet,Delivery
2964,949,2025-03-29,Completed,Card,Delivery
2965,983,2024-08-14,Completed,Card,Pickup
2966,403,2024-10-18,Pending,Cash,Delivery
2967,189,2025-03-18,Pending,Cash,Express
2968,505,2025-04-05,Completed,Cash,Delivery
2969,78,2025-02-28,Cancelled,Card,Express
2970,412,2024-11-01,Completed,Card,Express
2971,454,2024-01-04,Completed,Bank Transfer,Delivery
2972,388,2024-02-05,Completed,Bank Transfer,Delivery
2973,516,2024-11-07,Completed,Bank Transfer,Delivery
2974,844,2024-02-08,Completed,Bank Transfer,Pickup
2975,136,2025-05-22,Completed,Digital Wallet,Delivery
2976,777,2025-01-10,Completed,Digital Wallet,Delivery
2977,142,2025-01-15,Completed,Card,Pickup
2978,441,2024-06-12,Completed,Card,Delivery
2979,415,2024-07-14,Completed,Bank Transfer,Delivery
2980,813,2025-02-17,Cancelled,Bank Transfer,Express
2981,747,2024-03-13,Completed,Digital Wallet,Delivery
2982,610,2025-05-12,Completed,Cash,Delivery
2983,948,2024-08-10,Pending,Digital Wallet,Pickup
2984,859,2025-07-08,Completed,Card,Delivery
2985,936,2025-12-24,Completed,Card,Delivery
2986,636,2024-11-18,Completed,Card,Pickup
2987,612,2025-12-20,Completed,Cash,Delivery
2988,427,2025-03-22,Completed,Cash,Delivery
2989,228,2025-08-27,Completed,Digital Wallet,Delivery
2990,104,2024-06-09,Completed,Card,Delivery
2991,933,2024-04-16,Completed,Bank Transfer,Delivery
2992,348,2024-08-21,Completed,Card,Delivery
2993,187,2025-12-02,Completed,Cash,Delivery
2994,198,2025-08-28,Pending,Bank Transfer,Express
2995,308,2024-06-25,Cancelled,Cash,Delivery
2996,733,2025-04-17,Completed,Digital Wallet,Delivery
2997,526,2025-05-28,Completed,Cash,Delivery
2998,539,2025-10-20,Completed,Digital Wallet,Delivery
2999,674,2025-07-13,Pending,Bank Transfer,Delivery
3000,535,2024-02-20,Completed,Card,Express
3001,205,2025-12-15,Completed,Bank Transfer,Delivery
3002,479,2025-08-11,Completed,Bank Transfer,Delivery
3003,772,2025-11-26,Completed,Digital Wallet,Delivery
3004,639,2024-10-02,Completed,Digital Wallet,Delivery
3005,695,2025-07-08,Completed,Card,Pickup
3006,879,2025-03-31,Completed,Digital Wallet,Pickup
3007,52,2025-07-10,Completed,Cash,Delivery
3008,394,2025-02-14,Completed,Card,Delivery
3009,365,2024-11-22,Completed,Digital Wallet,Express
3010,339,2025-05-26,Completed,Digital Wallet,Delivery
3011,770,2025-01-02,Cancelled,Bank Transfer,Delivery
3012,990,2024-06-25,Completed,Digital Wallet,Delivery
3013,8,2024-02-23,Completed,Digital Wallet,Delivery
3014,806,2025-02-28,Completed,Cash,Delivery
3015,59,2024-12-31,Completed,Digital Wallet,Delivery
3016,333,2024-04-19,Completed,Bank Transfer,Pickup
3017,267,2024-03-11,Completed,Digital Wallet,Express
3018,6,2024-05-27,Completed,Cash,Delivery
3019,417,2025-07-01,Pending,Card,Delivery
3020,239,2024-11-21,Cancelled,Card,Pickup
3021,464,2024-01-21,Pending,Digital Wallet,Delivery
3022,904,2025-09-29,Completed,Bank Transfer,Delivery
3023,218,2025-06-08,Completed,Card,Delivery
3024,817,2025-12-11,Completed,Card,Delivery
3025,754,2025-07-01,Completed,Bank Transfer,Pickup
3026,218,2024-10-02,Completed,Card,Delivery
3027,444,2025-10-15,Completed,Digital Wallet,Delivery
3028,889,2025-08-12,Cancelled,Cash,Pickup
3029,345,2024-06-05,Completed,Card,Delivery
3030,399,2025-09-16,Completed,Card,Delivery
3031,937,2024-02-13,Completed,Bank Transfer,Pickup
3032,387,2025-12-08,Completed,Card,Delivery
3033,511,2025-10-17,Completed,Cash,Delivery
3034,694,2024-01-20,Cancelled,Card,Delivery
3035,443,2024-01-02,Completed,Bank Transfer,Delivery
3036,667,2024-02-15,Completed,Card,Delivery
3037,544,2025-09-06,Pending,Cash,Delivery
3038,288,2025-09-17,Cancelled,Card,Delivery
3039,865,2024-11-15,Completed,Cash,Delivery
3040,762,2025-03-26,Completed,Digital Wallet,Delivery
3041,448,2025-04-16,Completed,Bank Transfer,Express
3042,117,2025-11-03,Completed,Digital Wallet,Pickup
3043,931,2025-12-04,Completed,Cash,Delivery
3044,513,2025-06-18,Completed,Cash,Pickup
3045,328,2025-10-18,Completed,Digital Wallet,Delivery
3046,826,2024-10-10,Completed,Digital Wallet,Delivery
3047,663,2024-08-13,Completed,Digital Wallet,Delivery
3048,659,2025-01-04,Completed,Digital Wallet,Pickup
3049,775,2024-10-13,Completed,Digital Wallet,Pickup
3050,300,2025-06-12,Completed,Digital Wallet,Delivery
3051,3,2025-01-28,Completed,Cash,Delivery
3052,658,2025-11-28,Completed,Card,Express
3053,543,2024-04-02,Completed,Cash,Delivery
3054,151,2025-01-25,Cancelled,Bank Transfer,Delivery
3055,425,2025-09-29,Completed,Card,Express
3056,951,2024-06-05,Completed,Digital Wallet,Pickup
3057,226,2025-10-31,Completed,Digital Wallet,Delivery
3058,969,2025-08-16,Completed,Cash,Pickup
3059,234,2025-04-27,Completed,Card,Delivery
3060,833,2025-03-14,Completed,Bank Transfer,Pickup
3061,732,2025-07-09,Completed,Digital Wallet,Delivery
3062,910,2025-07-19,Completed,Digital Wallet,Express
3063,595,2024-11-26,Completed,Card,Delivery
3064,456,2025-03-06,Completed,Bank Transfer,Delivery
3065,538,2024-03-20,Pending,Card,Pickup
3066,767,2024-08-03,Completed,Card,Delivery
3067,67,2024-11-24,Completed,Card,Delivery
3068,310,2025-01-13,Completed,Digital Wallet,Delivery
3069,847,2025-07-17,Completed,Bank Transfer,Delivery
3070,454,2025-02-24,Completed,Card,Pickup
3071,983,2024-01-18,Completed,Digital Wallet,Delivery
3072,244,2025-08-30,Completed,Card,Delivery
3073,959,2025-10-08,Completed,Card,Delivery
3074,342,2024-03-31,Completed,Card,Delivery
3075,581,2025-10-24,Completed,Digital Wallet,Pickup
3076,803,2024-04-10,Completed,Cash,Pickup
3077,28,2025-10-26,Cancelled,Card,Express
3078,398,2025-09-02,Completed,Card,Delivery
3079,601,2024-05-15,Completed,Cash,Delivery
3080,148,2025-01-31,Completed,Cash,Delivery
3081,928,2025-12-24,Completed,Digital Wallet,Delivery
3082,623,2025-04-10,Returned,Cash,Pickup
3083,46,2025-03-06,Completed,Digital Wallet,Delivery
3084,424,2025-06-15,Completed,Cash,Express
3085,196,2024-12-12,Completed,Digital Wallet,Delivery
3086,499,2025-03-28,Completed,Card,Pickup
3087,861,2025-11-04,Returned,Cash,Delivery
3088,338,2024-12-14,Completed,Bank Transfer,Delivery
3089,927,2024-02-03,Completed,Card,Delivery
3090,633,2025-09-09,Completed,Cash,Delivery
3091,728,2024-10-13,Completed,Bank Transfer,Delivery
3092,522,2025-07-04,Completed,Card,Delivery
3093,316,2025-05-09,Pending,Card,Pickup
3094,959,2024-08-20,Pending,Bank Transfer,Pickup
3095,204,2025-02-14,Completed,Digital Wallet,Delivery
3096,643,2025-02-06,Completed,Card,Pickup
3097,597,2025-10-16,Completed,Digital Wallet,Delivery
3098,551,2024-02-24,Cancelled,Cash,Delivery
3099,997,2024-11-05,Completed,Bank Transfer,Delivery
3100,525,2024-10-25,Completed,Digital Wallet,Delivery
3101,301,2024-01-26,Returned,Cash,Pickup
3102,434,2025-03-13,Pending,Card,Delivery
3103,224,2024-05-17,Completed,Digital Wallet,Delivery
3104,511,2025-06-02,Completed,Card,Delivery
3105,968,2025-05-25,Completed,Cash,Delivery
3106,721,2025-11-16,Completed,Digital Wallet,Delivery
3107,522,2025-02-06,Pending,Cash,Pickup
3108,140,2025-08-01,Cancelled,Bank Transfer,Delivery
3109,944,2025-12-23,Completed,Cash,Express
3110,233,2024-08-20,Completed,Card,Delivery
3111,755,2025-01-16,Completed,Bank Transfer,Delivery
3112,261,2025-07-04,Completed,Digital Wallet,Pickup
3113,25,2025-04-22,Returned,Bank Transfer,Delivery
3114,394,2025-04-27,Completed,Digital Wallet,Delivery
3115,126,2024-12-19,Completed,Bank Transfer,Delivery
3116,666,2024-03-25,Returned,Digital Wallet,Delivery
3117,955,2025-09-16,Completed,Card,Delivery
3118,345,2024-01-14,Returned,Cash,Delivery
3119,681,2024-04-06,Completed,Card,Delivery
3120,966,2024-10-20,Returned,Card,Delivery
3121,782,2024-11-03,Cancelled,Digital Wallet,Delivery
3122,911,2024-02-29,Completed,Bank Transfer,Pickup
3123,209,2025-12-11,Completed,Digital Wallet,Delivery
3124,754,2024-05-11,Completed,Cash,Delivery
3125,296,2025-11-11,Completed,Cash,Express
3126,790,2024-01-30,Completed,Digital Wallet,Express
3127,650,2024-12-22,Pending,Card,Delivery
3128,662,2025-08-22,Completed,Cash,Delivery
3129,913,2024-07-12,Completed,Digital Wallet,Delivery
3130,615,2025-01-21,Pending,Digital Wallet,Delivery
3131,80,2024-01-02,Completed,Bank Transfer,Pickup
3132,938,2024-09-03,Completed,Card,Delivery
3133,870,2024-05-11,Completed,Cash,Delivery
3134,603,2025-07-11,Completed,Cash,Pickup
3135,996,2025-03-09,Completed,Digital Wallet,Delivery
3136,633,2024-01-17,Completed,Digital Wallet,Delivery
3137,336,2024-06-02,Completed,Bank Transfer,Pickup
3138,124,2024-10-07,Completed,Cash,Delivery
3139,796,2024-12-24,Completed,Bank Transfer,Pickup
3140,930,2025-01-04,Completed,Bank Transfer,Delivery
3141,829,2025-01-20,Completed,Card,Delivery
3142,253,2025-05-16,Completed,Digital Wallet,Delivery
3143,582,2025-08-21,Completed,Bank Transfer,Pickup
3144,659,2025-01-25,Returned,Bank Transfer,Delivery
3145,777,2024-06-10,Completed,Digital Wallet,Delivery
3146,385,2024-09-26,Completed,Bank Transfer,Delivery
3147,27,2024-08-09,Returned,Bank Transfer,Delivery
3148,184,2024-12-08,Completed,Cash,Pickup
3149,801,2024-10-04,Completed,Bank Transfer,Pickup
3150,409,2025-05-07,Completed,Cash,Delivery
3151,308,2025-04-25,Completed,Cash,Delivery
3152,948,2025-01-04,Completed,Card,Delivery
3153,494,2024-10-26,Completed,Cash,Delivery
3154,96,2024-04-27,Completed,Digital Wallet,Delivery
3155,478,2025-08-26,Cancelled,Cash,Delivery
3156,896,2025-12-05,Completed,Card,Delivery
3157,293,2024-09-06,Completed,Digital Wallet,Delivery
3158,527,2024-07-17,Completed,Bank Transfer,Delivery
3159,62,2024-04-12,Completed,Digital Wallet,Express
3160,88,2024-11-15,Completed,Card,Delivery
3161,961,2024-03-07,Completed,Digital Wallet,Delivery
3162,423,2024-06-23,Completed,Card,Delivery
3163,562,2024-03-20,Completed,Card,Delivery
3164,688,2025-02-19,Completed,Bank Transfer,Delivery
3165,132,2024-12-04,Completed,Card,Delivery
3166,562,2025-10-29,Cancelled,Cash,Pickup
3167,842,2025-08-15,Completed,Cash,Express
3168,739,2024-03-14,Completed,Bank Transfer,Delivery
3169,761,2024-07-19,Completed,Card,Delivery
3170,200,2024-02-25,Completed,Digital Wallet,Pickup
3171,663,2025-12-08,Returned,Card,Delivery
3172,938,2024-05-21,Completed,Card,Delivery
3173,808,2024-06-06,Completed,Digital Wallet,Delivery
3174,106,2024-11-18,Completed,Bank Transfer,Pickup
3175,580,2024-05-25,Completed,Digital Wallet,Delivery
3176,256,2024-07-29,Cancelled,Cash,Delivery
3177,874,2024-05-19,Completed,Card,Express
3178,238,2025-08-24,Completed,Cash,Delivery
3179,387,2024-05-23,Completed,Card,Express
3180,757,2025-09-20,Completed,Card,Delivery
3181,213,2024-09-19,Completed,Cash,Delivery
3182,104,2024-07-16,Completed,Cash,Delivery
3183,530,2025-01-22,Pending,Card,Pickup
3184,163,2024-09-06,Completed,Bank Transfer,Delivery
3185,881,2025-02-25,Completed,Bank Transfer,Delivery
3186,312,2024-07-09,Completed,Bank Transfer,Pickup
3187,306,2025-09-16,Completed,Card,Delivery
3188,598,2025-06-08,Completed,Cash,Delivery
3189,764,2024-02-25,Completed,Bank Transfer,Delivery
3190,769,2025-04-09,Completed,Digital Wallet,Delivery
3191,888,2024-09-05,Completed,Bank Transfer,Delivery
3192,484,2024-08-25,Completed,Card,Delivery
3193,182,2025-01-27,Pending,Digital Wallet,Delivery
3194,341,2025-07-30,Cancelled,Bank Transfer,Delivery
3195,919,2025-02-03,Pending,Bank Transfer,Pickup
3196,894,2025-10-16,Completed,Digital Wallet,Delivery
3197,108,2024-09-29,Completed,Bank Transfer,Delivery
3198,415,2025-08-18,Completed,Cash,Delivery
3199,453,2024-10-04,Returned,Digital Wallet,Delivery
3200,326,2025-11-13,Completed,Cash,Delivery
3201,716,2025-12-06,Completed,Digital Wallet,Delivery
3202,650,2025-08-13,Completed,Bank Transfer,Pickup
3203,158,2024-10-23,Completed,Digital Wallet,Delivery
3204,607,2024-06-03,Completed,Bank Transfer,Delivery
3205,161,2025-10-18,Completed,Digital Wallet,Express
3206,763,2025-10-02,Completed,Cash,Delivery
3207,218,2025-11-06,Completed,Bank Transfer,Delivery
3208,440,2024-09-09,Completed,Card,Delivery
3209,104,2025-02-06,Completed,Cash,Delivery
3210,482,2025-08-27,Completed,Card,Delivery
3211,363,2024-08-17,Completed,Card,Delivery
3212,919,2025-06-11,Completed,Digital Wallet,Delivery
3213,251,2024-01-24,Completed,Cash,Delivery
3214,389,2024-03-01,Completed,Cash,Pickup
3215,792,2024-01-05,Returned,Bank Transfer,Delivery
3216,434,2025-05-08,Pending,Card,Delivery
3217,144,2025-01-30,Completed,Cash,Delivery
3218,126,2024-10-19,Completed,Cash,Delivery
3219,305,2025-03-28,Completed,Bank Transfer,Delivery
3220,859,2024-05-27,Completed,Cash,Delivery
3221,720,2024-10-30,Completed,Digital Wallet,Delivery
3222,836,2024-07-14,Completed,Digital Wallet,Delivery
3223,954,2025-08-22,Cancelled,Bank Transfer,Delivery
3224,405,2025-08-09,Completed,Card,Express
3225,113,2024-07-04,Completed,Digital Wallet,Pickup
3226,581,2025-04-16,Completed,Digital Wallet,Delivery
3227,689,2024-01-27,Completed,Cash,Delivery
3228,226,2025-09-06,Completed,Card,Express
3229,111,2024-06-22,Completed,Card,Delivery
3230,795,2024-09-09,Completed,Bank Transfer,Pickup
3231,35,2024-03-24,Completed,Cash,Delivery
3232,279,2024-08-08,Completed,Digital Wallet,Pickup
3233,673,2024-07-29,Pending,Bank Transfer,Delivery
3234,103,2024-10-15,Completed,Bank Transfer,Delivery
3235,64,2024-03-13,Cancelled,Digital Wallet,Delivery
3236,39,2024-03-16,Pending,Card,Delivery
3237,11,2024-10-16,Completed,Card,Pickup
3238,49,2024-11-15,Completed,Cash,Pickup
3239,40,2024-06-03,Completed,Digital Wallet,Pickup
3240,949,2024-05-01,Completed,Card,Pickup
3241,75,2025-09-27,Completed,Cash,Delivery
3242,125,2024-07-24,Completed,Bank Transfer,Delivery
3243,268,2024-06-08,Pending,Cash,Delivery
3244,77,2025-03-11,Completed,Digital Wallet,Delivery
3245,688,2024-04-08,Completed,Card,Delivery
3246,557,2025-01-26,Completed,Bank Transfer,Pickup
3247,102,2025-12-19,Cancelled,Digital Wallet,Delivery
3248,898,2024-05-18,Completed,Card,Delivery
3249,317,2024-01-17,Pending,Bank Transfer,Express
3250,686,2024-01-05,Completed,Card,Delivery
3251,123,2024-05-15,Cancelled,Digital Wallet,Pickup
3252,307,2024-11-20,Completed,Digital Wallet,Express
3253,77,2025-09-14,Completed,Digital Wallet,Delivery
3254,523,2025-01-12,Completed,Bank Transfer,Pickup
3255,193,2025-09-11,Completed,Card,Delivery
3256,653,2025-05-26,Completed,Card,Delivery
3257,389,2024-05-05,Completed,Bank Transfer,Delivery
3258,657,2024-06-04,Completed,Bank Transfer,Pickup
3259,78,2025-12-28,Completed,Bank Transfer,Delivery
3260,53,2025-02-24,Completed,Digital Wallet,Express
3261,190,2025-02-01,Completed,Bank Transfer,Pickup
3262,346,2024-06-20,Pending,Cash,Pickup
3263,509,2024-11-15,Returned,Card,Delivery
3264,373,2024-10-16,Completed,Card,Express
3265,478,2025-08-20,Completed,Bank Transfer,Delivery
3266,937,2025-01-02,Completed,Bank Transfer,Delivery
3267,973,2025-09-04,Completed,Card,Delivery
3268,109,2025-08-28,Pending,Bank Transfer,Delivery
3269,357,2025-11-10,Returned,Cash,Delivery
3270,797,2025-05-31,Completed,Cash,Pickup
3271,189,2025-04-04,Completed,Card,Delivery
3272,400,2025-02-17,Completed,Bank Transfer,Delivery
3273,27,2024-09-22,Completed,Card,Delivery
3274,680,2024-02-13,Completed,Bank Transfer,Delivery
3275,228,2024-01-06,Pending,Digital Wallet,Delivery
3276,979,2025-03-07,Cancelled,Bank Transfer,Delivery
3277,718,2025-06-08,Completed,Card,Pickup
3278,4,2025-10-15,Pending,Digital Wallet,Delivery
3279,614,2024-03-01,Completed,Card,Delivery
3280,550,2024-05-24,Completed,Digital Wallet,Delivery
3281,514,2024-04-23,Completed,Cash,Delivery
3282,147,2025-07-19,Completed,Cash,Delivery
3283,291,2024-01-14,Completed,Digital Wallet,Delivery
3284,160,2025-06-22,Completed,Bank Transfer,Delivery
3285,280,2024-04-04,Completed,Bank Transfer,Delivery
3286,822,2024-04-28,Completed,Card,Pickup
3287,959,2024-09-09,Completed,Card,Pickup
3288,969,2024-11-17,Completed,Digital Wallet,Express
3289,169,2025-10-20,Completed,Cash,Express
3290,8,2025-03-23,Completed,Bank Transfer,Express
3291,570,2024-02-11,Completed,Digital Wallet,Delivery
3292,30,2024-05-10,Returned,Card,Pickup
3293,25,2024-11-03,Completed,Bank Transfer,Express
3294,730,2024-12-03,Completed,Card,Delivery
3295,893,2024-05-09,Completed,Card,Express
3296,269,2024-10-21,Completed,Digital Wallet,Pickup
3297,295,2025-10-05,Completed,Card,Delivery
3298,657,2025-06-06,Completed,Cash,Delivery
3299,228,2024-12-18,Completed,Card,Delivery
3300,233,2025-04-20,Completed,Card,Delivery
3301,100,2024-08-15,Cancelled,Digital Wallet,Delivery
3302,940,2024-09-02,Cancelled,Digital Wallet,Delivery
3303,15,2024-11-22,Completed,Bank Transfer,Express
3304,937,2025-05-19,Completed,Bank Transfer,Delivery
3305,22,2025-07-11,Completed,Cash,Delivery
3306,755,2024-01-01,Cancelled,Digital Wallet,Delivery
3307,51,2025-12-07,Completed,Cash,Delivery
3308,821,2025-07-10,Completed,Digital Wallet,Delivery
3309,50,2025-02-01,Completed,Digital Wallet,Delivery
3310,464,2024-10-06,Completed,Card,Delivery
3311,326,2024-05-27,Completed,Card,Express
3312,429,2025-11-10,Completed,Bank Transfer,Delivery
3313,566,2024-02-29,Completed,Cash,Delivery
3314,525,2024-10-14,Completed,Digital Wallet,Delivery
3315,165,2025-10-17,Completed,Digital Wallet,Delivery
3316,309,2025-04-15,Completed,Digital Wallet,Pickup
3317,185,2024-11-26,Completed,Card,Delivery
3318,692,2024-07-07,Completed,Cash,Express
3319,179,2024-08-05,Completed,Card,Pickup
3320,281,2024-03-22,Completed,Cash,Delivery
3321,738,2024-12-04,Completed,Digital Wallet,Delivery
3322,336,2025-07-01,Completed,Digital Wallet,Delivery
3323,980,2025-08-21,Returned,Digital Wallet,Delivery
3324,511,2025-07-30,Completed,Card,Delivery
3325,169,2025-01-12,Completed,Cash,Express
3326,219,2024-08-14,Completed,Bank Transfer,Delivery
3327,299,2025-01-02,Completed,Cash,Pickup
3328,330,2025-10-17,Completed,Cash,Delivery
3329,232,2024-02-17,Completed,Cash,Delivery
3330,402,2024-07-07,Returned,Card,Delivery
3331,102,2025-05-12,Completed,Cash,Delivery
3332,850,2024-05-14,Completed,Card,Delivery
3333,555,2024-06-30,Returned,Bank Transfer,Delivery
3334,605,2024-06-29,Returned,Digital Wallet,Delivery
3335,487,2024-01-06,Completed,Cash,Pickup
3336,770,2024-02-03,Pending,Card,Pickup
3337,601,2024-06-09,Completed,Bank Transfer,Delivery
3338,961,2025-01-01,Completed,Cash,Delivery
3339,98,2025-11-18,Completed,Card,Delivery
3340,659,2024-09-06,Completed,Cash,Delivery
3341,499,2024-03-27,Completed,Card,Delivery
3342,23,2024-07-07,Completed,Bank Transfer,Delivery
3343,386,2024-05-29,Completed,Bank Transfer,Delivery
3344,736,2025-11-24,Completed,Digital Wallet,Delivery
3345,758,2025-01-12,Completed,Bank Transfer,Delivery
3346,461,2025-08-16,Pending,Cash,Delivery
3347,293,2024-12-18,Completed,Cash,Delivery
3348,240,2024-03-25,Pending,Digital Wallet,Delivery
3349,801,2025-07-01,Completed,Bank Transfer,Delivery
3350,297,2025-03-27,Completed,Cash,Delivery
3351,802,2024-05-01,Completed,Bank Transfer,Delivery
3352,630,2025-12-17,Returned,Card,Delivery
3353,998,2025-05-25,Completed,Digital Wallet,Pickup
3354,349,2024-02-29,Completed,Digital Wallet,Delivery
3355,778,2025-03-04,Completed,Card,Pickup
3356,164,2025-07-21,Completed,Bank Transfer,Delivery
3357,57,2025-02-20,Completed,Card,Delivery
3358,252,2024-03-11,Completed,Digital Wallet,Delivery
3359,561,2025-11-27,Returned,Card,Delivery
3360,846,2025-05-04,Completed,Cash,Delivery
3361,139,2024-06-03,Completed,Digital Wallet,Delivery
3362,365,2025-08-22,Completed,Cash,Delivery
3363,652,2025-06-13,Completed,Bank Transfer,Delivery
3364,934,2025-05-24,Completed,Bank Transfer,Pickup
3365,621,2024-11-15,Completed,Card,Delivery
3366,765,2024-09-07,Completed,Bank Transfer,Pickup
3367,252,2025-08-06,Completed,Cash,Pickup
3368,720,2025-12-15,Completed,Cash,Delivery
3369,353,2025-09-05,Completed,Digital Wallet,Delivery
3370,214,2024-05-09,Pending,Bank Transfer,Delivery
3371,675,2025-07-21,Completed,Digital Wallet,Delivery
3372,584,2024-03-14,Cancelled,Bank Transfer,Pickup
3373,942,2025-06-20,Completed,Card,Delivery
3374,282,2025-11-14,Cancelled,Digital Wallet,Pickup
3375,168,2025-12-18,Completed,Bank Transfer,Delivery
3376,456,2024-08-13,Cancelled,Bank Transfer,Delivery
3377,148,2025-05-14,Completed,Bank Transfer,Delivery
3378,354,2024-08-13,Pending,Cash,Delivery
3379,855,2025-01-09,Completed,Bank Transfer,Express
3380,396,2025-09-20,Completed,Digital Wallet,Delivery
3381,452,2025-06-07,Completed,Digital Wallet,Delivery
3382,286,2025-08-14,Completed,Bank Transfer,Pickup
3383,23,2024-11-10,Completed,Cash,Delivery
3384,982,2025-02-27,Completed,Digital Wallet,Delivery
3385,547,2024-12-07,Cancelled,Cash,Pickup
3386,56,2025-03-07,Completed,Digital Wallet,Pickup
3387,729,2025-05-19,Completed,Cash,Pickup
3388,720,2024-01-23,Completed,Cash,Delivery
3389,899,2024-10-02,Cancelled,Card,Delivery
3390,113,2024-11-04,Completed,Bank Transfer,Express
3391,191,2024-05-30,Completed,Bank Transfer,Pickup
3392,473,2025-07-17,Pending,Card,Delivery
3393,354,2025-05-19,Completed,Digital Wallet,Pickup
3394,141,2025-01-17,Completed,Bank Transfer,Delivery
3395,54,2025-04-14,Completed,Cash,Delivery
3396,543,2024-05-17,Completed,Digital Wallet,Delivery
3397,862,2024-05-27,Completed,Cash,Delivery
3398,749,2024-06-08,Completed,Bank Transfer,Delivery
3399,735,2025-02-08,Completed,Digital Wallet,Delivery
3400,202,2025-02-20,Completed,Cash,Pickup
3401,803,2025-06-16,Completed,Card,Delivery
3402,142,2024-06-04,Completed,Card,Pickup
3403,738,2025-11-23,Completed,Bank Transfer,Delivery
3404,837,2024-09-16,Completed,Cash,Delivery
3405,771,2024-08-05,Completed,Digital Wallet,Delivery
3406,391,2024-01-24,Returned,Cash,Express
3407,708,2025-07-07,Completed,Digital Wallet,Pickup
3408,654,2024-03-28,Completed,Digital Wallet,Delivery
3409,344,2025-10-17,Completed,Bank Transfer,Pickup
3410,898,2025-09-05,Completed,Bank Transfer,Express
3411,287,2025-08-04,Completed,Card,Delivery
3412,193,2024-05-29,Completed,Bank Transfer,Pickup
3413,96,2025-07-31,Returned,Bank Transfer,Delivery
3414,669,2024-01-01,Completed,Bank Transfer,Delivery
3415,113,2025-05-01,Completed,Card,Delivery
3416,50,2024-08-09,Pending,Card,Delivery
3417,654,2024-03-10,Completed,Card,Delivery
3418,66,2024-12-22,Completed,Bank Transfer,Delivery
3419,219,2024-12-04,Completed,Card,Delivery
3420,662,2024-08-10,Completed,Digital Wallet,Delivery
3421,518,2024-02-21,Completed,Card,Delivery
3422,413,2025-06-12,Returned,Digital Wallet,Delivery
3423,113,2025-05-13,Cancelled,Digital Wallet,Delivery
3424,37,2024-04-03,Pending,Card,Delivery
3425,474,2025-11-03,Completed,Cash,Delivery
3426,106,2025-03-22,Completed,Bank Transfer,Delivery
3427,399,2025-03-10,Pending,Digital Wallet,Delivery
3428,583,2025-08-07,Completed,Digital Wallet,Delivery
3429,594,2025-12-30,Completed,Cash,Delivery
3430,68,2025-05-02,Cancelled,Bank Transfer,Pickup
3431,341,2025-07-03,Completed,Cash,Delivery
3432,660,2025-07-06,Completed,Bank Transfer,Delivery
3433,451,2025-12-23,Completed,Bank Transfer,Delivery
3434,975,2024-09-02,Pending,Cash,Delivery
3435,398,2025-02-13,Completed,Card,Delivery
3436,796,2025-12-18,Completed,Card,Delivery
3437,339,2025-07-06,Completed,Digital Wallet,Delivery
3438,497,2025-09-11,Cancelled,Card,Pickup
3439,796,2024-07-26,Completed,Bank Transfer,Delivery
3440,923,2025-04-18,Completed,Digital Wallet,Delivery
3441,574,2025-10-24,Completed,Bank Transfer,Delivery
3442,380,2025-12-28,Completed,Bank Transfer,Delivery
3443,531,2025-01-14,Returned,Digital Wallet,Delivery
3444,245,2024-01-05,Completed,Digital Wallet,Pickup
3445,964,2024-01-08,Completed,Digital Wallet,Delivery
3446,740,2024-01-09,Completed,Cash,Delivery
3447,733,2024-06-19,Pending,Digital Wallet,Delivery
3448,942,2024-04-28,Completed,Bank Transfer,Delivery
3449,132,2025-12-10,Completed,Digital Wallet,Delivery
3450,799,2025-09-09,Completed,Digital Wallet,Express
3451,150,2024-03-15,Completed,Cash,Pickup
3452,286,2024-05-24,Completed,Bank Transfer,Delivery
3453,910,2025-11-25,Pending,Bank Transfer,Pickup
3454,496,2025-12-09,Completed,Digital Wallet,Delivery
3455,634,2025-12-29,Returned,Card,Delivery
3456,597,2025-10-08,Completed,Digital Wallet,Delivery
3457,625,2025-03-20,Completed,Digital Wallet,Delivery
3458,467,2025-02-20,Completed,Digital Wallet,Delivery
3459,241,2024-07-18,Completed,Bank Transfer,Delivery
3460,630,2025-12-31,Completed,Cash,Express
3461,860,2024-10-15,Returned,Digital Wallet,Delivery
3462,374,2024-07-19,Completed,Cash,Express
3463,187,2024-05-10,Cancelled,Card,Pickup
3464,250,2025-09-30,Completed,Digital Wallet,Delivery
3465,710,2024-10-18,Completed,Cash,Delivery
3466,781,2024-04-26,Completed,Card,Delivery
3467,968,2024-12-02,Completed,Card,Delivery
3468,407,2025-12-26,Cancelled,Cash,Delivery
3469,32,2025-05-31,Completed,Digital Wallet,Delivery
3470,586,2024-08-01,Completed,Digital Wallet,Express
3471,613,2025-04-11,Cancelled,Cash,Delivery
3472,296,2025-06-03,Completed,Cash,Delivery
3473,916,2024-04-01,Completed,Card,Delivery
3474,413,2025-04-28,Completed,Bank Transfer,Delivery
3475,994,2025-12-28,Completed,Digital Wallet,Express
3476,397,2024-10-17,Completed,Cash,Pickup
3477,24,2024-07-31,Completed,Digital Wallet,Delivery
3478,837,2025-11-04,Completed,Bank Transfer,Delivery
3479,531,2024-05-25,Completed,Bank Transfer,Delivery
3480,911,2025-08-29,Returned,Digital Wallet,Delivery
3481,298,2024-01-03,Completed,Card,Delivery
3482,753,2025-11-22,Completed,Card,Delivery
3483,681,2024-02-20,Completed,Digital Wallet,Pickup
3484,328,2024-03-29,Completed,Bank Transfer,Delivery
3485,844,2024-05-26,Completed,Card,Delivery
3486,668,2024-07-26,Completed,Cash,Express
3487,328,2025-03-06,Cancelled,Cash,Delivery
3488,730,2024-07-24,Completed,Card,Express
3489,59,2024-02-08,Completed,Cash,Delivery
3490,455,2025-06-17,Completed,Card,Pickup
3491,318,2025-06-28,Pending,Cash,Delivery
3492,972,2024-08-24,Completed,Bank Transfer,Delivery
3493,557,2025-09-06,Completed,Card,Delivery
3494,236,2024-02-20,Returned,Cash,Delivery
3495,428,2025-03-10,Completed,Digital Wallet,Delivery
3496,547,2025-10-20,Completed,Card,Delivery
3497,141,2025-11-21,Completed,Card,Delivery
3498,886,2025-08-08,Completed,Digital Wallet,Pickup
3499,263,2025-04-13,Cancelled,Bank Transfer,Express
3500,226,2024-03-16,Pending,Card,Delivery
3501,358,2025-11-28,Completed,Cash,Delivery
3502,760,2024-09-07,Completed,Digital Wallet,Delivery
3503,208,2025-09-11,Completed,Bank Transfer,Express
3504,97,2025-07-25,Completed,Card,Pickup
3505,144,2025-11-14,Completed,Cash,Delivery
3506,418,2024-12-30,Completed,Card,Delivery
3507,498,2025-03-13,Completed,Card,Delivery
3508,491,2025-02-11,Cancelled,Cash,Delivery
3509,556,2024-08-09,Completed,Cash,Delivery
3510,539,2025-11-11,Completed,Card,Delivery
3511,671,2025-02-10,Cancelled,Cash,Delivery
3512,412,2024-06-25,Completed,Cash,Delivery
3513,446,2025-03-30,Completed,Card,Delivery
3514,705,2024-07-18,Completed,Digital Wallet,Delivery
3515,405,2024-11-28,Completed,Card,Delivery
3516,595,2025-08-20,Completed,Bank Transfer,Delivery
3517,109,2024-05-18,Completed,Digital Wallet,Delivery
3518,156,2025-03-20,Completed,Digital Wallet,Delivery
3519,26,2025-07-16,Cancelled,Bank Transfer,Express
3520,545,2024-01-26,Completed,Card,Express
3521,964,2024-10-24,Completed,Digital Wallet,Delivery
3522,970,2025-01-31,Completed,Cash,Delivery
3523,977,2024-05-22,Completed,Bank Transfer,Pickup
3524,360,2024-04-05,Completed,Digital Wallet,Delivery
3525,117,2024-11-11,Completed,Card,Delivery
3526,668,2025-01-04,Completed,Card,Pickup
3527,189,2024-09-25,Completed,Cash,Delivery
3528,458,2025-07-28,Cancelled,Digital Wallet,Delivery
3529,475,2024-02-20,Completed,Card,Pickup
3530,604,2024-07-19,Completed,Card,Pickup
3531,154,2024-12-14,Completed,Card,Delivery
3532,401,2025-10-02,Completed,Bank Transfer,Delivery
3533,773,2024-01-24,Completed,Bank Transfer,Delivery
3534,186,2024-06-14,Completed,Cash,Delivery
3535,216,2024-05-01,Completed,Card,Delivery
3536,908,2024-02-12,Completed,Digital Wallet,Delivery
3537,21,2024-05-19,Completed,Cash,Express
3538,667,2025-12-28,Completed,Bank Transfer,Pickup
3539,588,2025-04-07,Completed,Digital Wallet,Express
3540,753,2025-10-12,Completed,Card,Delivery
3541,335,2025-05-21,Cancelled,Card,Pickup
3542,781,2024-10-10,Completed,Bank Transfer,Express
3543,695,2025-05-22,Completed,Digital Wallet,Delivery
3544,505,2024-08-01,Completed,Bank Transfer,Delivery
3545,382,2024-08-12,Completed,Card,Delivery
3546,672,2025-03-15,Returned,Digital Wallet,Delivery
3547,895,2025-06-10,Completed,Bank Transfer,Delivery
3548,806,2024-10-30,Completed,Cash,Delivery
3549,950,2024-12-27,Completed,Digital Wallet,Delivery
3550,876,2025-03-02,Cancelled,Cash,Delivery
3551,402,2024-11-02,Completed,Cash,Delivery
3552,882,2025-11-09,Completed,Digital Wallet,Delivery
3553,483,2024-01-05,Returned,Bank Transfer,Delivery
3554,792,2025-10-28,Completed,Cash,Delivery
3555,665,2024-09-14,Completed,Digital Wallet,Express
3556,708,2024-12-11,Cancelled,Card,Delivery
3557,782,2024-11-08,Completed,Card,Delivery
3558,739,2024-02-02,Completed,Bank Transfer,Delivery
3559,170,2024-01-09,Completed,Cash,Delivery
3560,940,2025-09-09,Completed,Card,Delivery
3561,458,2024-08-20,Returned,Digital Wallet,Express
3562,865,2025-08-27,Completed,Bank Transfer,Delivery
3563,993,2025-12-03,Completed,Card,Delivery
3564,142,2024-12-09,Completed,Bank Transfer,Delivery
3565,40,2025-11-23,Completed,Card,Delivery
3566,352,2024-01-24,Completed,Card,Delivery
3567,352,2024-08-20,Cancelled,Cash,Express
3568,611,2024-09-28,Completed,Cash,Pickup
3569,769,2025-05-18,Completed,Bank Transfer,Delivery
3570,817,2024-04-12,Completed,Cash,Delivery
3571,590,2024-01-30,Completed,Cash,Delivery
3572,190,2025-04-16,Completed,Cash,Delivery
3573,861,2025-11-22,Completed,Cash,Pickup
3574,353,2024-04-23,Completed,Bank Transfer,Delivery
3575,542,2024-07-16,Completed,Bank Transfer,Delivery
3576,351,2024-03-23,Completed,Digital Wallet,Express
3577,818,2025-09-10,Cancelled,Card,Delivery
3578,332,2024-04-06,Completed,Bank Transfer,Delivery
3579,367,2024-11-16,Completed,Cash,Delivery
3580,716,2024-02-02,Returned,Digital Wallet,Delivery
3581,191,2025-07-10,Cancelled,Digital Wallet,Delivery
3582,254,2025-03-28,Completed,Card,Express
3583,144,2024-03-29,Completed,Digital Wallet,Delivery
3584,434,2024-06-19,Completed,Bank Transfer,Pickup
3585,178,2025-03-10,Completed,Bank Transfer,Delivery
3586,524,2025-11-01,Completed,Cash,Delivery
3587,637,2024-03-01,Completed,Cash,Delivery
3588,853,2025-03-17,Completed,Cash,Express
3589,613,2024-12-10,Returned,Digital Wallet,Pickup
3590,964,2024-03-01,Completed,Card,Pickup
3591,739,2025-09-22,Cancelled,Cash,Express
3592,129,2025-11-24,Completed,Digital Wallet,Delivery
3593,693,2024-04-12,Returned,Cash,Delivery
3594,235,2025-06-27,Returned,Card,Delivery
3595,353,2024-04-02,Completed,Cash,Delivery
3596,379,2025-09-14,Completed,Digital Wallet,Delivery
3597,48,2025-11-26,Completed,Cash,Pickup
3598,244,2024-04-19,Completed,Cash,Delivery
3599,786,2025-01-14,Completed,Digital Wallet,Delivery
3600,625,2024-03-06,Completed,Bank Transfer,Delivery
3601,25,2024-10-19,Completed,Cash,Pickup
3602,534,2025-12-25,Completed,Bank Transfer,Delivery
3603,905,2025-09-21,Completed,Card,Pickup
3604,703,2025-10-30,Cancelled,Digital Wallet,Delivery
3605,695,2025-10-19,Completed,Card,Delivery
3606,700,2025-08-21,Completed,Digital Wallet,Delivery
3607,400,2024-12-13,Completed,Digital Wallet,Delivery
3608,166,2025-06-05,Completed,Digital Wallet,Delivery
3609,630,2024-03-26,Completed,Digital Wallet,Delivery
3610,634,2024-06-08,Completed,Cash,Delivery
3611,922,2024-03-18,Completed,Digital Wallet,Delivery
3612,472,2025-03-21,Completed,Card,Pickup
3613,368,2024-05-20,Completed,Digital Wallet,Delivery
3614,453,2025-10-20,Completed,Card,Delivery
3615,202,2024-02-27,Completed,Bank Transfer,Delivery
3616,829,2024-06-30,Completed,Digital Wallet,Pickup
3617,534,2024-09-06,Completed,Card,Pickup
3618,763,2024-11-13,Completed,Card,Delivery
3619,324,2025-05-30,Completed,Digital Wallet,Delivery
3620,665,2024-02-18,Completed,Cash,Delivery
3621,702,2025-12-07,Completed,Bank Transfer,Delivery
3622,71,2025-07-03,Completed,Cash,Delivery
3623,435,2025-07-08,Completed,Card,Delivery
3624,250,2025-07-16,Completed,Digital Wallet,Delivery
3625,50,2024-11-17,Completed,Cash,Delivery
3626,62,2024-04-12,Completed,Cash,Delivery
3627,101,2024-08-28,Completed,Cash,Delivery
3628,242,2024-06-26,Completed,Cash,Delivery
3629,79,2025-11-19,Completed,Card,Pickup
3630,653,2025-02-24,Completed,Card,Delivery
3631,579,2025-11-23,Completed,Card,Delivery
3632,719,2025-05-05,Pending,Digital Wallet,Delivery
3633,478,2025-06-06,Completed,Bank Transfer,Delivery
3634,439,2025-05-08,Completed,Card,Delivery
3635,133,2024-03-23,Completed,Card,Pickup
3636,990,2025-04-30,Returned,Digital Wallet,Delivery
3637,248,2024-10-02,Completed,Card,Pickup
3638,688,2025-06-29,Cancelled,Bank Transfer,Delivery
3639,222,2025-04-14,Completed,Bank Transfer,Delivery
3640,113,2025-08-21,Completed,Bank Transfer,Pickup
3641,312,2025-01-05,Completed,Bank Transfer,Delivery
3642,484,2024-05-25,Completed,Bank Transfer,Delivery
3643,843,2024-04-27,Completed,Digital Wallet,Delivery
3644,81,2024-08-29,Completed,Card,Delivery
3645,692,2025-05-28,Completed,Cash,Pickup
3646,247,2025-08-21,Completed,Card,Delivery
3647,412,2025-01-25,Returned,Digital Wallet,Delivery
3648,963,2024-01-26,Completed,Digital Wallet,Delivery
3649,101,2024-07-19,Completed,Digital Wallet,Pickup
3650,843,2024-02-17,Completed,Cash,Delivery
3651,672,2024-10-22,Completed,Card,Delivery
3652,807,2025-02-04,Cancelled,Cash,Delivery
3653,210,2024-08-11,Completed,Card,Delivery
3654,469,2025-03-02,Completed,Bank Transfer,Delivery
3655,688,2024-04-14,Completed,Bank Transfer,Delivery
3656,116,2025-09-07,Completed,Digital Wallet,Delivery
3657,946,2025-03-01,Completed,Card,Pickup
3658,398,2024-11-16,Completed,Digital Wallet,Delivery
3659,925,2025-05-09,Returned,Cash,Delivery
3660,573,2024-08-24,Completed,Bank Transfer,Delivery
3661,499,2025-11-30,Completed,Cash,Delivery
3662,233,2025-12-07,Cancelled,Bank Transfer,Delivery
3663,186,2024-05-28,Completed,Card,Delivery
3664,172,2025-05-09,Returned,Digital Wallet,Delivery
3665,229,2024-10-13,Completed,Bank Transfer,Delivery
3666,761,2025-12-03,Completed,Card,Delivery
3667,463,2024-06-23,Completed,Cash,Delivery
3668,128,2025-06-15,Completed,Card,Delivery
3669,458,2025-12-14,Completed,Digital Wallet,Delivery
3670,869,2025-05-06,Completed,Digital Wallet,Delivery
3671,747,2025-06-17,Completed,Digital Wallet,Pickup
3672,596,2025-09-21,Completed,Card,Delivery
3673,953,2024-05-18,Completed,Card,Delivery
3674,560,2025-02-23,Completed,Digital Wallet,Delivery
3675,756,2024-04-07,Completed,Card,Express
3676,913,2024-01-10,Completed,Digital Wallet,Delivery
3677,821,2025-12-02,Cancelled,Bank Transfer,Delivery
3678,250,2024-04-06,Pending,Cash,Pickup
3679,173,2025-09-02,Completed,Bank Transfer,Pickup
3680,460,2024-07-01,Completed,Digital Wallet,Delivery
3681,612,2024-11-08,Completed,Cash,Delivery
3682,575,2025-06-03,Completed,Cash,Delivery
3683,707,2025-12-28,Completed,Card,Delivery
3684,971,2024-06-19,Completed,Card,Pickup
3685,659,2024-01-14,Completed,Digital Wallet,Express
3686,357,2024-07-12,Completed,Cash,Delivery
3687,228,2025-12-08,Completed,Card,Pickup
3688,248,2024-03-19,Completed,Bank Transfer,Delivery
3689,38,2024-02-16,Completed,Card,Delivery
3690,689,2024-06-16,Completed,Bank Transfer,Delivery
3691,796,2024-12-06,Completed,Bank Transfer,Delivery
3692,926,2024-08-28,Completed,Card,Delivery
3693,872,2024-10-12,Pending,Cash,Delivery
3694,158,2024-05-28,Returned,Bank Transfer,Delivery
3695,829,2024-10-05,Completed,Cash,Delivery
3696,902,2024-03-09,Completed,Bank Transfer,Pickup
3697,889,2025-03-07,Returned,Card,Pickup
3698,187,2025-12-24,Completed,Card,Delivery
3699,556,2025-02-08,Completed,Bank Transfer,Delivery
3700,101,2024-07-31,Completed,Bank Transfer,Delivery
3701,97,2024-11-17,Completed,Card,Delivery
3702,9,2025-04-26,Completed,Bank Transfer,Pickup
3703,637,2024-02-17,Completed,Digital Wallet,Delivery
3704,314,2025-01-06,Cancelled,Digital Wallet,Delivery
3705,285,2024-02-02,Completed,Cash,Pickup
3706,472,2025-05-10,Completed,Cash,Delivery
3707,969,2024-04-05,Completed,Card,Delivery
3708,212,2024-08-08,Pending,Digital Wallet,Delivery
3709,440,2025-04-08,Completed,Cash,Delivery
3710,673,2024-08-19,Completed,Card,Pickup
3711,185,2024-11-08,Completed,Cash,Delivery
3712,753,2024-10-03,Completed,Cash,Pickup
3713,63,2025-02-25,Completed,Cash,Delivery
3714,241,2025-03-20,Completed,Card,Delivery
3715,558,2024-04-12,Completed,Bank Transfer,Delivery
3716,173,2024-10-30,Completed,Bank Transfer,Delivery
3717,685,2024-02-01,Completed,Bank Transfer,Delivery
3718,857,2025-01-11,Completed,Bank Transfer,Delivery
3719,360,2025-12-19,Returned,Card,Delivery
3720,754,2025-06-11,Completed,Card,Express
3721,427,2024-10-07,Completed,Bank Transfer,Delivery
3722,507,2024-12-25,Completed,Card,Pickup
3723,479,2024-02-09,Completed,Cash,Delivery
3724,333,2024-04-05,Completed,Card,Delivery
3725,845,2024-07-02,Completed,Card,Delivery
3726,842,2024-03-13,Completed,Cash,Delivery
3727,328,2025-09-23,Completed,Cash,Delivery
3728,980,2024-06-27,Completed,Digital Wallet,Pickup
3729,444,2025-08-20,Completed,Digital Wallet,Delivery
3730,794,2024-06-20,Completed,Cash,Delivery
3731,393,2024-04-05,Completed,Card,Pickup
3732,641,2025-07-08,Completed,Cash,Delivery
3733,17,2025-09-28,Completed,Bank Transfer,Delivery
3734,670,2025-10-08,Cancelled,Bank Transfer,Delivery
3735,435,2025-11-20,Completed,Cash,Delivery
3736,196,2024-07-25,Completed,Cash,Express
3737,264,2024-08-01,Completed,Card,Express
3738,756,2025-06-23,Completed,Bank Transfer,Pickup
3739,520,2025-03-21,Completed,Bank Transfer,Pickup
3740,180,2024-10-18,Completed,Cash,Delivery
3741,636,2024-05-16,Completed,Bank Transfer,Delivery
3742,276,2024-07-28,Completed,Card,Delivery
3743,356,2024-06-16,Pending,Bank Transfer,Delivery
3744,901,2025-05-06,Cancelled,Card,Delivery
3745,438,2025-09-11,Cancelled,Digital Wallet,Delivery
3746,215,2024-11-26,Completed,Digital Wallet,Delivery
3747,46,2024-09-21,Completed,Cash,Delivery
3748,781,2025-08-29,Completed,Bank Transfer,Delivery
3749,564,2025-06-04,Returned,Cash,Express
3750,292,2025-09-17,Completed,Digital Wallet,Delivery
3751,445,2025-03-16,Completed,Bank Transfer,Delivery
3752,419,2025-12-18,Completed,Card,Pickup
3753,888,2025-03-19,Completed,Card,Pickup
3754,637,2025-03-26,Returned,Card,Delivery
3755,777,2024-08-08,Completed,Bank Transfer,Pickup
3756,974,2025-04-03,Completed,Digital Wallet,Delivery
3757,368,2025-03-04,Completed,Bank Transfer,Delivery
3758,347,2024-03-19,Completed,Digital Wallet,Express
3759,703,2024-04-08,Completed,Bank Transfer,Delivery
3760,909,2025-11-30,Completed,Bank Transfer,Delivery
3761,993,2025-01-11,Completed,Digital Wallet,Delivery
3762,336,2024-01-20,Cancelled,Bank Transfer,Delivery
3763,932,2024-01-18,Completed,Digital Wallet,Delivery
3764,725,2025-08-13,Completed,Cash,Delivery
3765,319,2024-02-16,Completed,Bank Transfer,Express
3766,815,2025-07-28,Completed,Digital Wallet,Pickup
3767,550,2025-08-24,Completed,Bank Transfer,Pickup
3768,128,2024-11-03,Pending,Cash,Delivery
3769,883,2025-11-29,Cancelled,Bank Transfer,Pickup
3770,503,2025-03-14,Completed,Digital Wallet,Pickup
3771,309,2025-06-10,Pending,Card,Delivery
3772,779,2024-09-12,Completed,Bank Transfer,Delivery
3773,777,2025-02-20,Cancelled,Card,Delivery
3774,201,2024-11-26,Completed,Cash,Delivery
3775,861,2024-03-27,Completed,Card,Pickup
3776,145,2025-03-25,Completed,Digital Wallet,Delivery
3777,87,2025-09-17,Completed,Card,Pickup
3778,659,2025-05-30,Cancelled,Cash,Express
3779,926,2025-12-26,Completed,Bank Transfer,Delivery
3780,778,2025-05-01,Completed,Cash,Delivery
3781,425,2024-05-30,Completed,Cash,Pickup
3782,221,2024-09-16,Completed,Bank Transfer,Delivery
3783,610,2024-09-21,Completed,Digital Wallet,Pickup
3784,736,2024-09-07,Completed,Card,Delivery
3785,155,2024-07-19,Completed,Digital Wallet,Delivery
3786,91,2025-05-03,Completed,Card,Delivery
3787,226,2024-05-07,Cancelled,Bank Transfer,Delivery
3788,366,2025-04-17,Completed,Digital Wallet,Delivery
3789,424,2024-05-19,Completed,Digital Wallet,Delivery
3790,321,2025-12-14,Completed,Digital Wallet,Pickup
3791,272,2025-05-22,Pending,Bank Transfer,Delivery
3792,701,2024-10-20,Completed,Bank Transfer,Pickup
3793,730,2024-12-08,Completed,Bank Transfer,Pickup
3794,457,2025-04-15,Completed,Card,Express
3795,803,2024-09-02,Completed,Digital Wallet,Delivery
3796,487,2024-10-15,Completed,Cash,Delivery
3797,888,2025-05-06,Completed,Bank Transfer,Delivery
3798,612,2025-03-31,Completed,Bank Transfer,Delivery
3799,325,2025-04-27,Completed,Cash,Delivery
3800,603,2024-02-29,Completed,Card,Delivery
3801,285,2024-02-04,Completed,Bank Transfer,Delivery
3802,744,2025-06-02,Completed,Bank Transfer,Pickup
3803,352,2024-09-07,Completed,Bank Transfer,Delivery
3804,433,2025-01-09,Completed,Cash,Express
3805,886,2025-11-24,Completed,Digital Wallet,Delivery
3806,33,2025-10-08,Completed,Card,Pickup
3807,38,2024-09-23,Completed,Card,Delivery
3808,754,2024-09-08,Completed,Bank Transfer,Pickup
3809,80,2024-03-21,Completed,Digital Wallet,Pickup
3810,83,2024-03-29,Completed,Bank Transfer,Delivery
3811,767,2025-04-03,Completed,Bank Transfer,Delivery
3812,79,2024-11-15,Completed,Digital Wallet,Delivery
3813,946,2024-04-05,Completed,Digital Wallet,Delivery
3814,685,2024-01-01,Completed,Digital Wallet,Pickup
3815,422,2025-02-13,Completed,Digital Wallet,Delivery
3816,151,2025-12-26,Completed,Bank Transfer,Pickup
3817,378,2025-02-17,Completed,Bank Transfer,Delivery
3818,658,2025-09-25,Completed,Cash,Pickup
3819,709,2024-08-25,Completed,Cash,Delivery
3820,191,2025-05-23,Completed,Bank Transfer,Pickup
3821,324,2024-10-11,Cancelled,Cash,Delivery
3822,433,2024-06-27,Returned,Card,Delivery
3823,364,2024-03-09,Completed,Card,Delivery
3824,386,2024-02-03,Completed,Bank Transfer,Delivery
3825,250,2024-08-06,Completed,Card,Delivery
3826,751,2025-05-27,Completed,Bank Transfer,Delivery
3827,886,2024-11-05,Cancelled,Card,Delivery
3828,621,2024-09-25,Completed,Card,Express
3829,765,2025-11-19,Completed,Cash,Pickup
3830,493,2025-10-22,Completed,Bank Transfer,Express
3831,551,2025-11-29,Completed,Digital Wallet,Delivery
3832,948,2025-05-23,Completed,Card,Delivery
3833,993,2024-07-27,Returned,Card,Delivery
3834,193,2024-01-09,Completed,Bank Transfer,Delivery
3835,923,2025-03-04,Completed,Card,Delivery
3836,974,2025-09-28,Returned,Bank Transfer,Delivery
3837,711,2024-05-01,Completed,Bank Transfer,Delivery
3838,638,2025-09-26,Completed,Bank Transfer,Pickup
3839,694,2024-03-18,Returned,Digital Wallet,Delivery
3840,828,2025-06-15,Cancelled,Card,Delivery
3841,354,2025-09-27,Completed,Cash,Express
3842,100,2025-08-24,Completed,Card,Delivery
3843,734,2024-02-12,Completed,Cash,Express
3844,67,2024-09-21,Cancelled,Cash,Delivery
3845,721,2025-09-13,Pending,Cash,Delivery
3846,161,2024-04-15,Completed,Bank Transfer,Delivery
3847,763,2024-09-04,Pending,Card,Pickup
3848,754,2024-04-14,Completed,Bank Transfer,Delivery
3849,927,2024-07-16,Completed,Card,Delivery
3850,412,2024-03-31,Completed,Card,Delivery
3851,657,2024-12-30,Completed,Card,Express
3852,329,2024-08-16,Completed,Card,Pickup
3853,304,2024-01-11,Completed,Card,Delivery
3854,103,2024-02-18,Completed,Digital Wallet,Delivery
3855,563,2024-11-06,Completed,Bank Transfer,Delivery
3856,417,2025-12-25,Completed,Bank Transfer,Delivery
3857,908,2024-11-06,Completed,Cash,Delivery
3858,101,2024-05-24,Completed,Bank Transfer,Delivery
3859,57,2025-03-02,Completed,Card,Express
3860,940,2024-04-15,Completed,Card,Express
3861,767,2025-01-26,Pending,Digital Wallet,Delivery
3862,96,2024-01-18,Completed,Cash,Delivery
3863,257,2024-05-17,Completed,Card,Delivery
3864,145,2025-03-03,Cancelled,Cash,Delivery
3865,86,2025-10-10,Completed,Bank Transfer,Express
3866,412,2024-06-23,Completed,Digital Wallet,Pickup
3867,583,2025-01-25,Pending,Card,Delivery
3868,647,2024-10-04,Completed,Card,Pickup
3869,12,2024-12-19,Completed,Cash,Delivery
3870,650,2025-10-10,Returned,Bank Transfer,Delivery
3871,779,2024-05-15,Completed,Digital Wallet,Delivery
3872,207,2024-06-10,Completed,Card,Express
3873,677,2025-04-19,Returned,Bank Transfer,Delivery
3874,631,2025-05-20,Completed,Bank Transfer,Pickup
3875,570,2025-04-19,Returned,Cash,Delivery
3876,91,2024-10-29,Completed,Card,Delivery
3877,525,2025-10-19,Completed,Cash,Express
3878,971,2025-06-12,Completed,Digital Wallet,Delivery
3879,566,2024-01-30,Completed,Cash,Delivery
3880,429,2025-01-02,Cancelled,Digital Wallet,Delivery
3881,978,2025-02-12,Completed,Bank Transfer,Delivery
3882,594,2024-01-24,Completed,Card,Delivery
3883,996,2025-08-21,Completed,Digital Wallet,Delivery
3884,705,2024-09-22,Completed,Card,Express
3885,338,2025-10-04,Cancelled,Digital Wallet,Pickup
3886,226,2025-06-11,Completed,Digital Wallet,Pickup
3887,391,2024-12-21,Completed,Cash,Delivery
3888,399,2025-11-05,Pending,Digital Wallet,Delivery
3889,907,2024-05-21,Cancelled,Card,Pickup
3890,101,2024-07-17,Completed,Card,Express
3891,494,2025-08-26,Completed,Digital Wallet,Express
3892,82,2025-08-14,Completed,Cash,Delivery
3893,213,2024-12-03,Completed,Bank Transfer,Pickup
3894,534,2025-08-23,Completed,Bank Transfer,Pickup
3895,574,2024-06-21,Pending,Bank Transfer,Delivery
3896,604,2025-12-29,Completed,Bank Transfer,Delivery
3897,577,2024-02-18,Pending,Cash,Delivery
3898,132,2025-07-28,Completed,Bank Transfer,Pickup
3899,981,2025-02-22,Completed,Card,Pickup
3900,340,2024-08-14,Completed,Digital Wallet,Delivery
3901,828,2025-07-23,Completed,Digital Wallet,Pickup
3902,542,2025-02-27,Cancelled,Bank Transfer,Delivery
3903,677,2024-06-01,Completed,Cash,Delivery
3904,680,2025-11-09,Completed,Cash,Pickup
3905,163,2025-06-22,Returned,Card,Pickup
3906,114,2025-06-23,Completed,Cash,Delivery
3907,43,2025-03-23,Returned,Bank Transfer,Delivery
3908,745,2024-11-01,Completed,Digital Wallet,Delivery
3909,420,2025-10-16,Completed,Card,Delivery
3910,409,2024-10-12,Completed,Cash,Delivery
3911,276,2024-10-14,Completed,Digital Wallet,Delivery
3912,82,2024-08-24,Completed,Cash,Delivery
3913,490,2024-11-26,Returned,Bank Transfer,Delivery
3914,163,2025-05-30,Completed,Digital Wallet,Delivery
3915,726,2025-04-13,Pending,Card,Express
3916,66,2025-12-23,Completed,Digital Wallet,Delivery
3917,951,2024-06-09,Completed,Bank Transfer,Pickup
3918,860,2025-10-29,Completed,Digital Wallet,Delivery
3919,343,2024-08-17,Completed,Digital Wallet,Delivery
3920,326,2024-03-14,Completed,Digital Wallet,Delivery
3921,115,2025-09-18,Completed,Digital Wallet,Delivery
3922,740,2024-01-09,Returned,Card,Delivery
3923,212,2024-12-25,Completed,Cash,Delivery
3924,113,2025-02-09,Completed,Card,Delivery
3925,755,2024-12-01,Completed,Cash,Delivery
3926,288,2024-05-28,Completed,Bank Transfer,Pickup
3927,811,2024-08-08,Completed,Cash,Delivery
3928,421,2025-07-20,Completed,Bank Transfer,Delivery
3929,711,2024-02-20,Pending,Card,Delivery
3930,813,2024-07-27,Completed,Bank Transfer,Delivery
3931,74,2024-12-07,Cancelled,Digital Wallet,Pickup
3932,384,2025-06-23,Completed,Digital Wallet,Delivery
3933,355,2024-11-30,Completed,Digital Wallet,Pickup
3934,354,2024-09-07,Completed,Digital Wallet,Delivery
3935,912,2025-03-23,Completed,Bank Transfer,Express
3936,845,2025-02-16,Completed,Cash,Delivery
3937,50,2025-10-06,Completed,Cash,Delivery
3938,714,2024-11-02,Completed,Card,Delivery
3939,708,2024-06-05,Completed,Bank Transfer,Delivery
3940,757,2025-10-03,Returned,Cash,Pickup
3941,374,2024-02-13,Completed,Card,Pickup
3942,973,2024-12-31,Pending,Cash,Delivery
3943,882,2024-01-21,Completed,Digital Wallet,Delivery
3944,328,2025-07-16,Completed,Cash,Delivery
3945,427,2024-09-23,Completed,Bank Transfer,Delivery
3946,657,2025-06-08,Completed,Digital Wallet,Delivery
3947,575,2025-09-16,Completed,Card,Pickup
3948,851,2024-12-17,Completed,Card,Delivery
3949,67,2025-04-12,Completed,Bank Transfer,Delivery
3950,587,2025-11-24,Completed,Bank Transfer,Delivery
3951,315,2025-09-10,Completed,Bank Transfer,Delivery
3952,103,2025-03-15,Returned,Cash,Delivery
3953,690,2024-09-07,Completed,Bank Transfer,Delivery
3954,488,2024-10-05,Completed,Digital Wallet,Delivery
3955,799,2024-11-22,Completed,Card,Delivery
3956,371,2024-11-29,Completed,Bank Transfer,Delivery
3957,726,2024-08-03,Completed,Bank Transfer,Delivery
3958,785,2025-03-18,Completed,Digital Wallet,Delivery
3959,881,2025-02-24,Completed,Cash,Express
3960,744,2024-01-03,Cancelled,Bank Transfer,Pickup
3961,880,2024-02-25,Completed,Cash,Delivery
3962,116,2024-12-20,Completed,Digital Wallet,Delivery
3963,53,2025-11-10,Completed,Card,Express
3964,659,2024-09-15,Completed,Cash,Pickup
3965,630,2024-09-26,Completed,Card,Pickup
3966,676,2024-09-25,Completed,Digital Wallet,Delivery
3967,361,2025-01-09,Completed,Bank Transfer,Delivery
3968,107,2024-08-16,Completed,Digital Wallet,Delivery
3969,403,2025-06-30,Completed,Bank Transfer,Delivery
3970,635,2025-11-12,Completed,Cash,Pickup
3971,550,2025-01-10,Pending,Bank Transfer,Delivery
3972,855,2025-11-21,Completed,Bank Transfer,Delivery
3973,613,2024-11-04,Cancelled,Bank Transfer,Express
3974,101,2025-10-31,Completed,Card,Delivery
3975,920,2025-06-27,Completed,Bank Transfer,Delivery
3976,121,2024-07-17,Completed,Cash,Delivery
3977,754,2025-11-01,Completed,Bank Transfer,Delivery
3978,308,2024-01-19,Completed,Bank Transfer,Delivery
3979,608,2025-03-31,Completed,Card,Delivery
3980,505,2025-11-16,Completed,Cash,Express
3981,128,2025-07-23,Completed,Bank Transfer,Delivery
3982,43,2025-06-14,Completed,Digital Wallet,Express
3983,382,2025-02-16,Completed,Digital Wallet,Delivery
3984,624,2025-02-01,Completed,Card,Delivery
3985,631,2025-11-25,Completed,Card,Pickup
3986,449,2024-02-06,Returned,Digital Wallet,Delivery
3987,662,2024-10-03,Completed,Digital Wallet,Delivery
3988,718,2025-09-03,Completed,Bank Transfer,Delivery
3989,101,2025-02-11,Returned,Cash,Delivery
3990,818,2025-01-08,Completed,Cash,Delivery
3991,790,2025-08-22,Completed,Digital Wallet,Delivery
3992,362,2024-07-21,Completed,Digital Wallet,Express
3993,377,2025-11-20,Completed,Digital Wallet,Delivery
3994,60,2025-04-10,Completed,Cash,Delivery
3995,88,2024-08-06,Completed,Bank Transfer,Pickup
3996,772,2024-07-17,Completed,Card,Delivery
3997,49,2025-09-10,Completed,Bank Transfer,Delivery
3998,651,2024-11-13,Pending,Cash,Delivery
3999,872,2025-11-19,Returned,Bank Transfer,Delivery
4000,791,2025-08-04,Completed,Card,Express
4001,275,2025-06-16,Pending,Cash,Pickup
4002,875,2025-11-14,Completed,Card,Express
4003,690,2024-08-21,Completed,Digital Wallet,Pickup
4004,575,2024-06-06,Completed,Card,Delivery
4005,998,2024-12-16,Completed,Digital Wallet,Delivery
4006,747,2025-04-27,Completed,Bank Transfer,Pickup
4007,820,2024-03-10,Completed,Digital Wallet,Delivery
4008,598,2024-04-16,Completed,Cash,Delivery
4009,980,2024-07-19,Completed,Cash,Delivery
4010,642,2025-11-04,Completed,Cash,Pickup
4011,85,2024-04-20,Completed,Cash,Pickup
4012,830,2025-09-25,Cancelled,Digital Wallet,Express
4013,777,2024-11-22,Completed,Bank Transfer,Delivery
4014,280,2025-01-21,Returned,Cash,Delivery
4015,703,2024-11-20,Completed,Card,Delivery
4016,100,2025-12-05,Completed,Bank Transfer,Delivery
4017,392,2025-04-05,Completed,Card,Delivery
4018,148,2024-02-29,Completed,Card,Delivery
4019,222,2025-03-31,Cancelled,Digital Wallet,Delivery
4020,800,2024-04-12,Completed,Bank Transfer,Pickup
4021,962,2024-03-23,Completed,Cash,Delivery
4022,969,2024-03-17,Completed,Cash,Delivery
4023,332,2024-09-30,Pending,Card,Delivery
4024,454,2024-06-22,Completed,Digital Wallet,Delivery
4025,2,2025-06-04,Completed,Digital Wallet,Express
4026,480,2025-05-09,Completed,Card,Express
4027,678,2025-11-11,Completed,Card,Express
4028,243,2025-04-21,Completed,Bank Transfer,Delivery
4029,432,2025-10-31,Completed,Card,Delivery
4030,190,2024-04-06,Completed,Card,Delivery
4031,537,2025-06-12,Completed,Card,Delivery
4032,106,2025-05-28,Completed,Cash,Delivery
4033,908,2025-11-18,Completed,Bank Transfer,Delivery
4034,815,2025-02-14,Completed,Digital Wallet,Delivery
4035,112,2025-08-25,Completed,Digital Wallet,Delivery
4036,736,2025-12-02,Completed,Card,Delivery
4037,934,2024-09-13,Completed,Card,Express
4038,737,2025-12-27,Completed,Card,Delivery
4039,134,2024-12-10,Completed,Card,Pickup
4040,611,2025-04-06,Completed,Card,Delivery
4041,756,2025-01-17,Completed,Card,Delivery
4042,558,2024-05-25,Completed,Digital Wallet,Express
4043,474,2024-10-10,Completed,Bank Transfer,Express
4044,69,2025-09-04,Completed,Digital Wallet,Pickup
4045,800,2024-12-15,Pending,Digital Wallet,Pickup
4046,144,2024-06-27,Completed,Card,Delivery
4047,523,2025-04-11,Completed,Bank Transfer,Delivery
4048,145,2025-09-09,Completed,Bank Transfer,Delivery
4049,775,2025-05-30,Cancelled,Cash,Delivery
4050,637,2025-10-16,Completed,Digital Wallet,Delivery
4051,246,2024-11-30,Cancelled,Digital Wallet,Delivery
4052,941,2024-09-16,Completed,Cash,Pickup
4053,723,2024-12-19,Completed,Cash,Pickup
4054,312,2024-02-18,Returned,Card,Delivery
4055,557,2024-09-07,Completed,Bank Transfer,Delivery
4056,975,2025-10-12,Completed,Digital Wallet,Delivery
4057,13,2024-08-13,Completed,Digital Wallet,Delivery
4058,952,2025-05-19,Completed,Digital Wallet,Delivery
4059,197,2024-02-03,Completed,Digital Wallet,Express
4060,915,2025-08-09,Completed,Cash,Delivery
4061,956,2025-12-16,Completed,Bank Transfer,Delivery
4062,402,2024-09-16,Completed,Cash,Pickup
4063,647,2025-07-22,Completed,Cash,Delivery
4064,395,2025-07-26,Completed,Digital Wallet,Pickup
4065,414,2025-04-13,Completed,Digital Wallet,Pickup
4066,10,2025-02-01,Completed,Bank Transfer,Delivery
4067,978,2025-11-02,Cancelled,Digital Wallet,Delivery
4068,685,2024-08-26,Cancelled,Digital Wallet,Pickup
4069,46,2024-08-21,Completed,Bank Transfer,Delivery
4070,431,2025-04-07,Completed,Digital Wallet,Pickup
4071,271,2024-12-14,Completed,Card,Delivery
4072,288,2025-06-30,Cancelled,Bank Transfer,Pickup
4073,450,2024-08-10,Cancelled,Card,Express
4074,397,2024-01-21,Cancelled,Bank Transfer,Delivery
4075,53,2025-04-10,Completed,Bank Transfer,Pickup
4076,736,2024-11-02,Completed,Digital Wallet,Pickup
4077,108,2024-04-20,Completed,Digital Wallet,Delivery
4078,903,2025-04-05,Completed,Bank Transfer,Delivery
4079,473,2024-06-02,Completed,Digital Wallet,Delivery
4080,397,2025-11-30,Completed,Bank Transfer,Delivery
4081,275,2025-11-27,Completed,Cash,Delivery
4082,624,2025-06-03,Completed,Digital Wallet,Delivery
4083,358,2025-03-02,Completed,Digital Wallet,Delivery
4084,605,2025-09-03,Completed,Digital Wallet,Delivery
4085,532,2024-05-15,Returned,Digital Wallet,Delivery
4086,786,2025-03-29,Cancelled,Digital Wallet,Delivery
4087,384,2025-04-24,Completed,Cash,Delivery
4088,915,2025-02-20,Completed,Cash,Delivery
4089,604,2024-07-07,Cancelled,Digital Wallet,Delivery
4090,805,2024-03-28,Completed,Digital Wallet,Pickup
4091,367,2024-05-06,Completed,Digital Wallet,Delivery
4092,677,2024-02-03,Completed,Cash,Delivery
4093,168,2024-08-25,Completed,Cash,Delivery
4094,147,2024-08-08,Completed,Cash,Delivery
4095,389,2024-01-24,Completed,Card,Pickup
4096,975,2025-01-21,Completed,Bank Transfer,Pickup
4097,697,2024-01-03,Completed,Bank Transfer,Delivery
4098,196,2024-12-15,Completed,Digital Wallet,Delivery
4099,144,2025-09-05,Completed,Cash,Delivery
4100,249,2025-05-08,Completed,Card,Delivery
4101,392,2024-09-28,Completed,Bank Transfer,Delivery
4102,491,2024-12-14,Completed,Card,Express
4103,647,2025-06-16,Completed,Bank Transfer,Delivery
4104,359,2024-11-14,Returned,Card,Delivery
4105,998,2025-03-30,Completed,Bank Transfer,Express
4106,374,2024-12-07,Completed,Digital Wallet,Delivery
4107,995,2025-03-10,Completed,Digital Wallet,Delivery
4108,29,2025-11-26,Completed,Cash,Pickup
4109,974,2024-05-13,Completed,Cash,Pickup
4110,940,2025-05-07,Completed,Card,Delivery
4111,735,2024-11-29,Completed,Digital Wallet,Express
4112,975,2025-08-29,Completed,Cash,Delivery
4113,484,2025-08-02,Completed,Digital Wallet,Delivery
4114,907,2025-06-15,Completed,Card,Delivery
4115,162,2024-11-13,Completed,Digital Wallet,Delivery
4116,838,2024-04-25,Completed,Digital Wallet,Delivery
4117,118,2025-03-13,Completed,Cash,Pickup
4118,555,2025-07-24,Completed,Digital Wallet,Delivery
4119,332,2024-03-21,Completed,Cash,Delivery
4120,320,2024-12-12,Completed,Cash,Express
4121,151,2025-11-28,Completed,Card,Delivery
4122,909,2025-05-15,Completed,Bank Transfer,Express
4123,69,2025-02-11,Completed,Digital Wallet,Delivery
4124,675,2025-12-13,Completed,Bank Transfer,Delivery
4125,135,2025-04-22,Completed,Card,Pickup
4126,365,2024-06-24,Completed,Digital Wallet,Delivery
4127,175,2024-02-22,Completed,Digital Wallet,Delivery
4128,548,2024-12-15,Completed,Cash,Delivery
4129,587,2025-01-16,Completed,Digital Wallet,Delivery
4130,244,2025-12-06,Completed,Digital Wallet,Delivery
4131,660,2024-01-11,Completed,Card,Pickup
4132,344,2025-04-01,Pending,Cash,Delivery
4133,411,2025-05-12,Completed,Bank Transfer,Delivery
4134,103,2025-09-27,Completed,Card,Delivery
4135,46,2024-04-19,Completed,Digital Wallet,Delivery
4136,868,2025-05-09,Completed,Card,Delivery
4137,359,2024-03-16,Completed,Card,Delivery
4138,576,2024-06-07,Completed,Bank Transfer,Delivery
4139,233,2025-12-22,Completed,Digital Wallet,Pickup
4140,852,2024-10-02,Completed,Cash,Pickup
4141,600,2024-12-14,Completed,Card,Delivery
4142,988,2025-10-08,Returned,Bank Transfer,Pickup
4143,80,2025-03-15,Cancelled,Digital Wallet,Delivery
4144,616,2024-06-17,Pending,Digital Wallet,Delivery
4145,959,2025-04-15,Completed,Card,Express
4146,987,2024-11-13,Returned,Bank Transfer,Delivery
4147,479,2024-08-31,Completed,Cash,Delivery
4148,355,2025-09-07,Completed,Cash,Delivery
4149,183,2024-11-03,Completed,Digital Wallet,Pickup
4150,242,2025-10-23,Completed,Digital Wallet,Delivery
4151,904,2024-09-21,Completed,Bank Transfer,Delivery
4152,905,2024-12-16,Cancelled,Digital Wallet,Delivery
4153,169,2025-09-10,Pending,Digital Wallet,Delivery
4154,113,2024-12-11,Returned,Bank Transfer,Delivery
4155,531,2025-11-23,Completed,Cash,Delivery
4156,586,2024-02-18,Completed,Cash,Delivery
4157,547,2025-10-24,Completed,Bank Transfer,Delivery
4158,483,2025-08-18,Cancelled,Card,Delivery
4159,739,2024-02-21,Completed,Card,Delivery
4160,430,2025-12-16,Completed,Cash,Delivery
4161,131,2024-10-21,Cancelled,Digital Wallet,Delivery
4162,798,2025-12-11,Cancelled,Cash,Delivery
4163,609,2024-06-06,Returned,Cash,Delivery
4164,614,2024-08-24,Completed,Card,Pickup
4165,275,2025-10-06,Pending,Card,Delivery
4166,152,2025-04-22,Completed,Card,Pickup
4167,189,2024-07-05,Completed,Card,Delivery
4168,984,2024-12-02,Completed,Card,Pickup
4169,650,2024-03-08,Completed,Cash,Express
4170,817,2024-08-16,Completed,Bank Transfer,Delivery
4171,755,2024-10-06,Completed,Bank Transfer,Delivery
4172,590,2025-07-05,Completed,Bank Transfer,Delivery
4173,701,2025-03-01,Returned,Digital Wallet,Pickup
4174,817,2024-03-25,Pending,Cash,Pickup
4175,21,2024-06-21,Completed,Cash,Pickup
4176,477,2024-08-29,Completed,Card,Delivery
4177,208,2024-05-26,Completed,Card,Delivery
4178,721,2025-10-13,Completed,Bank Transfer,Pickup
4179,417,2024-03-10,Cancelled,Bank Transfer,Delivery
4180,463,2025-05-30,Completed,Bank Transfer,Delivery
4181,675,2024-02-23,Completed,Bank Transfer,Delivery
4182,255,2024-05-07,Completed,Digital Wallet,Delivery
4183,742,2025-12-23,Completed,Digital Wallet,Delivery
4184,373,2024-10-01,Returned,Cash,Delivery
4185,314,2024-08-24,Completed,Digital Wallet,Delivery
4186,284,2024-11-23,Cancelled,Cash,Pickup
4187,706,2024-12-21,Completed,Digital Wallet,Delivery
4188,228,2024-12-08,Completed,Cash,Pickup
4189,846,2025-06-07,Completed,Cash,Delivery
4190,957,2025-05-07,Completed,Bank Transfer,Delivery
4191,920,2025-11-26,Completed,Cash,Express
4192,434,2024-11-13,Completed,Cash,Delivery
4193,777,2025-05-02,Returned,Card,Delivery
4194,552,2025-01-18,Completed,Digital Wallet,Delivery
4195,248,2024-08-23,Completed,Bank Transfer,Express
4196,410,2024-02-19,Completed,Cash,Delivery
4197,839,2024-01-30,Completed,Card,Delivery
4198,366,2024-11-28,Completed,Digital Wallet,Delivery
4199,602,2024-09-30,Completed,Card,Delivery
4200,156,2025-10-25,Completed,Bank Transfer,Express
4201,403,2024-11-08,Completed,Cash,Delivery
4202,382,2024-03-30,Completed,Cash,Delivery
4203,833,2024-02-06,Returned,Card,Delivery
4204,865,2024-09-12,Cancelled,Bank Transfer,Express
4205,358,2024-08-16,Completed,Bank Transfer,Delivery
4206,261,2024-03-11,Completed,Digital Wallet,Delivery
4207,709,2025-05-24,Cancelled,Bank Transfer,Delivery
4208,973,2024-05-04,Returned,Digital Wallet,Delivery
4209,237,2024-06-26,Pending,Cash,Express
4210,420,2024-09-08,Completed,Digital Wallet,Delivery
4211,421,2024-05-17,Cancelled,Card,Delivery
4212,894,2025-07-03,Completed,Digital Wallet,Delivery
4213,135,2024-01-10,Cancelled,Card,Delivery
4214,963,2024-03-15,Completed,Bank Transfer,Delivery
4215,322,2025-09-13,Completed,Digital Wallet,Delivery
4216,368,2025-11-14,Completed,Digital Wallet,Delivery
4217,80,2024-11-09,Completed,Cash,Delivery
4218,433,2024-01-25,Returned,Card,Pickup
4219,608,2024-02-08,Completed,Card,Express
4220,784,2025-03-03,Completed,Card,Pickup
4221,615,2024-06-01,Completed,Card,Delivery
4222,213,2024-02-09,Completed,Digital Wallet,Delivery
4223,396,2024-09-05,Completed,Card,Delivery
4224,521,2025-04-29,Completed,Bank Transfer,Delivery
4225,837,2025-12-02,Completed,Digital Wallet,Express
4226,47,2024-12-24,Completed,Digital Wallet,Delivery
4227,410,2025-07-24,Completed,Cash,Delivery
4228,181,2025-06-20,Completed,Digital Wallet,Express
4229,732,2025-05-14,Completed,Card,Pickup
4230,568,2024-04-24,Completed,Bank Transfer,Delivery
4231,648,2024-07-16,Completed,Bank Transfer,Delivery
4232,19,2025-04-22,Completed,Card,Express
4233,228,2024-02-20,Completed,Digital Wallet,Express
4234,533,2025-09-04,Completed,Bank Transfer,Delivery
4235,262,2024-12-20,Pending,Cash,Delivery
4236,914,2024-03-22,Completed,Digital Wallet,Delivery
4237,37,2025-03-21,Completed,Digital Wallet,Delivery
4238,71,2025-07-28,Completed,Digital Wallet,Pickup
4239,87,2025-03-11,Completed,Digital Wallet,Delivery
4240,685,2025-09-14,Completed,Digital Wallet,Delivery
4241,311,2024-09-11,Returned,Card,Delivery
4242,939,2025-10-02,Completed,Cash,Delivery
4243,151,2024-01-17,Completed,Cash,Delivery
4244,855,2024-12-20,Completed,Cash,Delivery
4245,481,2025-12-21,Completed,Cash,Delivery
4246,205,2024-04-11,Completed,Digital Wallet,Delivery
4247,802,2024-06-13,Cancelled,Card,Delivery
4248,561,2025-05-07,Completed,Card,Pickup
4249,148,2024-09-25,Completed,Cash,Express
4250,979,2024-10-24,Completed,Card,Delivery
4251,351,2024-10-29,Completed,Card,Delivery
4252,763,2024-02-07,Completed,Cash,Delivery
4253,508,2025-02-15,Completed,Cash,Delivery
4254,490,2024-05-18,Completed,Card,Delivery
4255,14,2024-07-26,Completed,Bank Transfer,Delivery
4256,226,2025-11-18,Completed,Card,Delivery
4257,299,2024-08-16,Completed,Bank Transfer,Delivery
4258,232,2024-01-19,Completed,Bank Transfer,Delivery
4259,582,2025-08-02,Pending,Digital Wallet,Delivery
4260,278,2025-02-27,Completed,Cash,Delivery
4261,509,2025-12-10,Completed,Card,Delivery
4262,818,2025-01-21,Completed,Bank Transfer,Delivery
4263,797,2024-12-01,Completed,Card,Delivery
4264,131,2024-09-12,Completed,Cash,Pickup
4265,294,2024-02-09,Completed,Digital Wallet,Delivery
4266,869,2024-04-14,Completed,Card,Delivery
4267,532,2025-07-31,Completed,Bank Transfer,Delivery
4268,529,2025-10-06,Completed,Card,Delivery
4269,423,2025-02-16,Completed,Card,Pickup
4270,223,2025-08-16,Completed,Bank Transfer,Pickup
4271,498,2025-10-12,Completed,Digital Wallet,Pickup
4272,427,2024-03-25,Completed,Digital Wallet,Delivery
4273,331,2025-07-18,Completed,Bank Transfer,Delivery
4274,160,2024-01-16,Completed,Bank Transfer,Delivery
4275,153,2024-09-14,Completed,Digital Wallet,Delivery
4276,73,2024-09-07,Cancelled,Cash,Delivery
4277,308,2025-01-10,Completed,Card,Pickup
4278,893,2024-04-22,Returned,Card,Delivery
4279,390,2025-11-26,Completed,Card,Express
4280,807,2024-05-04,Completed,Cash,Delivery
4281,419,2024-01-07,Completed,Card,Delivery
4282,954,2024-04-04,Cancelled,Card,Pickup
4283,835,2025-08-17,Completed,Cash,Pickup
4284,868,2025-01-22,Pending,Cash,Pickup
4285,744,2025-05-12,Completed,Cash,Delivery
4286,993,2024-02-16,Completed,Card,Delivery
4287,203,2024-03-12,Completed,Card,Express
4288,876,2025-07-29,Completed,Bank Transfer,Delivery
4289,351,2024-03-28,Completed,Cash,Delivery
4290,652,2024-04-28,Completed,Card,Delivery
4291,462,2024-02-09,Completed,Digital Wallet,Delivery
4292,763,2024-10-08,Completed,Digital Wallet,Delivery
4293,304,2025-11-07,Completed,Digital Wallet,Delivery
4294,71,2024-01-23,Completed,Bank Transfer,Pickup
4295,363,2025-02-03,Completed,Digital Wallet,Delivery
4296,783,2024-06-05,Completed,Digital Wallet,Delivery
4297,810,2024-02-25,Completed,Bank Transfer,Delivery
4298,220,2025-04-05,Completed,Digital Wallet,Delivery
4299,966,2024-08-23,Completed,Card,Pickup
4300,403,2025-09-21,Completed,Cash,Pickup
4301,415,2024-11-03,Completed,Digital Wallet,Delivery
4302,172,2025-03-12,Completed,Digital Wallet,Delivery
4303,963,2024-03-07,Completed,Card,Delivery
4304,948,2025-02-10,Completed,Card,Delivery
4305,547,2025-09-09,Completed,Bank Transfer,Delivery
4306,806,2024-04-06,Completed,Cash,Delivery
4307,398,2024-10-22,Completed,Bank Transfer,Delivery
4308,974,2025-06-17,Completed,Bank Transfer,Pickup
4309,388,2025-10-12,Completed,Bank Transfer,Delivery
4310,530,2024-03-12,Completed,Cash,Delivery
4311,110,2024-01-26,Pending,Digital Wallet,Pickup
4312,5,2024-03-14,Completed,Cash,Delivery
4313,321,2025-08-10,Returned,Cash,Pickup
4314,836,2024-02-07,Completed,Card,Delivery
4315,907,2024-03-16,Completed,Digital Wallet,Pickup
4316,38,2024-10-11,Completed,Cash,Express
4317,275,2024-10-20,Completed,Bank Transfer,Delivery
4318,607,2025-03-09,Completed,Cash,Delivery
4319,682,2025-11-08,Completed,Digital Wallet,Express
4320,948,2024-12-16,Completed,Cash,Delivery
4321,112,2025-05-06,Completed,Card,Pickup
4322,745,2024-08-27,Completed,Card,Pickup
4323,776,2024-02-26,Completed,Cash,Delivery
4324,414,2024-12-22,Completed,Digital Wallet,Pickup
4325,981,2025-09-20,Completed,Digital Wallet,Delivery
4326,466,2024-08-09,Pending,Bank Transfer,Pickup
4327,712,2024-06-07,Completed,Digital Wallet,Pickup
4328,156,2024-07-19,Completed,Bank Transfer,Pickup
4329,386,2024-12-03,Pending,Cash,Pickup
4330,158,2025-05-05,Completed,Digital Wallet,Delivery
4331,680,2024-04-04,Completed,Card,Express
4332,982,2024-09-04,Completed,Cash,Pickup
4333,917,2025-05-08,Returned,Digital Wallet,Delivery
4334,35,2025-03-16,Completed,Bank Transfer,Delivery
4335,104,2025-05-04,Cancelled,Bank Transfer,Delivery
4336,129,2024-05-01,Cancelled,Card,Delivery
4337,348,2024-01-26,Completed,Cash,Express
4338,380,2024-09-26,Completed,Digital Wallet,Delivery
4339,607,2025-07-01,Completed,Digital Wallet,Delivery
4340,962,2024-10-30,Completed,Bank Transfer,Delivery
4341,6,2024-08-24,Completed,Cash,Delivery
4342,136,2025-05-01,Completed,Card,Pickup
4343,405,2025-02-11,Pending,Cash,Delivery
4344,130,2025-09-10,Cancelled,Card,Delivery
4345,637,2024-06-26,Completed,Card,Delivery
4346,683,2024-03-23,Completed,Card,Delivery
4347,768,2024-02-26,Completed,Bank Transfer,Delivery
4348,426,2024-03-13,Cancelled,Digital Wallet,Delivery
4349,265,2024-09-15,Pending,Card,Delivery
4350,90,2024-08-24,Completed,Cash,Delivery
4351,198,2025-06-27,Cancelled,Digital Wallet,Pickup
4352,640,2024-02-22,Completed,Digital Wallet,Delivery
4353,202,2025-11-21,Returned,Card,Delivery
4354,682,2024-09-25,Completed,Digital Wallet,Delivery
4355,967,2025-04-22,Returned,Cash,Delivery
4356,423,2025-01-06,Pending,Digital Wallet,Delivery
4357,142,2024-05-09,Pending,Cash,Pickup
4358,22,2025-02-24,Completed,Card,Delivery
4359,408,2024-10-21,Completed,Digital Wallet,Delivery
4360,645,2025-10-04,Pending,Cash,Pickup
4361,160,2024-07-13,Completed,Card,Delivery
4362,447,2025-09-14,Completed,Cash,Delivery
4363,641,2025-09-16,Completed,Digital Wallet,Pickup
4364,445,2024-10-07,Completed,Cash,Delivery
4365,801,2025-08-14,Completed,Cash,Delivery
4366,352,2024-05-23,Completed,Cash,Pickup
4367,651,2025-02-15,Completed,Card,Delivery
4368,910,2025-09-08,Completed,Bank Transfer,Delivery
4369,640,2025-08-04,Completed,Cash,Express
4370,321,2024-07-08,Returned,Digital Wallet,Pickup
4371,265,2024-11-04,Completed,Bank Transfer,Pickup
4372,255,2025-10-06,Completed,Digital Wallet,Delivery
4373,894,2024-04-28,Completed,Cash,Delivery
4374,437,2024-09-20,Completed,Card,Delivery
4375,512,2025-05-05,Completed,Bank Transfer,Delivery
4376,357,2025-08-31,Completed,Card,Pickup
4377,932,2025-02-01,Completed,Cash,Pickup
4378,544,2025-05-05,Returned,Card,Delivery
4379,365,2025-08-13,Completed,Cash,Delivery
4380,748,2024-09-29,Pending,Cash,Delivery
4381,120,2025-02-26,Completed,Digital Wallet,Delivery
4382,24,2024-08-09,Completed,Bank Transfer,Delivery
4383,75,2025-07-02,Completed,Cash,Delivery
4384,353,2025-11-04,Completed,Digital Wallet,Delivery
4385,233,2025-04-11,Pending,Cash,Delivery
4386,368,2025-05-15,Cancelled,Bank Transfer,Pickup
4387,70,2025-07-31,Pending,Cash,Delivery
4388,463,2024-10-02,Completed,Card,Delivery
4389,692,2024-08-09,Pending,Digital Wallet,Delivery
4390,728,2025-06-24,Completed,Bank Transfer,Delivery
4391,669,2025-04-19,Cancelled,Card,Delivery
4392,374,2025-07-22,Completed,Cash,Delivery
4393,32,2024-01-15,Completed,Bank Transfer,Delivery
4394,256,2024-02-02,Completed,Cash,Delivery
4395,171,2025-10-05,Completed,Cash,Delivery
4396,229,2024-06-24,Completed,Card,Pickup
4397,700,2025-06-18,Completed,Card,Delivery
4398,452,2024-08-23,Completed,Bank Transfer,Pickup
4399,298,2025-07-11,Completed,Cash,Delivery
4400,137,2024-01-07,Completed,Digital Wallet,Pickup
4401,564,2024-10-29,Completed,Digital Wallet,Delivery
4402,690,2024-03-12,Completed,Cash,Delivery
4403,715,2025-03-16,Completed,Cash,Delivery
4404,335,2024-03-08,Completed,Bank Transfer,Delivery
4405,94,2025-12-01,Completed,Card,Express
4406,907,2024-03-23,Completed,Card,Delivery
4407,706,2025-07-04,Completed,Cash,Delivery
4408,899,2024-06-26,Completed,Card,Delivery
4409,429,2024-01-11,Pending,Cash,Delivery
4410,330,2024-02-09,Completed,Cash,Delivery
4411,927,2024-07-13,Completed,Cash,Pickup
4412,656,2024-10-08,Completed,Digital Wallet,Delivery
4413,210,2025-08-11,Completed,Digital Wallet,Pickup
4414,145,2025-07-27,Completed,Card,Pickup
4415,727,2025-02-09,Completed,Digital Wallet,Pickup
4416,804,2025-03-12,Completed,Digital Wallet,Pickup
4417,313,2024-01-10,Completed,Card,Delivery
4418,286,2024-09-15,Completed,Card,Delivery
4419,447,2025-02-04,Completed,Digital Wallet,Delivery
4420,703,2025-07-13,Completed,Bank Transfer,Delivery
4421,103,2024-12-03,Completed,Card,Delivery
4422,307,2024-05-26,Completed,Digital Wallet,Pickup
4423,175,2025-06-12,Completed,Cash,Delivery
4424,122,2025-01-02,Completed,Card,Delivery
4425,988,2025-02-21,Completed,Digital Wallet,Delivery
4426,737,2024-07-18,Completed,Cash,Pickup
4427,382,2024-06-12,Completed,Cash,Delivery
4428,813,2025-07-19,Returned,Bank Transfer,Delivery
4429,562,2024-07-16,Pending,Digital Wallet,Delivery
4430,241,2024-12-24,Returned,Card,Express
4431,872,2025-12-31,Completed,Digital Wallet,Delivery
4432,349,2025-11-23,Completed,Bank Transfer,Delivery
4433,110,2024-03-30,Completed,Bank Transfer,Pickup
4434,837,2024-11-28,Completed,Digital Wallet,Pickup
4435,475,2025-04-01,Completed,Cash,Delivery
4436,227,2024-03-25,Pending,Bank Transfer,Delivery
4437,20,2024-08-31,Completed,Bank Transfer,Pickup
4438,547,2025-06-03,Completed,Digital Wallet,Delivery
4439,557,2025-03-18,Completed,Bank Transfer,Pickup
4440,135,2024-07-01,Completed,Cash,Delivery
4441,720,2024-12-02,Pending,Bank Transfer,Delivery
4442,374,2025-09-02,Cancelled,Card,Delivery
4443,813,2024-12-27,Completed,Digital Wallet,Delivery
4444,508,2025-09-05,Completed,Card,Delivery
4445,193,2025-04-04,Pending,Cash,Delivery
4446,313,2024-12-05,Completed,Cash,Delivery
4447,257,2024-11-28,Completed,Card,Delivery
4448,399,2024-01-01,Completed,Bank Transfer,Express
4449,585,2025-04-20,Returned,Card,Pickup
4450,112,2024-12-22,Completed,Cash,Delivery
4451,796,2024-07-29,Completed,Digital Wallet,Delivery
4452,938,2025-06-10,Completed,Digital Wallet,Delivery
4453,767,2024-03-13,Completed,Cash,Delivery
4454,943,2025-05-22,Completed,Card,Pickup
4455,766,2024-09-09,Completed,Digital Wallet,Delivery
4456,881,2025-08-31,Completed,Card,Delivery
4457,952,2024-12-02,Completed,Card,Express
4458,877,2024-08-13,Completed,Digital Wallet,Pickup
4459,904,2025-06-15,Completed,Cash,Delivery
4460,752,2025-10-20,Pending,Digital Wallet,Delivery
4461,108,2025-07-13,Completed,Bank Transfer,Pickup
4462,993,2025-08-12,Completed,Cash,Delivery
4463,932,2025-08-05,Completed,Card,Delivery
4464,509,2025-08-24,Completed,Bank Transfer,Pickup
4465,321,2025-04-18,Completed,Bank Transfer,Pickup
4466,318,2024-10-10,Completed,Card,Delivery
4467,596,2024-06-23,Completed,Cash,Delivery
4468,790,2024-12-17,Completed,Cash,Delivery
4469,463,2024-12-29,Pending,Card,Delivery
4470,32,2024-09-22,Completed,Cash,Express
4471,529,2024-12-03,Pending,Card,Delivery
4472,621,2025-12-21,Completed,Digital Wallet,Delivery
4473,876,2024-11-17,Completed,Cash,Express
4474,509,2024-12-03,Completed,Card,Delivery
4475,539,2024-11-12,Pending,Cash,Express
4476,694,2024-02-09,Completed,Cash,Delivery
4477,454,2025-10-29,Completed,Digital Wallet,Delivery
4478,398,2024-04-06,Cancelled,Cash,Delivery
4479,27,2025-10-19,Completed,Digital Wallet,Delivery
4480,224,2025-02-01,Completed,Cash,Delivery
4481,733,2025-12-29,Completed,Bank Transfer,Delivery
4482,926,2024-07-12,Completed,Bank Transfer,Delivery
4483,568,2024-12-07,Completed,Card,Pickup
4484,230,2024-03-30,Completed,Cash,Express
4485,700,2025-02-06,Completed,Cash,Delivery
4486,322,2025-12-12,Completed,Bank Transfer,Pickup
4487,292,2025-09-30,Completed,Bank Transfer,Delivery
4488,55,2024-07-11,Completed,Cash,Delivery
4489,494,2025-05-13,Completed,Digital Wallet,Pickup
4490,338,2024-02-04,Completed,Bank Transfer,Delivery
4491,353,2025-12-12,Completed,Card,Express
4492,153,2024-02-07,Completed,Card,Delivery
4493,76,2024-07-18,Completed,Bank Transfer,Delivery
4494,956,2025-01-04,Completed,Digital Wallet,Pickup
4495,114,2024-06-12,Completed,Cash,Express
4496,612,2024-04-05,Pending,Cash,Delivery
4497,750,2024-01-15,Cancelled,Bank Transfer,Delivery
4498,753,2025-02-18,Completed,Cash,Delivery
4499,154,2025-07-08,Completed,Card,Delivery
4500,304,2024-10-17,Completed,Bank Transfer,Delivery
4501,5,2024-09-19,Completed,Bank Transfer,Pickup
4502,349,2025-08-17,Completed,Cash,Express
4503,218,2025-12-23,Completed,Card,Delivery
4504,499,2025-07-05,Completed,Bank Transfer,Express
4505,222,2024-08-25,Completed,Digital Wallet,Delivery
4506,197,2025-08-13,Completed,Card,Delivery
4507,844,2025-02-24,Completed,Cash,Delivery
4508,845,2024-09-07,Completed,Digital Wallet,Pickup
4509,840,2024-05-25,Returned,Digital Wallet,Pickup
4510,577,2024-01-18,Completed,Cash,Delivery
4511,578,2025-03-30,Completed,Bank Transfer,Delivery
4512,411,2024-04-16,Completed,Card,Delivery
4513,962,2025-04-18,Completed,Card,Express
4514,695,2024-04-20,Completed,Card,Delivery
4515,869,2024-08-01,Completed,Card,Delivery
4516,614,2025-05-02,Returned,Card,Delivery
4517,746,2024-03-16,Completed,Cash,Delivery
4518,774,2025-12-03,Completed,Card,Pickup
4519,162,2025-08-14,Returned,Cash,Delivery
4520,871,2024-12-11,Completed,Digital Wallet,Delivery
4521,178,2025-03-03,Completed,Card,Pickup
4522,129,2024-05-28,Completed,Digital Wallet,Delivery
4523,287,2024-07-05,Completed,Card,Delivery
4524,636,2025-07-27,Completed,Digital Wallet,Pickup
4525,913,2025-07-14,Returned,Card,Delivery
4526,155,2024-06-11,Completed,Card,Express
4527,172,2025-03-07,Pending,Card,Express
4528,265,2025-03-01,Completed,Bank Transfer,Delivery
4529,332,2024-05-20,Completed,Bank Transfer,Delivery
4530,14,2025-08-04,Completed,Card,Delivery
4531,908,2024-09-28,Completed,Bank Transfer,Express
4532,351,2024-06-30,Completed,Cash,Delivery
4533,477,2025-12-12,Completed,Digital Wallet,Delivery
4534,550,2024-09-24,Completed,Card,Pickup
4535,716,2025-09-12,Completed,Bank Transfer,Delivery
4536,470,2024-02-24,Pending,Card,Delivery
4537,630,2025-06-10,Completed,Digital Wallet,Express
4538,157,2025-07-12,Completed,Digital Wallet,Delivery
4539,815,2025-09-05,Completed,Cash,Pickup
4540,704,2024-03-13,Completed,Digital Wallet,Delivery
4541,449,2024-01-28,Completed,Cash,Pickup
4542,77,2025-10-22,Completed,Digital Wallet,Delivery
4543,397,2025-02-11,Completed,Card,Pickup
4544,77,2025-12-07,Cancelled,Digital Wallet,Delivery
4545,484,2025-08-14,Cancelled,Card,Delivery
4546,597,2025-06-20,Completed,Card,Pickup
4547,780,2024-09-25,Completed,Bank Transfer,Delivery
4548,383,2025-11-19,Completed,Card,Pickup
4549,811,2024-01-19,Completed,Card,Express
4550,570,2025-11-28,Completed,Card,Delivery
4551,3,2025-12-20,Completed,Card,Delivery
4552,799,2025-12-02,Completed,Card,Delivery
4553,41,2025-05-06,Completed,Card,Pickup
4554,57,2025-04-27,Cancelled,Card,Delivery
4555,231,2025-03-10,Pending,Bank Transfer,Pickup
4556,612,2025-01-23,Completed,Cash,Delivery
4557,301,2025-02-26,Completed,Card,Delivery
4558,69,2024-04-03,Completed,Card,Delivery
4559,481,2024-02-22,Completed,Digital Wallet,Delivery
4560,371,2024-01-29,Completed,Card,Delivery
4561,153,2024-12-22,Completed,Digital Wallet,Delivery
4562,781,2025-10-03,Completed,Cash,Delivery
4563,13,2025-11-21,Completed,Digital Wallet,Delivery
4564,640,2025-09-09,Completed,Digital Wallet,Delivery
4565,670,2025-11-10,Cancelled,Bank Transfer,Delivery
4566,889,2025-09-05,Completed,Digital Wallet,Pickup
4567,261,2024-06-20,Completed,Digital Wallet,Delivery
4568,697,2025-09-22,Completed,Bank Transfer,Delivery
4569,170,2024-02-27,Completed,Digital Wallet,Delivery
4570,358,2024-08-04,Completed,Card,Express
4571,806,2025-11-27,Cancelled,Card,Express
4572,193,2024-09-01,Completed,Cash,Pickup
4573,809,2025-03-09,Completed,Digital Wallet,Pickup
4574,790,2025-12-04,Completed,Digital Wallet,Delivery
4575,762,2025-11-23,Returned,Card,Pickup
4576,328,2024-12-17,Completed,Card,Pickup
4577,469,2024-11-04,Completed,Card,Pickup
4578,534,2024-11-01,Completed,Digital Wallet,Delivery
4579,81,2024-10-08,Completed,Card,Delivery
4580,217,2024-12-11,Completed,Cash,Delivery
4581,47,2025-11-21,Completed,Bank Transfer,Delivery
4582,28,2025-08-01,Completed,Digital Wallet,Delivery
4583,265,2025-01-17,Completed,Bank Transfer,Delivery
4584,452,2025-08-28,Completed,Card,Delivery
4585,986,2024-02-28,Returned,Bank Transfer,Pickup
4586,883,2024-03-13,Pending,Bank Transfer,Delivery
4587,435,2025-06-07,Completed,Bank Transfer,Delivery
4588,839,2024-06-18,Completed,Bank Transfer,Pickup
4589,422,2024-04-30,Completed,Cash,Delivery
4590,675,2025-04-09,Completed,Cash,Delivery
4591,710,2025-06-28,Completed,Card,Pickup
4592,152,2025-11-03,Cancelled,Bank Transfer,Delivery
4593,631,2025-05-22,Completed,Cash,Delivery
4594,872,2024-12-05,Completed,Cash,Pickup
4595,530,2025-05-10,Returned,Card,Pickup
4596,145,2024-03-06,Cancelled,Bank Transfer,Delivery
4597,700,2024-09-18,Completed,Bank Transfer,Delivery
4598,396,2024-01-06,Completed,Cash,Express
4599,982,2024-04-16,Completed,Bank Transfer,Delivery
4600,814,2024-07-03,Completed,Digital Wallet,Delivery
4601,188,2025-05-26,Completed,Card,Pickup
4602,353,2024-05-27,Completed,Cash,Delivery
4603,886,2025-03-14,Completed,Digital Wallet,Delivery
4604,555,2025-06-21,Completed,Digital Wallet,Delivery
4605,286,2024-12-03,Completed,Digital Wallet,Pickup
4606,990,2024-03-11,Completed,Card,Delivery
4607,626,2024-05-19,Completed,Cash,Delivery
4608,912,2024-01-04,Completed,Digital Wallet,Delivery
4609,465,2024-12-06,Completed,Card,Express
4610,596,2024-08-01,Completed,Cash,Delivery
4611,28,2024-04-23,Completed,Bank Transfer,Pickup
4612,541,2024-10-20,Completed,Digital Wallet,Delivery
4613,433,2025-11-16,Completed,Card,Express
4614,72,2025-01-03,Completed,Digital Wallet,Delivery
4615,136,2025-12-19,Returned,Card,Express
4616,831,2025-04-21,Completed,Digital Wallet,Delivery
4617,259,2025-06-14,Completed,Bank Transfer,Express
4618,105,2025-01-22,Completed,Cash,Delivery
4619,946,2024-11-02,Completed,Card,Delivery
4620,451,2025-11-22,Completed,Digital Wallet,Delivery
4621,424,2025-10-12,Completed,Bank Transfer,Delivery
4622,894,2024-12-26,Completed,Card,Pickup
4623,108,2024-05-13,Completed,Cash,Delivery
4624,15,2025-05-18,Completed,Cash,Delivery
4625,500,2025-07-06,Completed,Card,Express
4626,427,2024-03-20,Completed,Bank Transfer,Delivery
4627,883,2025-06-06,Completed,Digital Wallet,Delivery
4628,363,2025-03-19,Completed,Bank Transfer,Delivery
4629,953,2024-01-30,Completed,Cash,Delivery
4630,78,2024-06-24,Returned,Digital Wallet,Delivery
4631,43,2024-11-19,Cancelled,Bank Transfer,Delivery
4632,945,2025-09-12,Completed,Bank Transfer,Delivery
4633,514,2024-06-09,Pending,Bank Transfer,Delivery
4634,37,2024-12-02,Completed,Cash,Delivery
4635,226,2025-11-21,Completed,Digital Wallet,Delivery
4636,752,2024-06-20,Completed,Cash,Express
4637,213,2025-03-18,Returned,Digital Wallet,Express
4638,130,2025-03-29,Returned,Digital Wallet,Delivery
4639,140,2025-03-13,Returned,Bank Transfer,Delivery
4640,148,2025-06-25,Completed,Digital Wallet,Express
4641,740,2024-09-06,Completed,Digital Wallet,Delivery
4642,232,2024-10-02,Completed,Card,Express
4643,8,2025-02-20,Completed,Cash,Pickup
4644,273,2025-10-15,Completed,Bank Transfer,Delivery
4645,351,2025-03-11,Completed,Cash,Pickup
4646,872,2025-04-08,Completed,Card,Delivery
4647,339,2024-08-06,Completed,Bank Transfer,Pickup
4648,482,2024-08-11,Completed,Cash,Pickup
4649,226,2025-10-13,Completed,Cash,Delivery
4650,353,2025-04-03,Returned,Card,Delivery
4651,168,2024-09-17,Completed,Cash,Delivery
4652,346,2024-10-24,Returned,Cash,Express
4653,815,2025-04-05,Returned,Digital Wallet,Delivery
4654,301,2024-04-16,Completed,Digital Wallet,Express
4655,551,2024-03-11,Completed,Digital Wallet,Delivery
4656,885,2024-10-19,Completed,Digital Wallet,Delivery
4657,401,2024-12-17,Completed,Card,Delivery
4658,989,2024-10-12,Completed,Bank Transfer,Pickup
4659,442,2025-05-26,Completed,Cash,Delivery
4660,183,2025-09-30,Cancelled,Cash,Delivery
4661,617,2024-12-04,Completed,Digital Wallet,Express
4662,449,2024-01-30,Completed,Digital Wallet,Pickup
4663,245,2025-11-24,Completed,Bank Transfer,Delivery
4664,608,2025-11-24,Cancelled,Cash,Delivery
4665,33,2025-05-14,Completed,Bank Transfer,Delivery
4666,88,2024-05-11,Returned,Card,Delivery
4667,979,2024-09-07,Completed,Card,Delivery
4668,248,2025-05-31,Completed,Digital Wallet,Delivery
4669,230,2024-09-10,Completed,Card,Delivery
4670,909,2025-07-15,Completed,Card,Delivery
4671,690,2024-01-18,Returned,Bank Transfer,Pickup
4672,212,2025-04-13,Completed,Cash,Delivery
4673,470,2024-01-22,Completed,Digital Wallet,Delivery
4674,524,2025-04-16,Completed,Bank Transfer,Express
4675,375,2025-09-14,Completed,Bank Transfer,Delivery
4676,939,2025-08-18,Completed,Bank Transfer,Delivery
4677,507,2024-12-14,Completed,Bank Transfer,Express
4678,27,2024-12-16,Completed,Cash,Delivery
4679,397,2024-05-17,Completed,Card,Delivery
4680,308,2025-06-10,Completed,Bank Transfer,Pickup
4681,573,2024-08-17,Completed,Cash,Delivery
4682,135,2025-11-09,Returned,Cash,Pickup
4683,64,2025-04-09,Returned,Cash,Pickup
4684,77,2025-02-07,Completed,Card,Pickup
4685,625,2025-10-06,Completed,Card,Delivery
4686,930,2025-01-18,Completed,Bank Transfer,Delivery
4687,62,2024-07-28,Completed,Cash,Delivery
4688,395,2025-09-29,Cancelled,Digital Wallet,Delivery
4689,526,2025-07-14,Completed,Card,Delivery
4690,747,2025-01-06,Completed,Cash,Delivery
4691,960,2024-04-03,Completed,Bank Transfer,Pickup
4692,293,2024-01-10,Completed,Cash,Delivery
4693,792,2025-03-22,Completed,Card,Delivery
4694,93,2024-06-29,Completed,Card,Pickup
4695,923,2024-02-09,Completed,Cash,Delivery
4696,586,2024-11-20,Completed,Card,Pickup
4697,290,2025-05-04,Completed,Bank Transfer,Delivery
4698,820,2025-11-02,Completed,Cash,Delivery
4699,417,2024-01-09,Completed,Card,Express
4700,801,2024-04-26,Completed,Bank Transfer,Pickup
4701,748,2024-08-26,Completed,Bank Transfer,Delivery
4702,207,2024-08-07,Completed,Digital Wallet,Delivery
4703,914,2025-04-17,Completed,Digital Wallet,Delivery
4704,506,2024-09-01,Completed,Cash,Delivery
4705,120,2024-06-03,Completed,Cash,Delivery
4706,905,2025-12-13,Completed,Card,Express
4707,41,2024-04-04,Completed,Bank Transfer,Delivery
4708,167,2025-09-24,Completed,Card,Delivery
4709,661,2025-06-24,Completed,Digital Wallet,Delivery
4710,310,2025-01-04,Completed,Card,Pickup
4711,111,2025-11-23,Completed,Card,Delivery
4712,72,2025-11-17,Completed,Bank Transfer,Delivery
4713,576,2025-12-13,Completed,Digital Wallet,Express
4714,240,2025-03-17,Cancelled,Digital Wallet,Delivery
4715,308,2025-12-29,Cancelled,Card,Express
4716,88,2024-01-12,Cancelled,Cash,Delivery
4717,924,2025-07-30,Completed,Card,Pickup
4718,813,2025-05-05,Completed,Bank Transfer,Pickup
4719,31,2024-04-24,Completed,Cash,Pickup
4720,24,2024-09-11,Completed,Bank Transfer,Delivery
4721,441,2024-01-29,Pending,Card,Delivery
4722,532,2025-05-01,Completed,Bank Transfer,Delivery
4723,733,2025-05-22,Completed,Cash,Delivery
4724,881,2025-10-30,Completed,Cash,Delivery
4725,387,2024-08-01,Completed,Card,Pickup
4726,679,2025-05-24,Pending,Card,Delivery
4727,996,2025-11-18,Completed,Card,Delivery
4728,911,2025-12-07,Completed,Card,Express
4729,778,2025-08-10,Completed,Cash,Delivery
4730,409,2025-04-17,Completed,Bank Transfer,Delivery
4731,288,2025-02-16,Returned,Digital Wallet,Delivery
4732,620,2024-09-08,Cancelled,Cash,Express
4733,254,2024-08-11,Completed,Card,Delivery
4734,111,2025-11-28,Completed,Card,Pickup
4735,594,2025-05-22,Cancelled,Card,Delivery
4736,50,2025-07-26,Completed,Cash,Delivery
4737,306,2024-08-08,Cancelled,Digital Wallet,Delivery
4738,548,2025-05-17,Completed,Cash,Delivery
4739,667,2024-06-24,Completed,Bank Transfer,Delivery
4740,6,2025-08-14,Completed,Cash,Delivery
4741,911,2024-11-28,Returned,Cash,Delivery
4742,564,2024-12-11,Completed,Bank Transfer,Delivery
4743,892,2024-04-25,Completed,Card,Pickup
4744,978,2025-03-06,Completed,Cash,Express
4745,532,2024-06-18,Completed,Cash,Delivery
4746,556,2025-07-28,Returned,Digital Wallet,Delivery
4747,900,2025-07-30,Cancelled,Cash,Delivery
4748,247,2025-06-28,Completed,Bank Transfer,Delivery
4749,422,2024-09-18,Completed,Bank Transfer,Delivery
4750,921,2024-10-07,Completed,Digital Wallet,Express
4751,273,2024-04-10,Completed,Digital Wallet,Pickup
4752,134,2024-02-09,Completed,Card,Delivery
4753,354,2024-06-21,Completed,Digital Wallet,Delivery
4754,125,2024-09-23,Completed,Bank Transfer,Delivery
4755,106,2024-04-23,Completed,Bank Transfer,Delivery
4756,82,2025-01-13,Completed,Card,Pickup
4757,729,2024-08-07,Completed,Card,Delivery
4758,552,2025-01-25,Completed,Bank Transfer,Delivery
4759,32,2024-07-22,Cancelled,Card,Delivery
4760,623,2024-06-19,Completed,Card,Pickup
4761,350,2024-12-13,Completed,Bank Transfer,Delivery
4762,360,2024-09-21,Completed,Digital Wallet,Delivery
4763,253,2025-01-23,Completed,Bank Transfer,Express
4764,966,2024-08-25,Completed,Card,Express
4765,827,2024-01-28,Completed,Bank Transfer,Delivery
4766,323,2024-10-14,Pending,Bank Transfer,Delivery
4767,807,2025-03-10,Completed,Cash,Express
4768,872,2024-03-29,Completed,Digital Wallet,Delivery
4769,141,2024-06-04,Completed,Cash,Express
4770,992,2025-06-19,Completed,Digital Wallet,Express
4771,704,2024-05-08,Completed,Digital Wallet,Pickup
4772,823,2024-07-31,Completed,Cash,Delivery
4773,674,2024-02-26,Returned,Bank Transfer,Pickup
4774,647,2025-04-06,Completed,Cash,Delivery
4775,800,2025-09-11,Completed,Digital Wallet,Delivery
4776,929,2025-01-04,Completed,Card,Delivery
4777,422,2025-12-10,Completed,Card,Delivery
4778,836,2025-06-24,Completed,Bank Transfer,Delivery
4779,764,2025-04-30,Completed,Card,Delivery
4780,431,2024-06-25,Completed,Bank Transfer,Pickup
4781,591,2024-12-09,Cancelled,Card,Delivery
4782,186,2025-08-31,Pending,Bank Transfer,Delivery
4783,767,2025-01-31,Completed,Bank Transfer,Delivery
4784,856,2024-03-27,Pending,Digital Wallet,Pickup
4785,715,2024-12-28,Cancelled,Cash,Delivery
4786,173,2025-05-27,Completed,Card,Delivery
4787,991,2024-03-09,Completed,Digital Wallet,Delivery
4788,314,2025-04-17,Completed,Bank Transfer,Delivery
4789,327,2025-08-22,Completed,Bank Transfer,Delivery
4790,836,2025-02-23,Completed,Cash,Pickup
4791,433,2024-10-12,Returned,Digital Wallet,Pickup
4792,704,2025-11-30,Cancelled,Card,Delivery
4793,14,2025-04-21,Completed,Card,Delivery
4794,730,2025-09-29,Completed,Bank Transfer,Delivery
4795,975,2024-03-17,Completed,Cash,Delivery
4796,278,2025-08-02,Completed,Bank Transfer,Delivery
4797,944,2024-10-22,Completed,Cash,Delivery
4798,360,2024-06-02,Completed,Cash,Delivery
4799,495,2024-06-22,Completed,Digital Wallet,Pickup
4800,881,2025-02-19,Completed,Card,Delivery
4801,50,2024-05-21,Completed,Bank Transfer,Delivery
4802,653,2025-04-12,Pending,Digital Wallet,Delivery
4803,85,2024-12-15,Completed,Cash,Pickup
4804,747,2024-03-07,Cancelled,Digital Wallet,Express
4805,692,2025-06-18,Completed,Bank Transfer,Delivery
4806,739,2024-01-03,Completed,Card,Delivery
4807,427,2024-05-02,Completed,Digital Wallet,Delivery
4808,391,2025-12-30,Completed,Card,Express
4809,877,2025-05-31,Completed,Digital Wallet,Delivery
4810,311,2024-06-25,Completed,Bank Transfer,Pickup
4811,502,2024-08-05,Pending,Bank Transfer,Express
4812,190,2024-09-03,Completed,Digital Wallet,Express
4813,573,2025-11-21,Cancelled,Digital Wallet,Delivery
4814,58,2025-04-25,Completed,Card,Delivery
4815,349,2024-09-05,Completed,Card,Delivery
4816,769,2025-10-27,Completed,Card,Delivery
4817,168,2024-06-18,Completed,Card,Delivery
4818,682,2025-02-19,Completed,Card,Delivery
4819,441,2025-01-04,Returned,Cash,Delivery
4820,221,2025-08-07,Completed,Bank Transfer,Delivery
4821,420,2024-11-10,Completed,Cash,Express
4822,787,2024-01-02,Cancelled,Cash,Delivery
4823,763,2025-04-28,Completed,Card,Delivery
4824,831,2024-09-08,Completed,Card,Delivery
4825,525,2025-03-02,Returned,Digital Wallet,Pickup
4826,962,2025-08-16,Completed,Card,Delivery
4827,861,2025-12-24,Completed,Cash,Delivery
4828,278,2025-08-31,Completed,Digital Wallet,Delivery
4829,312,2025-07-07,Completed,Digital Wallet,Express
4830,181,2025-09-22,Completed,Card,Pickup
4831,818,2024-10-20,Completed,Bank Transfer,Pickup
4832,405,2024-11-20,Completed,Digital Wallet,Delivery
4833,370,2025-11-24,Completed,Cash,Delivery
4834,458,2025-08-23,Completed,Digital Wallet,Delivery
4835,4,2024-02-11,Completed,Bank Transfer,Pickup
4836,773,2024-06-01,Completed,Digital Wallet,Express
4837,407,2025-09-18,Pending,Cash,Delivery
4838,129,2025-02-02,Completed,Bank Transfer,Delivery
4839,976,2025-01-15,Pending,Cash,Delivery
4840,627,2024-02-03,Pending,Digital Wallet,Pickup
4841,840,2024-09-21,Completed,Card,Pickup
4842,233,2024-12-09,Completed,Bank Transfer,Delivery
4843,153,2024-10-05,Completed,Digital Wallet,Delivery
4844,129,2024-12-16,Completed,Cash,Delivery
4845,649,2025-08-11,Completed,Card,Delivery
4846,818,2025-01-01,Cancelled,Cash,Delivery
4847,947,2025-02-21,Completed,Cash,Delivery
4848,505,2025-03-20,Completed,Bank Transfer,Delivery
4849,546,2024-12-29,Completed,Cash,Pickup
4850,790,2025-06-16,Completed,Cash,Pickup
4851,853,2024-08-12,Completed,Cash,Delivery
4852,769,2025-08-16,Completed,Card,Delivery
4853,235,2025-04-27,Cancelled,Card,Delivery
4854,710,2025-08-21,Completed,Cash,Delivery
4855,918,2024-02-04,Completed,Digital Wallet,Delivery
4856,203,2024-07-14,Completed,Cash,Delivery
4857,648,2025-10-03,Completed,Cash,Delivery
4858,376,2025-02-12,Completed,Card,Delivery
4859,662,2025-05-13,Returned,Card,Delivery
4860,225,2025-03-26,Completed,Bank Transfer,Pickup
4861,704,2025-11-24,Completed,Digital Wallet,Delivery
4862,395,2025-07-07,Completed,Digital Wallet,Delivery
4863,865,2025-12-23,Completed,Bank Transfer,Pickup
4864,708,2024-05-27,Completed,Digital Wallet,Delivery
4865,553,2024-08-15,Completed,Cash,Delivery
4866,31,2024-11-26,Completed,Cash,Delivery
4867,462,2024-07-21,Completed,Digital Wallet,Delivery
4868,372,2025-09-23,Completed,Cash,Delivery
4869,570,2024-08-06,Completed,Card,Delivery
4870,468,2025-09-20,Returned,Digital Wallet,Express
4871,694,2025-11-19,Completed,Cash,Delivery
4872,83,2025-12-11,Completed,Cash,Delivery
4873,609,2025-06-06,Completed,Digital Wallet,Express
4874,818,2025-01-06,Completed,Card,Delivery
4875,12,2025-02-09,Completed,Digital Wallet,Delivery
4876,786,2024-02-07,Completed,Digital Wallet,Delivery
4877,305,2025-05-21,Completed,Card,Pickup
4878,849,2025-08-04,Completed,Digital Wallet,Delivery
4879,573,2025-08-20,Completed,Card,Pickup
4880,1,2024-08-24,Completed,Cash,Delivery
4881,878,2025-04-25,Completed,Cash,Delivery
4882,361,2025-08-02,Completed,Cash,Express
4883,453,2024-10-29,Completed,Digital Wallet,Delivery
4884,619,2024-09-20,Completed,Bank Transfer,Delivery
4885,570,2025-07-30,Completed,Bank Transfer,Delivery
4886,446,2025-11-09,Completed,Cash,Delivery
4887,60,2025-06-09,Completed,Card,Delivery
4888,757,2024-04-03,Completed,Cash,Pickup
4889,968,2025-04-23,Returned,Digital Wallet,Delivery
4890,227,2025-11-30,Completed,Cash,Delivery
4891,400,2025-11-03,Completed,Cash,Pickup
4892,847,2024-07-09,Completed,Cash,Delivery
4893,518,2025-04-07,Completed,Cash,Delivery
4894,67,2025-03-12,Completed,Card,Pickup
4895,595,2024-05-06,Completed,Card,Delivery
4896,532,2025-03-17,Completed,Card,Pickup
4897,213,2024-06-06,Completed,Bank Transfer,Express
4898,459,2025-07-25,Cancelled,Cash,Delivery
4899,527,2024-12-31,Completed,Bank Transfer,Delivery
4900,442,2024-02-29,Completed,Card,Delivery
4901,508,2024-04-09,Returned,Bank Transfer,Express
4902,790,2025-12-25,Completed,Bank Transfer,Delivery
4903,573,2024-04-20,Completed,Bank Transfer,Pickup
4904,835,2024-09-09,Completed,Digital Wallet,Delivery
4905,589,2024-11-03,Completed,Digital Wallet,Pickup
4906,706,2024-08-27,Completed,Card,Pickup
4907,806,2025-12-29,Completed,Card,Delivery
4908,399,2025-03-23,Completed,Card,Delivery
4909,454,2025-07-09,Completed,Bank Transfer,Pickup
4910,454,2024-04-02,Completed,Cash,Express
4911,281,2024-09-08,Completed,Bank Transfer,Delivery
4912,840,2025-02-16,Completed,Cash,Delivery
4913,405,2024-06-10,Completed,Card,Delivery
4914,47,2025-06-07,Cancelled,Digital Wallet,Delivery
4915,822,2025-09-14,Pending,Cash,Delivery
4916,228,2024-11-01,Completed,Cash,Delivery
4917,542,2025-02-19,Completed,Cash,Express
4918,192,2024-04-14,Completed,Digital Wallet,Delivery
4919,241,2025-05-31,Completed,Card,Delivery
4920,47,2024-08-02,Completed,Bank Transfer,Delivery
4921,298,2025-01-25,Completed,Bank Transfer,Delivery
4922,61,2024-08-05,Completed,Bank Transfer,Delivery
4923,471,2025-03-16,Completed,Card,Delivery
4924,903,2024-03-24,Completed,Cash,Delivery
4925,832,2024-12-12,Completed,Cash,Pickup
4926,836,2025-11-27,Completed,Bank Transfer,Express
4927,565,2025-02-22,Completed,Card,Delivery
4928,925,2025-10-16,Completed,Bank Transfer,Delivery
4929,534,2025-09-08,Completed,Cash,Delivery
4930,866,2025-07-10,Completed,Digital Wallet,Delivery
4931,835,2024-08-16,Completed,Bank Transfer,Pickup
4932,785,2024-01-27,Completed,Bank Transfer,Pickup
4933,494,2024-07-16,Completed,Card,Delivery
4934,897,2024-02-01,Completed,Bank Transfer,Pickup
4935,877,2025-04-21,Completed,Card,Express
4936,573,2024-02-26,Completed,Card,Delivery
4937,623,2025-08-04,Completed,Card,Delivery
4938,411,2025-10-02,Completed,Bank Transfer,Delivery
4939,365,2024-12-10,Completed,Card,Delivery
4940,758,2025-08-30,Completed,Digital Wallet,Delivery
4941,84,2025-05-28,Completed,Digital Wallet,Delivery
4942,8,2025-07-03,Completed,Bank Transfer,Delivery
4943,152,2025-09-03,Cancelled,Cash,Pickup
4944,971,2025-07-25,Returned,Bank Transfer,Delivery
4945,941,2025-12-19,Completed,Digital Wallet,Delivery
4946,986,2025-08-28,Completed,Cash,Delivery
4947,200,2024-10-13,Completed,Cash,Express
4948,44,2025-07-30,Cancelled,Bank Transfer,Delivery
4949,54,2024-08-06,Completed,Card,Express
4950,483,2025-05-22,Completed,Bank Transfer,Delivery
4951,734,2025-04-04,Completed,Card,Delivery
4952,109,2024-03-10,Completed,Cash,Express
4953,808,2024-05-14,Completed,Cash,Express
4954,398,2025-08-29,Pending,Bank Transfer,Express
4955,440,2024-11-21,Completed,Card,Delivery
4956,121,2025-07-21,Completed,Card,Delivery
4957,921,2024-05-04,Completed,Cash,Pickup
4958,728,2025-10-22,Completed,Cash,Delivery
4959,187,2024-11-28,Completed,Digital Wallet,Delivery
4960,938,2024-05-18,Completed,Cash,Delivery
4961,810,2024-10-18,Completed,Bank Transfer,Delivery
4962,569,2025-11-04,Completed,Card,Pickup
4963,903,2025-08-19,Completed,Card,Delivery
4964,415,2025-07-14,Completed,Bank Transfer,Delivery
4965,353,2024-06-16,Completed,Cash,Pickup
4966,863,2024-08-10,Completed,Card,Delivery
4967,415,2024-10-07,Completed,Card,Delivery
4968,766,2025-02-20,Cancelled,Card,Delivery
4969,512,2024-04-14,Completed,Cash,Delivery
4970,578,2024-11-29,Completed,Bank Transfer,Delivery
4971,414,2024-01-12,Completed,Bank Transfer,Pickup
4972,934,2025-05-28,Completed,Cash,Delivery
4973,468,2024-09-25,Completed,Digital Wallet,Delivery
4974,226,2025-12-01,Completed,Bank Transfer,Delivery
4975,42,2025-05-13,Completed,Bank Transfer,Delivery
4976,147,2025-11-12,Completed,Card,Delivery
4977,368,2025-04-10,Returned,Digital Wallet,Express
4978,184,2024-11-19,Cancelled,Bank Transfer,Delivery
4979,771,2025-02-03,Completed,Bank Transfer,Delivery
4980,99,2025-02-04,Returned,Bank Transfer,Delivery
4981,538,2025-10-07,Completed,Digital Wallet,Express
4982,689,2025-12-30,Completed,Bank Transfer,Delivery
4983,15,2024-05-17,Pending,Digital Wallet,Delivery
4984,826,2025-04-01,Pending,Card,Delivery
4985,400,2025-01-31,Completed,Digital Wallet,Delivery
4986,787,2024-07-13,Completed,Cash,Delivery
4987,964,2025-02-13,Cancelled,Digital Wallet,Delivery
4988,48,2024-05-07,Completed,Digital Wallet,Delivery
4989,510,2025-05-17,Cancelled,Bank Transfer,Delivery
4990,65,2025-01-07,Cancelled,Digital Wallet,Express
4991,212,2024-03-29,Completed,Cash,Delivery
4992,281,2024-07-02,Pending,Bank Transfer,Delivery
4993,848,2025-02-03,Cancelled,Card,Delivery
4994,764,2025-06-19,Cancelled,Bank Transfer,Delivery
4995,900,2024-03-05,Completed,Card,Delivery
4996,870,2024-02-27,Completed,Cash,Delivery
4997,369,2024-08-21,Completed,Card,Delivery
4998,122,2025-06-11,Completed,Digital Wallet,Delivery
4999,628,2025-09-30,Completed,Cash,Delivery
5000,130,2025-12-29,Completed,Card,Pickup
